"Brand","Part Name","SKU","Description","Price","Correlated/Linked Tool Schematic Diagram","Schematic Diagram Label ID (Hotspots call out label on corresponding schematic diagram image)","Image/s urls"
"TapeTech","Tapetech 050003 - Control Valve Wiper","050003","","N/A","07TT","050003","https://cdn11.bigcommerce.com/s-dbb3r9a7se/images/stencil/1280w/products/559/2258/httpwww.alstapingtools.comimagesproductsdetail050003__76156.1675191910.jpg | https://cdn11.bigcommerce.com/s-dbb3r9a7se/stencil/382d9e80-277d-013e-e48e-4a4f5670f649/e/04e821c0-e5dd-013e-f544-2ec1a3f21564/img/loading.svg"
"TapeTech","Wiper Retainer - 050004","050004","","N/A","07TT","050004","https://cdn11.bigcommerce.com/s-dbb3r9a7se/images/stencil/1280w/products/949/1246/httpwww.alstapingtools.comimagesproductsdetail050004__29274.1675191896.jpg | https://cdn11.bigcommerce.com/s-dbb3r9a7se/stencil/382d9e80-277d-013e-e48e-4a4f5670f649/e/04e821c0-e5dd-013e-f544-2ec1a3f21564/img/loading.svg"
"TapeTech","Collar Bushing - 050017","050017","","N/A","07TT","050017","https://cdn11.bigcommerce.com/s-dbb3r9a7se/images/stencil/1280w/products/441/1556/httpwww.alstapingtools.comimagesproductsdetail050017.1__88981.1675191900.jpg | https://cdn11.bigcommerce.com/s-dbb3r9a7se/stencil/382d9e80-277d-013e-e48e-4a4f5670f649/e/04e821c0-e5dd-013e-f544-2ec1a3f21564/img/loading.svg"
"TapeTech","Disengaging Cam - 050019","050019","","N/A","07TT","050019","https://cdn11.bigcommerce.com/s-dbb3r9a7se/images/stencil/1280w/products/961/3031/httpwww.alstapingtools.comimagesproductsdetail050019__59927.1675191921.jpg | https://cdn11.bigcommerce.com/s-dbb3r9a7se/stencil/382d9e80-277d-013e-e48e-4a4f5670f649/e/04e821c0-e5dd-013e-f544-2ec1a3f21564/img/loading.svg"
"TapeTech","TapeTech Spacer Bar - 050023","050023F","","N/A","07TT","050023F","https://cdn11.bigcommerce.com/s-dbb3r9a7se/images/stencil/1280w/products/3609/682/httpwww.alstapingtools.comimagesproductsdetail050023f__06773.1675191888.jpg"
"TapeTech","Needle Holder Lock - 050027","050027","Sold As Part Of: Kit 200","N/A","07TT; T05CF","050027","https://cdn11.bigcommerce.com/s-dbb3r9a7se/images/stencil/1280w/products/360/788/httpwww.alstapingtools.comimagesproductsdetail050027__38045.1675191889.jpg | https://cdn11.bigcommerce.com/s-dbb3r9a7se/stencil/382d9e80-277d-013e-e48e-4a4f5670f649/e/04e821c0-e5dd-013e-f544-2ec1a3f21564/img/loading.svg"
"TapeTech","113 - Magnet","050030","Sold As Part Of: Kit 200","N/A","07TT","050030","https://cdn11.bigcommerce.com/s-dbb3r9a7se/images/stencil/1280w/products/1532/1181/050030_1__82209.1675191895.jpg | https://cdn11.bigcommerce.com/s-dbb3r9a7se/stencil/382d9e80-277d-013e-e48e-4a4f5670f649/e/04e821c0-e5dd-013e-f544-2ec1a3f21564/img/loading.svg"
"TapeTech","Disengaging Rod - 050034","050034F","","N/A","07TT","050034F","https://cdn11.bigcommerce.com/s-dbb3r9a7se/images/stencil/1280w/products/3038/3049/050034f__46193.1675191921.jpg"
"TapeTech","Disengaging Rod Bearing - 050041","050041F","","N/A","07TT","050041F","https://cdn11.bigcommerce.com/s-dbb3r9a7se/images/stencil/1280w/products/3251/2487/httpwww.alstapingtools.comimagesproductsdetail050041f__43533.1675191913.jpg"
"TapeTech","Anvil - 050043F","050043F","","N/A","07TT; T05CF","050043F","https://cdn11.bigcommerce.com/s-dbb3r9a7se/images/stencil/1280w/products/3274/3761/httpwww.alstapingtools.comimagesproductsdetail050043f__99921.1675191931.jpg"
"TapeTech","Chain Roller Support (Right) - 050046","050046","CHAIN ROLLER SUPPORT (RIGHT) FOR AUTOMATIC TAPER","N/A","07TT","050046","https://cdn11.bigcommerce.com/s-dbb3r9a7se/images/stencil/1280w/products/1824/3278/httpwww.alstapingtools.comimagesproductsdetail050046__87313.1675191924.jpg"
"TapeTech","Needle Holder - 050050","050050F","NEEDLE HOLDER FOR AUTOMATIC TAPER; Sold As Part Of: Kit 200","N/A","07TT","050050F","https://cdn11.bigcommerce.com/s-dbb3r9a7se/images/stencil/1280w/products/3332/4897/httpwww.alstapingtools.comimagesproductsdetail050050f__61499.1675191947.jpg"
"TapeTech","Gooser Cam Release - 050053","050053","Gooser Cam Release for Automatic Taper","N/A","07TT","050053","https://cdn11.bigcommerce.com/s-dbb3r9a7se/images/stencil/1280w/products/1961/3532/httpwww.alstapingtools.comimagesproductsdetail050053__04443.1675191928.jpg"
"TapeTech","Control Valve - 050058","050058","TAPETECH CONTROL VALVE #050058","N/A","07TT","050058","https://cdn11.bigcommerce.com/s-dbb3r9a7se/images/stencil/1280w/products/3043/2668/httpwww.alstapingtools.comimagesproductsdetail050058__92642.1675191916.jpg"
"TapeTech","Cut Off Spring Cover - 050063","050063","","N/A","07TT","050063","https://cdn11.bigcommerce.com/s-dbb3r9a7se/images/stencil/1280w/products/1293/5633/050063__57285.1675191965.jpg"
"TapeTech","Gooser & Cutter Chain Stop - 050068","050068","GOOSER AND CUTTER CHAIN STOP FOR AUTOMATIC TAPER","N/A","07TT; T05CF","050068","https://cdn11.bigcommerce.com/s-dbb3r9a7se/images/stencil/1280w/products/2930/1974/httpwww.alstapingtools.comimagesproductsdetail050068__85605.1675191906.jpg"
"TapeTech","Creaser Wheel Axle - 050070","050070F","050070 Creaser Wheel Axle for TapeTech Taper","N/A","07TT; T05CF","050070F","https://cdn11.bigcommerce.com/s-dbb3r9a7se/images/stencil/1280w/products/3430/4813/httpwww.alstapingtools.comimagesproductsdetail050070f__93725.1675191946.jpg"
"TapeTech","Front Support - 050071","050071F","","N/A","07TT","050071F","https://cdn11.bigcommerce.com/s-dbb3r9a7se/images/stencil/1280w/products/3466/1944/httpwww.alstapingtools.comimagesproductsdetail050071f__88921.1675191905.jpg"
"TapeTech","Rear Support - 050072","050072F","","N/A","07TT","050072F","https://cdn11.bigcommerce.com/s-dbb3r9a7se/images/stencil/1280w/products/3485/3075/httpwww.alstapingtools.comimagesproductsdetail050072f__68386.1675191922.jpg"
"TapeTech","Automatic Taper Creaser Wheel - 050073","050073","Automatic Taper Creaser Wheel #050073 fits TapeTech, NorthStar, Concorde and Drywall Master.","N/A","07TT","050073","https://cdn11.bigcommerce.com/s-dbb3r9a7se/images/stencil/1280w/products/2549/2090/httpwww.alstapingtools.comimagesproductsdetail050073__03232.1675191908.jpg"
"TapeTech","Creaser Crank - 050079","050079","CREASER CRANK FOR AUTOMATIC TAPER","N/A","07TT","050079","https://cdn11.bigcommerce.com/s-dbb3r9a7se/images/stencil/1280w/products/2315/1571/httpwww.alstapingtools.comimagesproductsdetail050079__92327.1675191900.jpg"
"TapeTech","Screw Block - 050080","050080F","SCREW BLOCK FOR AUTOMATIC TAPER","N/A","07TT","050080F","https://cdn11.bigcommerce.com/s-dbb3r9a7se/images/stencil/1280w/products/3537/4312/httpwww.alstapingtools.comimagesproductsdetail050080f__18337.1675191939.jpg"
"TapeTech","Creaser Return Spring - 050081","050081F","Creaser return spring for Automatic Taper.","N/A","07TT","050081F","https://cdn11.bigcommerce.com/s-dbb3r9a7se/images/stencil/1280w/products/2409/2914/httpwww.alstapingtools.comimagesproductsdetail050081f__67319.1675191919.jpg"
"TapeTech","Cable Drum - 050083F","050083F","CABLE DRUM (W/ 059014)","N/A","07TT","050083F","https://cdn11.bigcommerce.com/s-dbb3r9a7se/images/stencil/1280w/products/2551/2406/050083f_1__84333.1675191912.jpg"
"TapeTech","Head Bushing - 050086","050086F","","N/A","07TT","050086F","https://cdn11.bigcommerce.com/s-dbb3r9a7se/images/stencil/1280w/products/753/4568/050086f__30698.1675191942.jpg | https://cdn11.bigcommerce.com/s-dbb3r9a7se/stencil/382d9e80-277d-013e-e48e-4a4f5670f649/e/04e821c0-e5dd-013e-f544-2ec1a3f21564/img/loading.svg"
"TapeTech","Tape Guide Spacer Bar - 050090","050090F","TAPE GUIDE SPACE BAR FOR AUTOMATIC TAPER","N/A","07TT","050090F","https://cdn11.bigcommerce.com/s-dbb3r9a7se/images/stencil/1280w/products/2864/3250/httpwww.alstapingtools.comimagesproductsdetail050090f__23283.1675191924.jpg"
"TapeTech","Taper Wheel - 050093","050093F","DRIVE WHEEL, TAPER FOR AUTOMATIC TAPER","N/A","07TT","050093F","https://cdn11.bigcommerce.com/s-dbb3r9a7se/images/stencil/1280w/products/2991/4626/httpwww.alstapingtools.comimagesproductsdetail050093f__81428.1675191943.jpg"
"TapeTech","Taper Wheel Spool - 050094","050094F","WHEEL SPOOL, TAPER FOR AUTOMATIC TAPER","N/A","07TT","050094F","https://cdn11.bigcommerce.com/s-dbb3r9a7se/images/stencil/1280w/products/3146/4102/050094f_1__61980.1675191936.jpg"
"TapeTech","Head Bushing - 050099","050099F","050099 Head Bushing for automatic taper.","N/A","07TT","050099F","https://cdn11.bigcommerce.com/s-dbb3r9a7se/images/stencil/1280w/products/2682/2559/httpwww.alstapingtools.comimagesproductsdetail050099f__11948.1675191914.jpg"
"TapeTech","Drive Hub - 050109","050109F","050109 - Drive Hub for Automatic Taper","N/A","07TT","050109F","https://cdn11.bigcommerce.com/s-dbb3r9a7se/images/stencil/1280w/products/3253/1359/httpwww.alstapingtools.comimagesproductsdetail050109f__64186.1675191897.jpg"
"TapeTech","Cutter Block Tube - 050113F","050113F","Cutter Block Tube #050113F","N/A","07TT; T05CF","050113F","https://cdn11.bigcommerce.com/s-dbb3r9a7se/images/stencil/1280w/products/3099/3118/httpwww.alstapingtools.comimagesproductsdetail050113f__71146.1675191922.jpg"
"TapeTech","Drive Dog Spring - 050115F","050115F","DRIVE DOG SPRING FOR AUTOMATIC TAPER; Sold As Part Of: Kit 215","N/A","07TT","050115F","https://cdn11.bigcommerce.com/s-dbb3r9a7se/images/stencil/1280w/products/3140/2427/httpwww.alstapingtools.comimagesproductsdetail050115f__09310.1675191913.jpg"
"TapeTech","Cam - 050123","050123","","N/A","07TT","050123","https://cdn11.bigcommerce.com/s-dbb3r9a7se/images/stencil/1280w/products/1815/2710/httpwww.alstapingtools.comimagesproductsdetail050123__31646.1675191916.jpg"
"TapeTech","Chain Roller Bushing - 050128","050128F","Chain Roller Bushing for Automatic Taper","N/A","07TT; T05CF","050128F","https://cdn11.bigcommerce.com/s-dbb3r9a7se/images/stencil/1280w/products/3355/1400/httpwww.alstapingtools.comimagesproductsdetail050128f__56166.1675191898.jpg"
"TapeTech","Cut Off Spring - 050132","050132F","The Cut Off Spring for Automatic Taper is an essential component for any professional drywall taper. This high-quality replacement spring is designed to ensure your automatic taper's smooth and consistent operation, allowing you to work quickly and efficiently. Constructed from durable materials, the Cut-Off Spring is built to withstand the wear and tear of daily use. It is easy to install and is compatible with most major brands of automatic tapers, making it a versatile and reliable choice for professionals. With the Cut Off Spring, you can achieve clean, precise cuts every time, helping you to achieve a professional finish on every job. Its precise engineering ensures the spring is optimally tensioned to ensure consistent operation, reducing the risk of jams or other issues.; Sold As Part Of: Kit 340","N/A","07TT","050132F","https://cdn11.bigcommerce.com/s-dbb3r9a7se/images/stencil/1280w/products/3381/1275/httpwww.alstapingtools.comimagesproductsdetail050132f__29155.1675191896.jpg"
"TapeTech","Chain Roller - 050134","050134","Replacement Chain Roller for TapeTech Automatic Drywall Tapers.  Fits almost all other brands of atuomatic tapers.","N/A","07TT; T05CF","050134","https://cdn11.bigcommerce.com/s-dbb3r9a7se/images/stencil/1280w/products/1913/1123/httpwww.alstapingtools.comimagesproductsdetail050134__09858.1675191894.jpg"
"TapeTech","3-48 Special Tie Rod - 050140F","050140F","","N/A","07TT","050140F","https://cdn11.bigcommerce.com/s-dbb3r9a7se/images/stencil/1280w/products/2822/816/050140f_1__60635.1675191890.jpg"
"TapeTech","Chain Roller Support (Left) - 050141","050141","CHAIN ROLLER SUPPORT (LEFT) #050141","N/A","07TT","050141","https://cdn11.bigcommerce.com/s-dbb3r9a7se/images/stencil/1280w/products/2550/2595/httpwww.alstapingtools.comimagesproductsdetail050141__50464.1675191915.jpg"
"TapeTech","Cutter Chain Tube Link - 050144","050144F","CUTTER CHAIN TUBE LINK FOR AUTOMATIC TAPER","N/A","07TT","050144F","https://cdn11.bigcommerce.com/s-dbb3r9a7se/images/stencil/1280w/products/3567/967/httpwww.alstapingtools.comimagesproductsdetail050144f__76144.1675191892.jpg"
"TapeTech","Taper Creaser Chain - 050145","050145","050145 - TapeTech Taper Replacement Creaser Chain","N/A","07TT","050145","https://cdn11.bigcommerce.com/s-dbb3r9a7se/images/stencil/1280w/products/2027/2444/httpwww.alstapingtools.comimagesproductsdetail050145__55806.1675191913.jpg"
"TapeTech","Hub - 050150","050150F","Hub for TapeTech & Drywall Master toothed wheel axle on the Automatic Taper.","N/A","07TT","050150F","https://cdn11.bigcommerce.com/s-dbb3r9a7se/images/stencil/1280w/products/3580/3284/httpwww.alstapingtools.comimagesproductsdetail050150f__78283.1675191924.jpg"
"TapeTech","Bearing Bracket - 050154","050154","BRACKET, BEARING FOR AUTOMATIC TAPER","N/A","07TT","050154","https://cdn11.bigcommerce.com/s-dbb3r9a7se/images/stencil/1280w/products/1888/3591/httpwww.alstapingtools.comimagesproductsdetail050154__70585.1675191929.jpg"
"TapeTech","Main Chain Guard - 050163","050163","Main Chain Guard for Automatic Taper TapeTech Part #050163","N/A","07TT","050163","https://cdn11.bigcommerce.com/s-dbb3r9a7se/images/stencil/1280w/products/2499/1587/httpwww.alstapingtools.comimagesproductsdetail050163__56350.1675191900.jpg"
"TapeTech","Plastic Plunger - 050200","050200","Plastic Plunger fits: TapeTech- part # 050200 Drywall Master- part # T-103 Northstar Concorde Blue Line; Sold As Part Of: Kit 335","N/A","07TT","050200","https://cdn11.bigcommerce.com/s-dbb3r9a7se/images/stencil/1280w/products/1980/3099/httpwww.alstapingtools.comimagesproductsdetail050200__58357.1675191922.jpg"
"TapeTech","Plunger Cup - 050203","050203","Fits the following Automatic Tapers: TapeTech Columbia Drywall Master Northstar Blue Line; Sold As Part Of: Kit 335","N/A","07TT","050203","https://cdn11.bigcommerce.com/s-dbb3r9a7se/images/stencil/1280w/products/2165/3582/httpwww.alstapingtools.comimagesproductsdetail050203__80442.1675191929.jpg"
"TapeTech","Plunger Cup Washer - 050204","050204","Sold As Part Of: Kit 335","N/A","07TT","050204","https://cdn11.bigcommerce.com/s-dbb3r9a7se/images/stencil/1280w/products/2494/2862/httpwww.alstapingtools.comimagesproductsdetail050204__28825.1675191919.jpg"
"TapeTech","Hex Head Cup Bolt (Special) - 050205","050205","050205 - Hex Head Cup Bolt (Special) is used to connect the cable the the plunger assemble on the Automatic Taper.; Sold As Part Of: Kit 335","N/A","07TT","050205","https://cdn11.bigcommerce.com/s-dbb3r9a7se/images/stencil/1280w/products/2257/2718/050205__10123.1675191917.jpg"
"TapeTech","Lock Block (5-40) - 050212","050212F","TapeTech Replacement Lock Block (5-40) #050212","N/A","07TT","050212F","https://cdn11.bigcommerce.com/s-dbb3r9a7se/images/stencil/1280w/products/3296/4471/httpwww.alstapingtools.comimagesproductsdetail050212f__92259.1675191941.jpg"
"TapeTech","Band - 050229","050229","","N/A","07TT","050229","https://cdn11.bigcommerce.com/s-dbb3r9a7se/images/stencil/1280w/products/272/4200/050229__02194.1675191937.jpg"
"TapeTech","Tape Spool - 050244","050244","050244 -Tape Spool","N/A","07TT; T05CF","050244","https://cdn11.bigcommerce.com/s-dbb3r9a7se/images/stencil/1280w/products/1996/1968/httpwww.alstapingtools.comimagesproductsdetail050244__81513.1675191906.jpg"
"TapeTech","Creaser Connector - 050249","050249","TapeTech Creaser Connector #050249.  This is the strap that runs the length of the taper tube and conects the creaser trigger to the corner creaser.","N/A","07TT","050249","https://cdn11.bigcommerce.com/s-dbb3r9a7se/images/stencil/1280w/products/1745/2552/httpwww.alstapingtools.comimagesproductsdetail050249.1__14085.1675191914.jpg"
"TapeTech","Band Clamp - 050402B","050402B","","N/A","07TT","050402B","https://cdn11.bigcommerce.com/s-dbb3r9a7se/images/stencil/1280w/products/928/3392/httpwww.alstapingtools.comimagesproductsdetail050402b__57987.1675191926.jpg | https://cdn11.bigcommerce.com/s-dbb3r9a7se/stencil/382d9e80-277d-013e-e48e-4a4f5670f649/e/04e821c0-e5dd-013e-f544-2ec1a3f21564/img/loading.svg"
"TapeTech","Keeper Axle - 050405B","050405B","","N/A","07TT; T05CF","050405B","https://cdn11.bigcommerce.com/s-dbb3r9a7se/images/stencil/1280w/products/241/5379/050405b__23133.1675191958.jpg | https://cdn11.bigcommerce.com/s-dbb3r9a7se/stencil/382d9e80-277d-013e-e48e-4a4f5670f649/e/04e821c0-e5dd-013e-f544-2ec1a3f21564/img/loading.svg"
"TapeTech","Control Tube Flange - 050410B","050410B","","N/A","07TT","050410B","https://cdn11.bigcommerce.com/s-dbb3r9a7se/images/stencil/1280w/products/1674/4134/050410b__77655.1675191936.jpg"
"TapeTech","Wheel Keeper Wireform - 050412","050412","","N/A","07TT","050412","https://cdn11.bigcommerce.com/s-dbb3r9a7se/images/stencil/1280w/products/1712/1692/050412__93142.1675191902.jpg"
"TapeTech","Control Tube Wheel - 050413","050413","","N/A","07TT","050413","https://cdn11.bigcommerce.com/s-dbb3r9a7se/images/stencil/1280w/products/1653/5596/050413__48915.1675191964.jpg"
"TapeTech","Roller Axle","050418","","N/A","07TT","050418",""
"TapeTech","Metal Brake Roller - 050500","050500","","N/A","07TT; T05CF","050500","https://cdn11.bigcommerce.com/s-dbb3r9a7se/images/stencil/1280w/products/1611/4603/050500__00163.1675191943.jpg"
"TapeTech","Brake Torsion Spring - 050577","050577","","N/A","07TT; T05CF","050577","https://cdn11.bigcommerce.com/s-dbb3r9a7se/images/stencil/1280w/products/1640/1806/050577__30314.1675191903.jpg"
"TapeTech","Main Shaft Washer","050599","","N/A","07TT; T05CF","050599",""
"TapeTech","Outlet Valve Handle - 051001","051001","","N/A","07TT","051001","https://cdn11.bigcommerce.com/s-dbb3r9a7se/images/stencil/1280w/products/859/1254/051001_1__02849.1675191896.jpg | https://cdn11.bigcommerce.com/s-dbb3r9a7se/stencil/382d9e80-277d-013e-e48e-4a4f5670f649/e/04e821c0-e5dd-013e-f544-2ec1a3f21564/img/loading.svg"
"TapeTech","Side Plate - 051089","051089","Side Plate for TapeTech Automatic Drywall Taper","N/A","07TT","051089","https://cdn11.bigcommerce.com/s-dbb3r9a7se/images/stencil/1280w/products/2765/533/051089_1__80893.1675191886.jpg"
"TapeTech","Side Plate (Near Main Chain) - 051105","051105","","N/A","07TT","051105","https://cdn11.bigcommerce.com/s-dbb3r9a7se/images/stencil/1280w/products/485/1721/051105_1__58500.1675191902.jpg | https://cdn11.bigcommerce.com/s-dbb3r9a7se/stencil/382d9e80-277d-013e-e48e-4a4f5670f649/e/04e821c0-e5dd-013e-f544-2ec1a3f21564/img/loading.svg"
"TapeTech","Stub Shaft - 051243","051243","","N/A","07TT","051243","https://cdn11.bigcommerce.com/s-dbb3r9a7se/images/stencil/1280w/products/1577/1581/051243__13056.1675191900.jpg"
"TapeTech","Drip Guard - 052011","052011","","N/A","07TT","052011","https://cdn11.bigcommerce.com/s-dbb3r9a7se/images/stencil/1280w/products/1589/1101/052011__42335.1675191894.jpg"
"TapeTech","Base Bracket for 07TT - 052036","052036","","N/A","07TT","052036","https://cdn11.bigcommerce.com/s-dbb3r9a7se/images/stencil/1280w/products/253/4339/052036__50698.1675191939.jpg"
"TapeTech","Cover Plate Screw for 07TT - 052051","052051","","N/A","07TT","052051","https://cdn11.bigcommerce.com/s-dbb3r9a7se/images/stencil/1280w/products/436/3657/052051__53215.1675191930.jpg | https://cdn11.bigcommerce.com/s-dbb3r9a7se/stencil/382d9e80-277d-013e-e48e-4a4f5670f649/e/04e821c0-e5dd-013e-f544-2ec1a3f21564/img/loading.svg"
"TapeTech","Lock for 07TT - 052052","052052","","N/A","07TT","052052","https://cdn11.bigcommerce.com/s-dbb3r9a7se/images/stencil/1280w/products/306/4229/052052__87575.1675191938.jpg | https://cdn11.bigcommerce.com/s-dbb3r9a7se/stencil/382d9e80-277d-013e-e48e-4a4f5670f649/e/04e821c0-e5dd-013e-f544-2ec1a3f21564/img/loading.svg"
"TapeTech","Taper Head Enclosure for 07TT - 052055","052055","","N/A","07TT","052055","https://cdn11.bigcommerce.com/s-dbb3r9a7se/images/stencil/1280w/products/464/2120/052055__17689.1675191908.jpg | https://cdn11.bigcommerce.com/s-dbb3r9a7se/stencil/382d9e80-277d-013e-e48e-4a4f5670f649/e/04e821c0-e5dd-013e-f544-2ec1a3f21564/img/loading.svg"
"TapeTech","Snap Out Cover for 07TT - 052080","052080","","N/A","07TT","052080","https://cdn11.bigcommerce.com/s-dbb3r9a7se/images/stencil/1280w/products/488/1183/052080__15945.1675191895.jpg | https://cdn11.bigcommerce.com/s-dbb3r9a7se/stencil/382d9e80-277d-013e-e48e-4a4f5670f649/e/04e821c0-e5dd-013e-f544-2ec1a3f21564/img/loading.svg"
"TapeTech","Driver Shaft - 052121","052121F","Sold As Part Of: Kit 215","N/A","07TT","052121F","https://cdn11.bigcommerce.com/s-dbb3r9a7se/images/stencil/1280w/products/3445/683/052121f__78963.1675191888.jpg"
"TapeTech","Nyliner Bushing - 052148","052148","","N/A","07TT","052148","https://cdn11.bigcommerce.com/s-dbb3r9a7se/images/stencil/1280w/products/3020/522/059148__42630.1675191886.jpg"
"TapeTech","Brake Adjuster - 052150","052150","","N/A","07TT","052150","https://cdn11.bigcommerce.com/s-dbb3r9a7se/images/stencil/1280w/products/1069/3112/052150__61108.1675191922.jpg"
"TapeTech","Side Plate Spacer","052152","","N/A","07TT","052152",""
"TapeTech","Wheel Enclosure for 07TT - 052214","052214","","N/A","07TT","052214","https://cdn11.bigcommerce.com/s-dbb3r9a7se/images/stencil/1280w/products/1599/5116/052214__24981.1675191951.jpg"
"TapeTech","Control Arm Boss for 07TT - 052221","052221","","N/A","07TT","052221","https://cdn11.bigcommerce.com/s-dbb3r9a7se/images/stencil/1280w/products/275/821/052221__47465.1675191890.jpg | https://cdn11.bigcommerce.com/s-dbb3r9a7se/stencil/382d9e80-277d-013e-e48e-4a4f5670f649/e/04e821c0-e5dd-013e-f544-2ec1a3f21564/img/loading.svg"
"TapeTech","Control Arm Guide - 052226","052226","","N/A","07TT","052226","https://cdn11.bigcommerce.com/s-dbb3r9a7se/images/stencil/1280w/products/305/503/052226__82997.1675191885.jpg | https://cdn11.bigcommerce.com/s-dbb3r9a7se/stencil/382d9e80-277d-013e-e48e-4a4f5670f649/e/04e821c0-e5dd-013e-f544-2ec1a3f21564/img/loading.svg"
"TapeTech","Taper Spool Mount - 052400B","052400B","","N/A","07TT","052400B","https://cdn11.bigcommerce.com/s-dbb3r9a7se/images/stencil/1280w/products/945/4386/052400__37244.1675191940.jpg | https://cdn11.bigcommerce.com/s-dbb3r9a7se/stencil/382d9e80-277d-013e-e48e-4a4f5670f649/e/04e821c0-e5dd-013e-f544-2ec1a3f21564/img/loading.svg"
"TapeTech","Plunger Stop Small for 07TT - 052401B","052401B","","N/A","07TT","052401B","https://cdn11.bigcommerce.com/s-dbb3r9a7se/images/stencil/1280w/products/339/1500/052401b__66514.1675191899.jpg | https://cdn11.bigcommerce.com/s-dbb3r9a7se/stencil/382d9e80-277d-013e-e48e-4a4f5670f649/e/04e821c0-e5dd-013e-f544-2ec1a3f21564/img/loading.svg"
"TapeTech","Plunger Stop Locking Strap - 052403","052403","","N/A","07TT","052403","https://cdn11.bigcommerce.com/s-dbb3r9a7se/images/stencil/1280w/products/1769/2663/052403__75982.1675191916.jpg"
"TapeTech","Keeper Yoke - 052404B","052404B","","N/A","07TT; T05CF","052404B","https://cdn11.bigcommerce.com/s-dbb3r9a7se/images/stencil/1280w/products/204/1679/052404b__25340.1675191902.jpg | https://cdn11.bigcommerce.com/s-dbb3r9a7se/stencil/382d9e80-277d-013e-e48e-4a4f5670f649/e/04e821c0-e5dd-013e-f544-2ec1a3f21564/img/loading.svg"
"TapeTech","Keeper Cradle - 052407B","052407B","","N/A","07TT","052407B","https://cdn11.bigcommerce.com/s-dbb3r9a7se/images/stencil/1280w/products/177/2901/052407b__67392.1675191919.jpg | https://cdn11.bigcommerce.com/s-dbb3r9a7se/stencil/382d9e80-277d-013e-e48e-4a4f5670f649/e/04e821c0-e5dd-013e-f544-2ec1a3f21564/img/loading.svg"
"TapeTech","Spool Post for 07TT - 052408","052408","","N/A","07TT","052408","https://cdn11.bigcommerce.com/s-dbb3r9a7se/images/stencil/1280w/products/1533/4418/052408__83302.1675191940.jpg"
"TapeTech","Keeper Wireform - 052409","052409","","N/A","07TT","052409","https://cdn11.bigcommerce.com/s-dbb3r9a7se/images/stencil/1280w/products/151/1647/052409__90785.1675191901.jpg | https://cdn11.bigcommerce.com/s-dbb3r9a7se/stencil/382d9e80-277d-013e-e48e-4a4f5670f649/e/04e821c0-e5dd-013e-f544-2ec1a3f21564/img/loading.svg"
"TapeTech","Control Tube Black for 07TT - 052415A","052415A","","N/A","07TT","052415A","https://cdn11.bigcommerce.com/s-dbb3r9a7se/images/stencil/1280w/products/1462/4055/052415__51532.1675191935.jpg"
"TapeTech","Brake Spring Mount - 052576","052576","","N/A","07TT","052576","https://cdn11.bigcommerce.com/s-dbb3r9a7se/images/stencil/1280w/products/707/5382/052576__56326.1675191959.jpg | https://cdn11.bigcommerce.com/s-dbb3r9a7se/stencil/382d9e80-277d-013e-e48e-4a4f5670f649/e/04e821c0-e5dd-013e-f544-2ec1a3f21564/img/loading.svg"
"TapeTech","Gooser Body Assembly - 054028","054028","","N/A","07TT","054028","https://cdn11.bigcommerce.com/s-dbb3r9a7se/images/stencil/1280w/products/824/2766/054028__50240.1675191917.jpg | https://cdn11.bigcommerce.com/s-dbb3r9a7se/stencil/382d9e80-277d-013e-e48e-4a4f5670f649/e/04e821c0-e5dd-013e-f544-2ec1a3f21564/img/loading.svg"
"TapeTech","Push Rod Assembly - 054032","054032F","PUSH ROD ASSEMBLY FOR AUTOMATIC TAPER","N/A","07TT","054032F","https://cdn11.bigcommerce.com/s-dbb3r9a7se/images/stencil/1280w/products/3499/2129/httpwww.alstapingtools.comimagesproductsdetail054032f__21347.1675191908.jpg"
"TapeTech","Baffle Plate Assembly - 054048","054048F","054048 - Baffle Plate Assembly for TapeTech Taper","N/A","07TT","054048F","https://cdn11.bigcommerce.com/s-dbb3r9a7se/images/stencil/1280w/products/3534/1001/httpwww.alstapingtools.comimagesproductsdetail054048f__26153.1675191892.jpg"
"TapeTech","Filler Tube W/Valve","054064F","","N/A","07TT","054064F",""
"TapeTech","Tape Runner Assembly (Right) - 054075","054075","TAPE RUNNER ASSEMBLY FOR AUTOMATIC TAPER","N/A","07TT","054075","https://cdn11.bigcommerce.com/s-dbb3r9a7se/images/stencil/1280w/products/1506/2527/httpwww.alstapingtools.comimagesproductsdetail054075__02936.1675191914.jpg"
"TapeTech","Long Creaser Assembly - 054095","054095F","","N/A","07TT","054095F","https://cdn11.bigcommerce.com/s-dbb3r9a7se/images/stencil/1280w/products/796/4252/054095f__32358.1675191938.jpg | https://cdn11.bigcommerce.com/s-dbb3r9a7se/stencil/382d9e80-277d-013e-e48e-4a4f5670f649/e/04e821c0-e5dd-013e-f544-2ec1a3f21564/img/loading.svg"
"TapeTech","Short Creaser Assembly - 054096","054096F","","N/A","07TT","054096F","https://cdn11.bigcommerce.com/s-dbb3r9a7se/images/stencil/1280w/products/2985/4588/054096f__72905.1675191943.jpg"
"TapeTech","Tape Guide Assembly - 054101","054101","TAPE GUIDE ASSEMBLY FOR AUTOMATIC TAPER","N/A","07TT","054101","https://cdn11.bigcommerce.com/s-dbb3r9a7se/images/stencil/1280w/products/1978/1817/httpwww.alstapingtools.comimagesproductsdetail054101__72190.1675191904.jpg"
"TapeTech","Tape Runner Assembly (Left) - 054104","054104","","N/A","07TT","054104","https://cdn11.bigcommerce.com/s-dbb3r9a7se/images/stencil/1280w/products/743/817/054104__49882.1675191890.jpg"
"TapeTech","Shaft Driver Assembly - 054110","054110F","","N/A","07TT","054110F","https://cdn11.bigcommerce.com/s-dbb3r9a7se/images/stencil/1280w/products/260/1409/httpwww.alstapingtools.comimagesproductsdetail054110f__78311.1675191898.jpg"
"TapeTech","Gooser Guide - 054111","054111F","GOOSER GUIDE FOR AUTOMATIC TAPER","N/A","07TT","054111F","https://cdn11.bigcommerce.com/s-dbb3r9a7se/images/stencil/1280w/products/3067/1674/httpwww.alstapingtools.comimagesproductsdetail054111f__50056.1675191902.jpg"
"TapeTech","Sprocket Driver Assembly - 054114F","054114F","Sprocket Driver Assembly #054114F","N/A","07TT","054114F","https://cdn11.bigcommerce.com/s-dbb3r9a7se/images/stencil/1280w/products/2787/4567/054114f_1__29411.1675191942.jpg"
"TapeTech","Drive Dog Assembly - 054116F","054116F","DRIVE DOG ASSEMBLY (INCLUDES 059143 + 059108); Sold As Part Of: Kit 215","N/A","07TT","054116F","https://cdn11.bigcommerce.com/s-dbb3r9a7se/images/stencil/1280w/products/3231/2935/httpwww.alstapingtools.comimagesproductsdetail054116f__66174.1675191920.jpg"
"TapeTech","Drive Dog Holder - 054118","054118F","Drive Dog Holder for TapeTech, NorthStar and Drywall Master Automatic Tapers.; Sold As Part Of: Kit 215","N/A","07TT","054118F","https://cdn11.bigcommerce.com/s-dbb3r9a7se/images/stencil/1280w/products/1395/1322/httpwww.alstapingtools.comimagesproductsdetail054118f.1__60595.1675191897.jpg"
"TapeTech","Automatic Taper Cable - 054209F","054209F","Our Piston cable fits All Major Brands of automatic tapers; Sold As Part Of: Kit 335","N/A","07TT","054209F","https://cdn11.bigcommerce.com/s-dbb3r9a7se/images/stencil/1280w/products/3283/3016/httpwww.alstapingtools.comimagesproductsdetail054209f__56189.1675191921.jpg"
"TapeTech","Control Extension Arm - 054219","054219","","N/A","07TT","054219","https://cdn11.bigcommerce.com/s-dbb3r9a7se/images/stencil/1280w/products/596/923/httpwww.alstapingtools.comimagesproductsdetail054219__74433.1675191891.jpg | https://cdn11.bigcommerce.com/s-dbb3r9a7se/stencil/382d9e80-277d-013e-e48e-4a4f5670f649/e/04e821c0-e5dd-013e-f544-2ec1a3f21564/img/loading.svg"
"TapeTech","Creaser Trigger Assembly - 054245","054245F","","N/A","07TT","054245F","https://cdn11.bigcommerce.com/s-dbb3r9a7se/images/stencil/1280w/products/1557/2451/054245f__36955.1675191913.jpg"
"TapeTech","Needle Spring - 056022","056022","Sold As Part Of: Kit 200","N/A","07TT; T05CF","056022","https://cdn11.bigcommerce.com/s-dbb3r9a7se/images/stencil/1280w/products/764/611/056022__74202.1675191887.jpg | https://cdn11.bigcommerce.com/s-dbb3r9a7se/stencil/382d9e80-277d-013e-e48e-4a4f5670f649/e/04e821c0-e5dd-013e-f544-2ec1a3f21564/img/loading.svg"
"TapeTech","Replacement Head Casting - 056100","056100F","","N/A","07TT","056100F","https://cdn11.bigcommerce.com/s-dbb3r9a7se/images/stencil/1280w/products/941/4845/056100f__26149.1675191946.jpg | https://cdn11.bigcommerce.com/s-dbb3r9a7se/stencil/382d9e80-277d-013e-e48e-4a4f5670f649/e/04e821c0-e5dd-013e-f544-2ec1a3f21564/img/loading.svg"
"TapeTech","Pyramid Blade, SST","056133","Sold As Part Of: Kit 340","N/A","07TT; T05CF","056133",""
"TapeTech","Cutter Chain Assembly - 056135","056135","Sold As Part Of: Kit 340","N/A","07TT; T05CF","056135","https://cdn11.bigcommerce.com/s-dbb3r9a7se/images/stencil/1280w/products/604/968/056135__59217.1675191892.jpg"
"TapeTech","Gold Taper Tube","056248G","","N/A","07TT","056248G",""
"TapeTech","Main Chain - 058126F","058126F","","N/A","07TT","058126F","https://cdn11.bigcommerce.com/s-dbb3r9a7se/images/stencil/1280w/products/2614/3813/058126f_2__46942.1675191932.jpg"
"TapeTech","4-40 Hex Nut - 059005","059005","059005 - 4-40 Hex Nut","N/A","07TT","059005","https://cdn11.bigcommerce.com/s-dbb3r9a7se/images/stencil/1280w/products/2468/999/httpwww.alstapingtools.comimagesproductsdetail059005.1__81128.1675191892.jpg"
"TapeTech","6-32 X 3/8 Fillister Hd  - 059012","059012","","N/A","07TT; 20TTX; 25TTX; 30TTX; 8034TT; 8042TT; 8054TT; 8072TT; 8134TT; 8142TT; 8154TT; 8172TT; CF07H; CF12H; PA07H; PA10H; PA12H; PAHC07; PAHC10; PAHC12","059012","https://cdn11.bigcommerce.com/s-dbb3r9a7se/images/stencil/1280w/products/653/3692/059012_1__63694.1675191930.jpg | https://cdn11.bigcommerce.com/s-dbb3r9a7se/stencil/382d9e80-277d-013e-e48e-4a4f5670f649/e/04e821c0-e5dd-013e-f544-2ec1a3f21564/img/loading.svg"
"TapeTech","6-32 X 5/16 Round Hd Screw - 059013","059013","Sold As Part Of: Kit 200","N/A","07TT","059013","https://cdn11.bigcommerce.com/s-dbb3r9a7se/images/stencil/1280w/products/1449/3510/tapetech_059013__34540.1675191928.jpg"
"TapeTech","6-32 X 1/4 Fillister Hd Screw - 059015","059015","","N/A","07TT; 20TTX; 25TTX; 30TTX; CF07H; CF12H; EHC07; EHC10; EHC12; PA07H; PA10H; PA12H; PAHC07; PAHC10; PAHC12","059015","https://cdn11.bigcommerce.com/s-dbb3r9a7se/images/stencil/1280w/products/599/2192/059015__63120.1675191909.jpg | https://cdn11.bigcommerce.com/s-dbb3r9a7se/stencil/382d9e80-277d-013e-e48e-4a4f5670f649/e/04e821c0-e5dd-013e-f544-2ec1a3f21564/img/loading.svg"
"TapeTech","#6 Med. Spring Lockwasher - 059016","059016","Sold As Part Of: Kit 200","N/A","07TT; EHC07; EHC10; EHC12; PA07H; PA10H; PA12H; PAHC07; PAHC10; PAHC12","059016","https://cdn11.bigcommerce.com/s-dbb3r9a7se/images/stencil/1280w/products/1471/1411/059016_4__61875.1675191898.jpg"
"TapeTech","6-32 Thin Pattern Stopnut - 059018","059018","","N/A","07TT; 20TTX; 25TTX; 30TTX; CF07H; CF12H; EHC07; EHC10; EHC12; PA07H; PA10H; PA12H; PAHC07; PAHC10; PAHC12","059018","https://cdn11.bigcommerce.com/s-dbb3r9a7se/images/stencil/1280w/products/822/3991/059018__98234.1675191934.jpg | https://cdn11.bigcommerce.com/s-dbb3r9a7se/stencil/382d9e80-277d-013e-e48e-4a4f5670f649/e/04e821c0-e5dd-013e-f544-2ec1a3f21564/img/loading.svg"
"TapeTech","6-32 X 3/8 Bind Hd Screw - 059020","059020","BIND 6-32 X 3/8"" FOR AUTOMATIC TAPER","N/A","07TT; EHC07; EHC10; EHC12; PA07H; PA10H; PA12H; PAHC07; PAHC10; PAHC12; T05CF","059020","https://cdn11.bigcommerce.com/s-dbb3r9a7se/images/stencil/1280w/products/2090/1482/059020__49435.1675191899.jpg"
"TapeTech","4-40 X 5/32 Bind Hd Screw - 059021","059021","BIND 4-40 X 5/32"" FOR AUTOMATIC TAPER","N/A","07TT","059021","https://cdn11.bigcommerce.com/s-dbb3r9a7se/images/stencil/1280w/products/1834/4193/059021__56525.1675191937.jpg"
"TapeTech","059024 - Chain Keeper Washer","059024","059024 - Chain Keeper Washer for TapeTech Automatic Taper","N/A","07TT","059024","https://cdn11.bigcommerce.com/s-dbb3r9a7se/images/stencil/1280w/products/2606/4431/httpwww.alstapingtools.comimagesproductsdetail059024__28476.1675191940.jpg"
"TapeTech","059025 - Cotter Pin","059025","","N/A","07TT; 17TTE; 17TT; T05CF","059025","https://cdn11.bigcommerce.com/s-dbb3r9a7se/images/stencil/1280w/products/856/1762/059025__11327.1675191903.jpg | https://cdn11.bigcommerce.com/s-dbb3r9a7se/stencil/382d9e80-277d-013e-e48e-4a4f5670f649/e/04e821c0-e5dd-013e-f544-2ec1a3f21564/img/loading.svg"
"TapeTech","059029 - 6-32 X 5/8 Flat Hd Screw","059029","059029 - 6-32 X 5/8 Flat Hd Screw","N/A","07TT; EHC07; EHC10; EHC12","059029","https://cdn11.bigcommerce.com/s-dbb3r9a7se/images/stencil/1280w/products/3091/4317/059029__06750.1675191939.jpg"
"TapeTech","059037 - 4-40 X 1/4 Bind Hd Screw","059037","059037 - 4-40 X 1/4 Bind Hd Screw for Automatic Taper; Sold As Part Of: Kit 200","N/A","07TT; 42TT; 48TT; 8034TT; 8042TT; 8054TT; 8072TT; T05CF","059037","https://cdn11.bigcommerce.com/s-dbb3r9a7se/images/stencil/1280w/products/3041/3188/059037__77497.1675191923.jpg"
"TapeTech","059038 - Lock Washer #4","059038","","N/A","07TT; EHC07; EHC10; EHC12; PA07H; PA10H; PA12H; PAHC07; PAHC10; PAHC12","059038","https://cdn11.bigcommerce.com/s-dbb3r9a7se/images/stencil/1280w/products/2455/2148/059038_1__28743.1675191908.jpg"
"TapeTech","059040 - O-Ring","059040","059040 - O-Ring for Automatic Taper.","N/A","07TT","059040","https://cdn11.bigcommerce.com/s-dbb3r9a7se/images/stencil/1280w/products/2926/2987/059040__03461.1675191920.jpg"
"TapeTech","059044 - Insert","059044","","N/A","07TT","059044","https://cdn11.bigcommerce.com/s-dbb3r9a7se/images/stencil/1280w/products/547/3022/059044__52436.1675191921.jpg | https://cdn11.bigcommerce.com/s-dbb3r9a7se/stencil/382d9e80-277d-013e-e48e-4a4f5670f649/e/04e821c0-e5dd-013e-f544-2ec1a3f21564/img/loading.svg"
"TapeTech","059047 - 2-56 X 1/8 Bind Hd Screw","059047","","N/A","07TT","059047","https://cdn11.bigcommerce.com/s-dbb3r9a7se/images/stencil/1280w/products/2685/494/059047__78194.1675191885.jpg"
"TapeTech","059049 - Gooser Needle","059049","Advance pin/needle for automatic taper.; Sold As Part Of: Kit 200","N/A","07TT; T05CF","059049","https://cdn11.bigcommerce.com/s-dbb3r9a7se/images/stencil/1280w/products/2674/1278/059049_1_1__89374.1675191896.jpg"
"TapeTech","059051 - 6-32 X 3/16 Fillister Screw","059051","Sold As Part Of: Kit 200","N/A","07TT; EHC07; EHC10; EHC12; PA07H; PA10H; PA12H; PAHC07; PAHC10; PAHC12; T05CF","059051","https://cdn11.bigcommerce.com/s-dbb3r9a7se/images/stencil/1280w/products/713/2309/059051__05826.1675191911.jpg | https://cdn11.bigcommerce.com/s-dbb3r9a7se/stencil/382d9e80-277d-013e-e48e-4a4f5670f649/e/04e821c0-e5dd-013e-f544-2ec1a3f21564/img/loading.svg"
"TapeTech","059056 - 2-56 X 3/16 Bind Hd Screw","059056","2-56 X 3/16 Bind Hd Screw for Automatic Taper.","N/A","07TT","059056","https://cdn11.bigcommerce.com/s-dbb3r9a7se/images/stencil/1280w/products/3021/4647/059056__78580.1675191943.jpg"
"TapeTech","059057 - 4-40 X 3/16 Bind Hd Screw","059057","","N/A","07TT; NS02TT; NS03TT","059057","https://cdn11.bigcommerce.com/s-dbb3r9a7se/images/stencil/1280w/products/1943/1393/359005_1__36236.1675191898.jpg"
"TapeTech","059067 - Key Ring","059067","","N/A","07TT","059067","https://cdn11.bigcommerce.com/s-dbb3r9a7se/images/stencil/1280w/products/1267/4076/059067__12451.1675191935.jpg | https://cdn11.bigcommerce.com/s-dbb3r9a7se/stencil/382d9e80-277d-013e-e48e-4a4f5670f649/e/04e821c0-e5dd-013e-f544-2ec1a3f21564/img/loading.svg"
"TapeTech","059074 - 8-32 Hex Nylock Nut","059074","","N/A","07TT; NS02TT; T05CF","059074","https://cdn11.bigcommerce.com/s-dbb3r9a7se/images/stencil/1280w/products/1498/3045/059074__91608.1675191921.jpg"
"TapeTech","059078 - Nyliner Bearing","059078","","N/A","07TT","059078","https://cdn11.bigcommerce.com/s-dbb3r9a7se/images/stencil/1280w/products/1181/3448/059078__44467.1675191927.jpg | https://cdn11.bigcommerce.com/s-dbb3r9a7se/stencil/382d9e80-277d-013e-e48e-4a4f5670f649/e/04e821c0-e5dd-013e-f544-2ec1a3f21564/img/loading.svg"
"TapeTech","Drum Washer - 059082","059082","WASHER, DRUM FOR AUTOMATIC TAPER","N/A","07TT","059082","https://cdn11.bigcommerce.com/s-dbb3r9a7se/images/stencil/1280w/products/3087/3309/059082__75389.1675191925.jpg"
"TapeTech","059084 - 8-32 X 1/4 1/2 Dog Setscrew","059084","","N/A","07TT; 42TT; 48TT","059084","https://cdn11.bigcommerce.com/s-dbb3r9a7se/images/stencil/1280w/products/250/4369/059084__31398.1675191939.jpg | https://cdn11.bigcommerce.com/s-dbb3r9a7se/stencil/382d9e80-277d-013e-e48e-4a4f5670f649/e/04e821c0-e5dd-013e-f544-2ec1a3f21564/img/loading.svg"
"TapeTech","059085 - 8-32 X 1/4 Fillister Hd Screw","059085","","N/A","07TT","059085","https://cdn11.bigcommerce.com/s-dbb3r9a7se/images/stencil/1280w/products/1220/613/059085__27421.1675191887.jpg | https://cdn11.bigcommerce.com/s-dbb3r9a7se/stencil/382d9e80-277d-013e-e48e-4a4f5670f649/e/04e821c0-e5dd-013e-f544-2ec1a3f21564/img/loading.svg"
"TapeTech","059087 - 3-48 Hex Miniature Nut","059087","NUT, HEX MINIATURE 3-48 FOR AUTOMATIC TAPER","N/A","07TT","059087","https://cdn11.bigcommerce.com/s-dbb3r9a7se/images/stencil/1280w/products/3050/3672/059087__03326.1675191930.jpg"
"TapeTech","059091 - 6-32 X 1/2 Fill. Hd Screw","059091","","N/A","07TT; 42TT; 48TT","059091","https://cdn11.bigcommerce.com/s-dbb3r9a7se/images/stencil/1280w/products/119/4306/059091__93545.1675191939.jpg | https://cdn11.bigcommerce.com/s-dbb3r9a7se/stencil/382d9e80-277d-013e-e48e-4a4f5670f649/e/04e821c0-e5dd-013e-f544-2ec1a3f21564/img/loading.svg"
"TapeTech","059092 - 8-32 X 1-1/2 Round Hd Screw","059092","059092 - 8-32 X 1-1/2 Round Hd Screw for corner tucker wheel.","N/A","07TT; T05CF","059092","https://cdn11.bigcommerce.com/s-dbb3r9a7se/images/stencil/1280w/products/2585/2702/059092__91859.1675191916.jpg"
"TapeTech","059098 - Side Plate Shim","059098","SIDE PLATE SHIM FOR AUTOMATIC TAPER","N/A","07TT","059098","https://cdn11.bigcommerce.com/s-dbb3r9a7se/images/stencil/1280w/products/3187/3289/059098__35051.1675191924.jpg"
"TapeTech","059102 - 4-40 X 1/4 Flat Hd Screw","059102","Sold As Part Of: Kit 340","N/A","07TT; EHC07; EHC10; EHC12; PA07H; PA10H; PA12H; PAHC07; PAHC10; PAHC12; T05CF","059102","https://cdn11.bigcommerce.com/s-dbb3r9a7se/images/stencil/1280w/products/1314/2228/059102__83874.1675191910.jpg"
"TapeTech","059106 - 4-40 X 1/8 Slot Flat Head Screw","059106","","N/A","07TT","059106","https://cdn11.bigcommerce.com/s-dbb3r9a7se/images/stencil/1280w/products/1236/4650/059106__66267.1675191943.jpg | https://cdn11.bigcommerce.com/s-dbb3r9a7se/stencil/382d9e80-277d-013e-e48e-4a4f5670f649/e/04e821c0-e5dd-013e-f544-2ec1a3f21564/img/loading.svg"
"TapeTech","059107 - 6-32 X 1/4 Flat Hd Screw","059107","","N/A","07TT","059107","https://cdn11.bigcommerce.com/s-dbb3r9a7se/images/stencil/1280w/products/192/5582/059107__10466.1675191964.jpg"
"TapeTech","059120 - Drive Dog Axle","059120","DRIVE DOG AXLE FOR AUTOMATIC TAPER","N/A","07TT","059120","https://cdn11.bigcommerce.com/s-dbb3r9a7se/images/stencil/1280w/products/2994/4443/059120__72993.1675191941.jpg"
"TapeTech","059127 - 8-32 X 5/8 Truss Hd Screw","059127","SCREW, TRUSS 8-32 X 5/8 FOR AUTOMATIC TAPER","N/A","07TT","059127","https://cdn11.bigcommerce.com/s-dbb3r9a7se/images/stencil/1280w/products/3115/3597/059127__62125.1675191929.jpg"
"TapeTech","059143 - Cotter Pin","059143","","N/A","07TT; 17TTE; 17TT; 8034TT; 8042TT; 8054TT; 8072TT; 8134TT; 8142TT; 8154TT; 8172TT","059143","https://cdn11.bigcommerce.com/s-dbb3r9a7se/images/stencil/1280w/products/1394/436/059143_1__05054.1675191884.jpg"
"TapeTech","Tenite Bearing - 052149","052149","","N/A","07TT","052149","https://cdn11.bigcommerce.com/s-dbb3r9a7se/images/stencil/1280w/products/3042/3993/052149__04556.1675191934.jpg"
"TapeTech","059156 - 4-40 X 5/16 Bind Hd Screw","059156","4-40 X 5/16 Stainless Steel Bind Head Screw","N/A","07TT","059156","https://cdn11.bigcommerce.com/s-dbb3r9a7se/images/stencil/1280w/products/3270/4682/059156__00387.1675191944.jpg"
"TapeTech","059161 - 4-40 X 3/8 Fillister Head Screw","059161","","N/A","07TT; EHC07; EHC10; EHC12; PA07H; PA10H; PA12H; PAHC07; PAHC10; PAHC12","059161","https://cdn11.bigcommerce.com/s-dbb3r9a7se/images/stencil/1280w/products/2056/1021/059161__42986.1675191893.jpg"
"TapeTech","059164 - #6 Star Washer","059164","","N/A","07TT","059164","https://cdn11.bigcommerce.com/s-dbb3r9a7se/images/stencil/1280w/products/657/4016/httpwww.alstapingtools.comimagesproductsdetail059164__49589.1675191935.jpg"
"TapeTech","059201 - 1/4-20 Sst Hex Castle Nut","059201","Sold As Part Of: Kit 335","N/A","07TT","059201","https://cdn11.bigcommerce.com/s-dbb3r9a7se/images/stencil/1280w/products/1310/4421/httpwww.alstapingtools.comimagesproductsdetail059201__58174.1675191940.jpg"
"TapeTech","059206 - 1/4-20 Sst Hex Special Nut","059206","Sold As Part Of: Kit 335","N/A","07TT","059206","https://cdn11.bigcommerce.com/s-dbb3r9a7se/images/stencil/1280w/products/613/3010/httpwww.alstapingtools.comimagesproductsdetail059206__97009.1675191921.jpg"
"TapeTech","059225 - 10-32 Thin Pattern Stop Nut","059225","059225 10-32 Thin Pattern Stop Nut","N/A","07TT; 20TTX; 25TTX; 30TTX; CF07H; CF12H; EHC07; EHC10; EHC12; NS02TT; NS03TT","059225","https://cdn11.bigcommerce.com/s-dbb3r9a7se/images/stencil/1280w/products/2767/3767/httpwww.alstapingtools.comimagesproductsdetail059212.2__36785.1675191931.jpg"
"TapeTech","059230 - 5-40 X 13/32 Bd Hd Sst Screw","059230","","N/A","07TT","059230","https://cdn11.bigcommerce.com/s-dbb3r9a7se/images/stencil/1280w/products/118/5218/059230_1__69787.1675191954.jpg | https://cdn11.bigcommerce.com/s-dbb3r9a7se/stencil/382d9e80-277d-013e-e48e-4a4f5670f649/e/04e821c0-e5dd-013e-f544-2ec1a3f21564/img/loading.svg"
"TapeTech","35 - Flathead Screw 1/4-20 x 1/2","059238","","N/A","07TT; T05CF","059238","https://cdn11.bigcommerce.com/s-dbb3r9a7se/images/stencil/1280w/products/1036/520/flathead_screw__38499.1675191886.jpg"
"TapeTech","059239 - Flat Head Screw 1/4-20 X 1/2""","059239","TapeTech Part# 059239 Flat Head Screw 1/4-20 X 1/2""","N/A","07TT","059239","https://cdn11.bigcommerce.com/s-dbb3r9a7se/images/stencil/1280w/products/1646/2651/httpwww.alstapingtools.comimagesproductsdetail059239__96914.1675191916.jpg"
"TapeTech","Vial Cap 1/2 Red","059253","","N/A","07TT","059253",""
"TapeTech","4-40 X 7/16 Binding Head Screw","059264","","N/A","07TT; T05CF","059264",""
"TapeTech","059323 - Button Head Screw","059323","","N/A","07TT","059323","https://cdn11.bigcommerce.com/s-dbb3r9a7se/images/stencil/1280w/products/1482/2333/059323__43140.1675191911.jpg"
"TapeTech","059328 - 07TT Taper Lid O-Ring","059328","","N/A","07TT","059328","https://cdn11.bigcommerce.com/s-dbb3r9a7se/images/stencil/1280w/products/366/4087/059328__07192.1675191936.jpg"
"TapeTech","Screw, 10-32 x 1, Phillips FH Undercut","059329","","N/A","07TT","059329",""
"TapeTech","059330 - Jam Nut, 10-32","059330","","N/A","07TT","059330","https://cdn11.bigcommerce.com/s-dbb3r9a7se/images/stencil/1280w/products/351/433/059330_1__40659.1675191884.jpg | https://cdn11.bigcommerce.com/s-dbb3r9a7se/stencil/382d9e80-277d-013e-e48e-4a4f5670f649/e/04e821c0-e5dd-013e-f544-2ec1a3f21564/img/loading.svg"
"TapeTech","059331 - Setscrew, 10-32x5","059331","","N/A","07TT","059331","https://cdn11.bigcommerce.com/s-dbb3r9a7se/images/stencil/1280w/products/1739/4763/059331__77036.1675191945.jpg"
"TapeTech","059332 - O-Ring for 07TT Cover Plate","059332","","N/A","07TT","059332","https://cdn11.bigcommerce.com/s-dbb3r9a7se/images/stencil/1280w/products/407/2160/059332__21402.1675191909.jpg"
"TapeTech","O Ring - 5/32 ID x 9/16 OD x 1/16 Wide","059333","","N/A","07TT","059333",""
"TapeTech","059426 - Socket Head Cap Screw","059426","","N/A","07TT","059426","https://cdn11.bigcommerce.com/s-dbb3r9a7se/images/stencil/1280w/products/329/3883/059426__29029.1675191933.jpg | https://cdn11.bigcommerce.com/s-dbb3r9a7se/stencil/382d9e80-277d-013e-e48e-4a4f5670f649/e/04e821c0-e5dd-013e-f544-2ec1a3f21564/img/loading.svg"
"TapeTech","O Ring, 5/16 ID x 9/16 OD x .139 Wide","059429","","N/A","07TT","059429",""
"TapeTech","209042 - #10 Brass Washer","209042","","N/A","07TT; 20TTX; 25TTX; 30TTX; CF07H; CF12H; EHC07; EHC10; EHC12; NS02TT; NS03TT; PA07H; PA10H; PA12H; PAHC07; PAHC10; PAHC12; T05CF","209042","https://cdn11.bigcommerce.com/s-dbb3r9a7se/images/stencil/1280w/products/623/4035/209042__71706.1675191935.jpg | https://cdn11.bigcommerce.com/s-dbb3r9a7se/stencil/382d9e80-277d-013e-e48e-4a4f5670f649/e/04e821c0-e5dd-013e-f544-2ec1a3f21564/img/loading.svg"
"TapeTech","209048 - 4-40 X 1/8 Bind Hd Screw","209048","","N/A","07TT; 20TTX; 25TTX; 30TTX; CF07H; CF12H","209048","https://cdn11.bigcommerce.com/s-dbb3r9a7se/images/stencil/1280w/products/1541/1723/209048__03501.1675191902.jpg"
"TapeTech","209058 - 6-32 Brass Nut","209058","","N/A","07TT; 20TTX; 25TTX; 30TTX; CF07H; CF12H; EHC07; EHC10; EHC12; PA07H; PA10H; PA12H; PAHC07; PAHC10; PAHC12","209058","https://cdn11.bigcommerce.com/s-dbb3r9a7se/images/stencil/1280w/products/629/1315/209058__10590.1675191897.jpg | https://cdn11.bigcommerce.com/s-dbb3r9a7se/stencil/382d9e80-277d-013e-e48e-4a4f5670f649/e/04e821c0-e5dd-013e-f544-2ec1a3f21564/img/loading.svg"
"TapeTech","219095 - Plastic Washer","219095","","N/A","07TT; PA07H; PA10H; PA12H; PAHC07; PAHC10; PAHC12; T05CF","219095","https://cdn11.bigcommerce.com/s-dbb3r9a7se/images/stencil/1280w/products/960/1420/219095__77393.1675191898.jpg | https://cdn11.bigcommerce.com/s-dbb3r9a7se/stencil/382d9e80-277d-013e-e48e-4a4f5670f649/e/04e821c0-e5dd-013e-f544-2ec1a3f21564/img/loading.svg"
"TapeTech","359005 - 6-32 X 1/4 Bind Hd Screw","359005","","N/A","07TT; 17TTE; 17TT; 42TT; 48TT; NS02TT; NS03TT","359005","https://cdn11.bigcommerce.com/s-dbb3r9a7se/images/stencil/1280w/products/472/5396/359005__42639.1675191959.jpg | https://cdn11.bigcommerce.com/s-dbb3r9a7se/stencil/382d9e80-277d-013e-e48e-4a4f5670f649/e/04e821c0-e5dd-013e-f544-2ec1a3f21564/img/loading.svg"
"TapeTech","509010 - 4-40 X 5/16 Flat Hd Screw","509010","","N/A","07TT; EHC12; PA12H; PAHC12; T05CF","509010","https://cdn11.bigcommerce.com/s-dbb3r9a7se/images/stencil/1280w/products/1353/5073/509010__74119.1675191950.jpg"
"TapeTech","609012 - 4-40 Elastic Stopnut","609012","609012 - 4-40 Elastic Stopnut","N/A","07TT; 20TTX; 25TTX; 30TTX; 8034TT; 8042TT; 8054TT; 8072TT; 8134TT; 8142TT; 8154TT; 8172TT; CF07H; CF12H; CT24TT; CT36TT; CT42TT; NS02TT; NS03TT; PA07H; PA10H; PA12H; PAHC07; PAHC10; PAHC12; T05CF","609012","https://cdn11.bigcommerce.com/s-dbb3r9a7se/images/stencil/1280w/products/2460/1978/609012__89312.1675191906.jpg"
"TapeTech","709034 - Filler O-Ring Kit 5-Pack","709034","Filler O-Ring Kit 5-pack.  These o-rings fit all major brands of filler attachments.","N/A","07TT; 90T","709034","https://cdn11.bigcommerce.com/s-dbb3r9a7se/images/stencil/1280w/products/3159/4423/httpwww.alstapingtools.comimagesproductsdetailoringkit__09776.1675191940.jpg"
"TapeTech","709043 - S-Hook","709043","HOOK, S-HOOK #63 FOR AUTOMATIC TAPER, TAPER EXTENSION, EASYCLEAN LOADING PUMP, FILLER","N/A","07TT; 90T","709043","https://cdn11.bigcommerce.com/s-dbb3r9a7se/images/stencil/1280w/products/3295/1357/709043__11609.1675191897.jpg"
"TapeTech","809006 - #14 S Brass Washer","809006","","N/A","07TT; 20TTX; 25TTX; 30TTX; CF07H; CF12H; EHC07; EHC10; EHC12; PA07H; PA10H; PA12H; PAHC07; PAHC10; PAHC12","809006","https://cdn11.bigcommerce.com/s-dbb3r9a7se/images/stencil/1280w/products/1439/2421/809006__42602.1675191913.jpg"
"TapeTech","889009 - Roll Pin","889009","","N/A","07TT","889009","https://cdn11.bigcommerce.com/s-dbb3r9a7se/images/stencil/1280w/products/3422/2071/889009__78911.1675191907.jpg"
"TapeTech","150003 - Coupling","150003F","","N/A","17TTE; 17TT","150003F","https://cdn11.bigcommerce.com/s-dbb3r9a7se/images/stencil/1280w/products/291/4145/150003f__08936.1675191936.jpg | https://cdn11.bigcommerce.com/s-dbb3r9a7se/stencil/382d9e80-277d-013e-e48e-4a4f5670f649/e/04e821c0-e5dd-013e-f544-2ec1a3f21564/img/loading.svg"
"TapeTech","150004 - Swivel Coupling Pin","150004F","","N/A","17TTE; 17TT","150004F","https://cdn11.bigcommerce.com/s-dbb3r9a7se/images/stencil/1280w/products/2605/4923/150004f__28970.1675191947.jpg"
"TapeTech","150009 - Swivel Axle","150009","","N/A","17TTE; 17TT","150009","https://cdn11.bigcommerce.com/s-dbb3r9a7se/images/stencil/1280w/products/3048/1949/150009__49053.1675191906.jpg"
"TapeTech","Handle Grip","151042","","N/A","17TTE; 17TT","151042",""
"TapeTech","154007 - Swivel Assembly","154007","Swivel Assembly for Tape Tech angle roller","N/A","17TTE; 17TT","154007","https://cdn11.bigcommerce.com/s-dbb3r9a7se/images/stencil/1280w/products/3192/466/154007__92316.1675191885.jpg"
"TapeTech","Corner Roller Handle Assembly, Sold","164348","","N/A","17TTE; 17TT","164348",""
"TapeTech","Block","170002","","N/A","17TTE; 17TT","170002",""
"TapeTech","European Roller Axle","172003","","N/A","17TTE","172003",""
"TapeTech","European Outside Corner Bead Roller","172005","","N/A","17TTE","172005",""
"TapeTech","Bracket, No Logo, Serialized","176001","","N/A","17TTE; 17TT","176001",""
"TapeTech","6-32 X 3/16 Hex Soc Setscrew Cup Pt 18-8","179004","","N/A","17TTE; 17TT","179004",""
"TapeTech","#10 Medium Lockwasher 18-8 S.S.","179006","","N/A","17TTE; 17TT","179006",""
"TapeTech","#10 Flat Washer, 18-8 S.S.","179007","","N/A","17TTE; 17TT","179007",""
"TapeTech","5/16 Flat Washer","179008","","N/A","17TTE; 17TT","179008",""
"TapeTech",".312 Ext. Retainer ""E"" Ring, 18-8 S.S.","179010","","N/A","17TTE; 17TT","179010",""
"TapeTech","Nyliner, 5L5-Fk","179011","","N/A","17TTE","179011",""
"TapeTech","Nut, Hex 10-32","359046","","N/A","17TTE; 17TT","359046",""
"TapeTech","Axle","170003","","N/A","17TT","170003",""
"TapeTech","Universal Roller","171005","","N/A","17TT","171005",""
"TapeTech","179009 - Nyliner 5L10FK","179009","","N/A","17TT; CF07H; CF12H; EHC07; EHC10; EHC12; PAHC07; PAHC10; PAHC12","179009","https://cdn11.bigcommerce.com/s-dbb3r9a7se/images/stencil/1280w/products/2466/1539/179009__25526.1675191900.jpg"
"TapeTech","209148 - Nyliner Bearing","209148","","N/A","20TTX; 25TTX; 30TTX; EHC07; EHC10; EHC12; PA07H; PA10H; PA12H; PAHC07; PAHC10; PAHC12","209148","https://cdn11.bigcommerce.com/s-dbb3r9a7se/images/stencil/1280w/products/733/2974/209148__15093.1675191920.jpg | https://cdn11.bigcommerce.com/s-dbb3r9a7se/stencil/382d9e80-277d-013e-e48e-4a4f5670f649/e/04e821c0-e5dd-013e-f544-2ec1a3f21564/img/loading.svg"
"TapeTech","210058 - Replacement Latch","210058F","","N/A","20TTX; 25TTX; 30TTX; CF07H; CF12H; EHC07; EHC10; EHC12; QB06-QSX","210058F","https://cdn11.bigcommerce.com/s-dbb3r9a7se/images/stencil/1280w/products/479/5602/210058f__81815.1675191964.jpg | https://cdn11.bigcommerce.com/s-dbb3r9a7se/stencil/382d9e80-277d-013e-e48e-4a4f5670f649/e/04e821c0-e5dd-013e-f544-2ec1a3f21564/img/loading.svg"
"TapeTech","210059 - Shoulder Screw","210059","","N/A","20TTX; 25TTX; 30TTX; CF07H; CF12H; EHC07; EHC10; EHC12; QB06-QSX","210059","https://cdn11.bigcommerce.com/s-dbb3r9a7se/images/stencil/1280w/products/1328/2166/210059__93200.1675191909.jpg"
"TapeTech","219064 - Spring Washer","219064","","N/A","20TTX; 25TTX; 30TTX; CF07H; CF12H; EHC07; EHC10; EHC12; QB06-QSX","219064","https://cdn11.bigcommerce.com/s-dbb3r9a7se/images/stencil/1280w/products/880/3801/219064__39458.1675191932.jpg | https://cdn11.bigcommerce.com/s-dbb3r9a7se/stencil/382d9e80-277d-013e-e48e-4a4f5670f649/e/04e821c0-e5dd-013e-f544-2ec1a3f21564/img/loading.svg"
"TapeTech","200052 - Shoulder Screw","200052F","Shoulder screw for flat box wheels.","N/A","20TTX; 25TTX; 30TTX; PA07H; PA10H; PA12H","200052F","https://cdn11.bigcommerce.com/s-dbb3r9a7se/images/stencil/1280w/products/2535/2985/200052f__87739.1675191920.jpg"
"TapeTech","Flat Box Box Wheel O-Ring - FFB6A","219067","","N/A","20TTX; 25TTX; 30TTX; CF07H; CF12H; EHC07; EHC10; EHC12; PA07H; PA10H; PA12H; PAHC07; PAHC10; PAHC12","219067","https://cdn11.bigcommerce.com/s-dbb3r9a7se/images/stencil/1280w/products/2118/1239/059363-hires-lores_1__70380.1675191896.jpg | https://cdn11.bigcommerce.com/s-dbb3r9a7se/stencil/382d9e80-277d-013e-e48e-4a4f5670f649/e/04e821c0-e5dd-013e-f544-2ec1a3f21564/img/loading.svg"
"TapeTech","202007 - Push Rod Crown Adjustment","202007","","N/A","20TTX; 25TTX; 30TTX; CF07H; CF12H; EHC07; EHC10; EHC12; PA07H; PA10H; PA12H; PAHC07; PAHC10; PAHC12","202007","https://cdn11.bigcommerce.com/s-dbb3r9a7se/images/stencil/1280w/products/526/5215/202007__80882.1675191954.jpg | https://cdn11.bigcommerce.com/s-dbb3r9a7se/stencil/382d9e80-277d-013e-e48e-4a4f5670f649/e/04e821c0-e5dd-013e-f544-2ec1a3f21564/img/loading.svg"
"TapeTech","251023G - Flat Box Left Side Plate","251023G","","N/A","20TTX; 25TTX; 30TTX","251023G","https://cdn11.bigcommerce.com/s-dbb3r9a7se/images/stencil/1280w/products/725/733/251023g__70942.1675191889.jpg"
"TapeTech","202020 - Spring Anchor","202020","","N/A","20TTX; 25TTX; 30TTX; CF07H; CF12H; EHC07; EHC10; EHC12; PA07H; PA10H; PA12H; PAHC07; PAHC10; PAHC12","202020","https://cdn11.bigcommerce.com/s-dbb3r9a7se/images/stencil/1280w/products/989/3034/202020__45722.1675191921.jpg | https://cdn11.bigcommerce.com/s-dbb3r9a7se/stencil/382d9e80-277d-013e-e48e-4a4f5670f649/e/04e821c0-e5dd-013e-f544-2ec1a3f21564/img/loading.svg"
"TapeTech","251025G - Right Side Plate","251025G","","N/A","20TTX; 25TTX; 30TTX","251025G","https://cdn11.bigcommerce.com/s-dbb3r9a7se/images/stencil/1280w/products/767/3627/251025g__60231.1675191929.jpg | https://cdn11.bigcommerce.com/s-dbb3r9a7se/stencil/382d9e80-277d-013e-e48e-4a4f5670f649/e/04e821c0-e5dd-013e-f544-2ec1a3f21564/img/loading.svg"
"TapeTech","202022 - Repair Clip","202022","202022 - Repair Clip will work on most flat boxes such as TapeTech, NorthStar and Drywall Master.","N/A","20TTX; 25TTX; 30TTX; CF07H; CF12H; EHC07; EHC10; EHC12; PA07H; PA10H; PA12H; PAHC07; PAHC10; PAHC12","202022","https://cdn11.bigcommerce.com/s-dbb3r9a7se/images/stencil/1280w/products/2721/4779/202022__58744.1675191945.jpg"
"TapeTech","200001 - 7"" Blade","200001","TapeTech 7"" flat box blades are made of high-quality stainless steel.  Flat box blades should be changed regularly, so you don't wear out your skids prematurely.","N/A","20TTX; CF07H; EHC07; PA07H; PAHC07","200001","https://cdn11.bigcommerce.com/s-dbb3r9a7se/images/stencil/1280w/products/2679/1956/httpwww.alstapingtools.comimagesproductsdetailblade1.2__11454.1675191906.jpg"
"TapeTech","202028 - Threaded Washer","202028","","N/A","20TTX; 25TTX; 30TTX; CF07H; CF12H; EHC07; EHC10; EHC12; PA07H; PA10H; PA12H; PAHC07; PAHC10; PAHC12; QB06-QSX","202028","https://cdn11.bigcommerce.com/s-dbb3r9a7se/images/stencil/1280w/products/2697/1779/202028__54858.1675191903.jpg"
"TapeTech","200009 - Shim- 7""","200009","","N/A","20TTX; CF07H","200009","https://cdn11.bigcommerce.com/s-dbb3r9a7se/images/stencil/1280w/products/1255/2172/200009__87618.1675191909.jpg | https://cdn11.bigcommerce.com/s-dbb3r9a7se/stencil/382d9e80-277d-013e-e48e-4a4f5670f649/e/04e821c0-e5dd-013e-f544-2ec1a3f21564/img/loading.svg"
"TapeTech","202036 - Shoulder Screw","202036","","N/A","20TTX; 25TTX; 30TTX; CF07H; CF12H; EHC07; EHC10; EHC12; PA07H; PA10H; PA12H; PAHC07; PAHC10; PAHC12","202036","https://cdn11.bigcommerce.com/s-dbb3r9a7se/images/stencil/1280w/products/966/1736/202036__92102.1675191903.jpg | https://cdn11.bigcommerce.com/s-dbb3r9a7se/stencil/382d9e80-277d-013e-e48e-4a4f5670f649/e/04e821c0-e5dd-013e-f544-2ec1a3f21564/img/loading.svg"
"TapeTech","203010 - Flat Box Crown Spring","203010","","N/A","20TTX; 25TTX; CF07H; EHC07; EHC10; PA07H; PA10H; PAHC07; PAHC10","203010","https://cdn11.bigcommerce.com/s-dbb3r9a7se/images/stencil/1280w/products/904/1663/203010__23804.1675191902.jpg | https://cdn11.bigcommerce.com/s-dbb3r9a7se/stencil/382d9e80-277d-013e-e48e-4a4f5670f649/e/04e821c0-e5dd-013e-f544-2ec1a3f21564/img/loading.svg"
"TapeTech","202044 - Pressure Plate Spring","202044F","Pressure Plate Spring for Drywall Flat Finisher Boxes fits: TapeTech- part # 202044 (EasyClean TTX style) Drywall Master- part # 12FF-30 Columbia- part FFB#17","N/A","20TTX; 25TTX; 30TTX; CF07H; CF12H; EHC07; EHC10; EHC12","202044F","https://cdn11.bigcommerce.com/s-dbb3r9a7se/images/stencil/1280w/products/3073/3362/202044f__76736.1675191925.jpg"
"TapeTech","200026 - 7"" Wiper Gasket","200026F","","N/A","20TTX; CF07H","200026F","https://cdn11.bigcommerce.com/s-dbb3r9a7se/images/stencil/1280w/products/661/1637/200026f__39402.1675191901.jpg | https://cdn11.bigcommerce.com/s-dbb3r9a7se/stencil/382d9e80-277d-013e-e48e-4a4f5670f649/e/04e821c0-e5dd-013e-f544-2ec1a3f21564/img/loading.svg"
"TapeTech","206003 - Dial Assembly","206003","","N/A","20TTX; 25TTX; 30TTX; CF07H; CF12H; EHC07; EHC10; EHC12; PA07H; PA10H; PA12H; PAHC07; PAHC10; PAHC12","206003","https://cdn11.bigcommerce.com/s-dbb3r9a7se/images/stencil/1280w/products/1012/854/206003__94840.1675191890.jpg | https://cdn11.bigcommerce.com/s-dbb3r9a7se/stencil/382d9e80-277d-013e-e48e-4a4f5670f649/e/04e821c0-e5dd-013e-f544-2ec1a3f21564/img/loading.svg"
"TapeTech","200040 -  4-40 Tie Rod- 7""","200040F","This tie rod is specifically designed to fit TapeTech 7"" flat boxes.  Crafted from durable materials, the TapeTech 7"" Flat Box Tie Rod 4-40 is built to withstand heavy use on any construction site. Its 4-40 threading ensures a secure fit with your flat box.","N/A","20TTX; CF07H","200040F","https://cdn11.bigcommerce.com/s-dbb3r9a7se/images/stencil/1280w/products/3889/5718/200040f__91078.1748975327.jpg"
"TapeTech","209006  - Right Skid Cover","209006","Skid Cover (Right)- Fits TapeTech and Drywall Master Flat Boxes","N/A","20TTX; 25TTX; 30TTX; CF07H; CF12H; EHC07; EHC10; EHC12; PA07H; PA10H; PA12H; PAHC07; PAHC10; PAHC12","209006","https://cdn11.bigcommerce.com/s-dbb3r9a7se/images/stencil/1280w/products/2797/3369/209006__08890.1675191926.jpg"
"TapeTech","200045G - Replacement 7"" Axle","200045G","","N/A","20TTX","200045G","https://cdn11.bigcommerce.com/s-dbb3r9a7se/images/stencil/1280w/products/507/2000/200045g__63819.1675191906.jpg | https://cdn11.bigcommerce.com/s-dbb3r9a7se/stencil/382d9e80-277d-013e-e48e-4a4f5670f649/e/04e821c0-e5dd-013e-f544-2ec1a3f21564/img/loading.svg"
"TapeTech","209012 - 4-40 X 1/4 Head Screw","209012","","N/A","20TTX; 25TTX; 30TTX; CF07H; CF12H; EHC07; EHC10; EHC12; PA07H; PA10H; PA12H; PAHC07; PAHC10; PAHC12","209012","https://cdn11.bigcommerce.com/s-dbb3r9a7se/images/stencil/1280w/products/737/559/209012__69073.1675191886.jpg | https://cdn11.bigcommerce.com/s-dbb3r9a7se/stencil/382d9e80-277d-013e-e48e-4a4f5670f649/e/04e821c0-e5dd-013e-f544-2ec1a3f21564/img/loading.svg"
"TapeTech","201032 - 7"" Radius Plate (Gold)","201032G","201032 - 7"" Radius Plate (Gold)","N/A","20TTX","201032G","https://cdn11.bigcommerce.com/s-dbb3r9a7se/images/stencil/1280w/products/3344/2889/201032g__56113.1675191919.jpg"
"TapeTech","209016 - Screw 4-40 X 7/32 Bind Hd","209016","","N/A","20TTX; 25TTX; 30TTX; CF07H; CF12H; EHC07; EHC10; EHC12; PA07H; PA10H; PA12H; PAHC07; PAHC10; PAHC12","209016","https://cdn11.bigcommerce.com/s-dbb3r9a7se/images/stencil/1280w/products/2737/3556/209016__82067.1675191928.jpg"
"TapeTech","7"" Base Plate (Extruded) Gold","202033G","","N/A","20TTX","202033G",""
"TapeTech","209017 - 10-24 Nylock Nut","209017","","N/A","20TTX; 25TTX; 30TTX; EHC07; EHC10; EHC12; PA07H; PA10H; PA12H; PAHC07; PAHC10; PAHC12; QB06-QSX","209017","https://cdn11.bigcommerce.com/s-dbb3r9a7se/images/stencil/1280w/products/864/543/209017__96471.1675191886.jpg | https://cdn11.bigcommerce.com/s-dbb3r9a7se/stencil/382d9e80-277d-013e-e48e-4a4f5670f649/e/04e821c0-e5dd-013e-f544-2ec1a3f21564/img/loading.svg"
"TapeTech","204002 - 7"" Blade Holder Assembly","204002","","N/A","20TTX; CF07H; EHC07; PA07H; PAHC07","204002","https://cdn11.bigcommerce.com/s-dbb3r9a7se/images/stencil/1280w/products/836/3399/204002__11171.1675191926.jpg"
"TapeTech","209030 - 10-24 Stainless Steel Wingnut","209030","The stainless steel wingnut serves as a replacement for the one that comes standard with your TapeTech Tool.","N/A","20TTX; 25TTX; 30TTX; EHC07; EHC10; EHC12; PA07H; PA10H; PA12H; PAHC07; PAHC10; PAHC12; QB06-QSX","209030","https://cdn11.bigcommerce.com/s-dbb3r9a7se/images/stencil/1280w/products/1875/2653/209030_1__30098.1675191916.jpg | https://cdn11.bigcommerce.com/s-dbb3r9a7se/images/stencil/1280w/products/1875/3017/209030-1__76435.1675191921.jpg"
"TapeTech","204005 - 7"" Clamp Assembly","204005","","N/A","20TTX; CF07H; EHC07; PA07H; PAHC07","204005","https://cdn11.bigcommerce.com/s-dbb3r9a7se/images/stencil/1280w/products/1437/872/204005__07580.1675191891.jpg"
"TapeTech","209039 - Left Skid Cover","209039","Skid Cover (Left)- Fits TapeTech and Drywall Master Flat Boxes","N/A","20TTX; 25TTX; 30TTX; CF07H; CF12H; EHC07; EHC10; EHC12; PA07H; PA10H; PA12H; PAHC07; PAHC10; PAHC12","209039","https://cdn11.bigcommerce.com/s-dbb3r9a7se/images/stencil/1280w/products/2829/2153/209039__03987.1675191909.jpg"
"TapeTech","206027 - 7"" Pressure Plate (Gold)","206027G","206027 - 7"" Pressure Plate (Gold) for TapeTech 7"" Flat Box.","N/A","20TTX","206027G","https://cdn11.bigcommerce.com/s-dbb3r9a7se/images/stencil/1280w/products/3282/888/206027g__02951.1675191891.jpg"
"TapeTech","209041 - Spring Clip","209041","","N/A","20TTX; 25TTX; 30TTX; CF07H; CF12H","209041","https://cdn11.bigcommerce.com/s-dbb3r9a7se/images/stencil/1280w/products/893/3053/209041__68165.1675191921.jpg"
"TapeTech","310051 - Flat Box Wheel","310051F","","N/A","20TTX; 25TTX; 30TTX; PA07H; PA10H; PA12H","310051F","https://cdn11.bigcommerce.com/s-dbb3r9a7se/images/stencil/1280w/products/416/3718/310051f__07608.1675191930.jpg | https://cdn11.bigcommerce.com/s-dbb3r9a7se/stencil/382d9e80-277d-013e-e48e-4a4f5670f649/e/04e821c0-e5dd-013e-f544-2ec1a3f21564/img/loading.svg"
"TapeTech","339073 - 10-24 x 1-1/4 Fillister Head Screw","339073","","N/A","20TTX; 25TTX; 30TTX; EHC07; EHC10; EHC12; PA07H; PA10H; PA12H; PAHC07; PAHC10; PAHC12; QB06-QSX","339073","https://cdn11.bigcommerce.com/s-dbb3r9a7se/images/stencil/1280w/products/2673/2805/339073__01272.1675191918.jpg"
"TapeTech","209046 - Flat Box Washer","209046","","N/A","20TTX; 25TTX; 30TTX; CF07H; CF12H; EHC07; EHC10; EHC12; PA07H; PA10H; PA12H; PAHC07; PAHC10; PAHC12; QB06-QSX","209046","https://cdn11.bigcommerce.com/s-dbb3r9a7se/images/stencil/1280w/products/704/3985/209046__98089.1675191934.jpg | https://cdn11.bigcommerce.com/s-dbb3r9a7se/stencil/382d9e80-277d-013e-e48e-4a4f5670f649/e/04e821c0-e5dd-013e-f544-2ec1a3f21564/img/loading.svg"
"TapeTech","489023 - #6 SS Flat Washer","489023","","N/A","20TTX; 25TTX; 30TTX; 48TT; CF07H; CF12H; EHC07; EHC10; EHC12; PA07H; PA10H; PA12H; PAHC07; PAHC10; PAHC12; QB06-QSX","489023","https://cdn11.bigcommerce.com/s-dbb3r9a7se/images/stencil/1280w/products/435/3752/489023__09377.1675191931.jpg | https://cdn11.bigcommerce.com/s-dbb3r9a7se/stencil/382d9e80-277d-013e-e48e-4a4f5670f649/e/04e821c0-e5dd-013e-f544-2ec1a3f21564/img/loading.svg"
"TapeTech","209047 - Nyliner Bearing","209047","","N/A","20TTX; 25TTX; 30TTX; CF07H; CF12H; EHC07; EHC10; EHC12; PA07H; PA10H; PA12H; PAHC07; PAHC10; PAHC12","209047","https://cdn11.bigcommerce.com/s-dbb3r9a7se/images/stencil/1280w/products/2436/4853/209047__56731.1675191946.jpg"
"TapeTech","609048 - 4-40 X 3/8 Flat Hd Screw","609048","","N/A","20TTX; 25TTX; 30TTX; CF07H; CF12H; NS02TT; NS03TT; T05CF","609048","https://cdn11.bigcommerce.com/s-dbb3r9a7se/images/stencil/1280w/products/1094/3729/609008_1_1__16708.1675191931.jpg"
"TapeTech","202021 - Special Nut","202021","","N/A","20TTX; 25TTX; 30TTX; CF07H; CF12H; EHC07; EHC10; EHC12; PA07H; PA10H; PA12H; PAHC07; PAHC10; PAHC12","202021","https://cdn11.bigcommerce.com/s-dbb3r9a7se/images/stencil/1280w/products/927/2792/202021__60128.1675191918.jpg | https://cdn11.bigcommerce.com/s-dbb3r9a7se/stencil/382d9e80-277d-013e-e48e-4a4f5670f649/e/04e821c0-e5dd-013e-f544-2ec1a3f21564/img/loading.svg"
"TapeTech","209049 - 6-32 X 5/16 Bd Hd Sst Screw","209049","","N/A","20TTX; 25TTX; 30TTX; CF07H; CF12H","209049","https://cdn11.bigcommerce.com/s-dbb3r9a7se/images/stencil/1280w/products/926/1852/209049_2__96182.1675191904.jpg | https://cdn11.bigcommerce.com/s-dbb3r9a7se/stencil/382d9e80-277d-013e-e48e-4a4f5670f649/e/04e821c0-e5dd-013e-f544-2ec1a3f21564/img/loading.svg"
"TapeTech","250001 - 10"" Box Blade","250001","Our TapeTech 10"" Flat Box Blades are the strongest stainless steel.  Guaranteed not to rust.  Flat box blades should be changed regularly, so you don't wear out your skids prematurely. It fits the following brands: NorthStar TapeTech Tape Master Columbia Level 5 Drywall Master","N/A","25TTX; EHC10; PA10H; PAHC10","250001","https://cdn11.bigcommerce.com/s-dbb3r9a7se/images/stencil/1280w/products/3211/2829/httpwww.alstapingtools.comimagesproductsdetailblade1.1__45071.1675191918.jpg"
"TapeTech","250009 - TapeTech Replacement Shim 10""","250009","TapeTech Replacement Shim 10"" part# 250009","N/A","25TTX","250009","https://cdn11.bigcommerce.com/s-dbb3r9a7se/images/stencil/1280w/products/2119/997/httpwww.alstapingtools.comimagesproductsdetail250009__34454.1675191892.jpg"
"TapeTech","250026 10"" Flat Box Wiper","250026F","Compatible with: TapeTech- part # 250026F (TTX EasyClean Style only) Drywall Master- part # 10FF-37","N/A","25TTX","250026F","https://cdn11.bigcommerce.com/s-dbb3r9a7se/images/stencil/1280w/products/2329/2316/250026f_4__07065.1675191911.jpg"
"TapeTech","10"" Tie Rod","250040F","","N/A","25TTX","250040F",""
"TapeTech","10"" Axle","250045G","","N/A","25TTX","250045G",""
"TapeTech","251032G - 10"" Radius Plate (Gold)","251032G","Radius Plate for 10"" TapeTech flat box.","N/A","25TTX","251032G","https://cdn11.bigcommerce.com/s-dbb3r9a7se/images/stencil/1280w/products/3527/2538/251032g__66231.1675191914.jpg"
"TapeTech","10"" Base Plate (Extruded) Gold","252033G","","N/A","25TTX","252033G",""
"TapeTech","254002 - 10"" Blade Holder Assembly","254002","","N/A","25TTX; EHC10; PA10H; PAHC10","254002","https://cdn11.bigcommerce.com/s-dbb3r9a7se/images/stencil/1280w/products/958/2969/httpwww.alstapingtools.comimagesproductsdetail12bladeholder1__93447.1675191920.jpg | https://cdn11.bigcommerce.com/s-dbb3r9a7se/stencil/382d9e80-277d-013e-e48e-4a4f5670f649/e/04e821c0-e5dd-013e-f544-2ec1a3f21564/img/loading.svg"
"TapeTech","254005 - 10"" Clamp Assembly","254005","","N/A","25TTX; EHC10; PA10H; PAHC10","254005","https://cdn11.bigcommerce.com/s-dbb3r9a7se/images/stencil/1280w/products/1193/1889/254005__90626.1675191905.jpg | https://cdn11.bigcommerce.com/s-dbb3r9a7se/stencil/382d9e80-277d-013e-e48e-4a4f5670f649/e/04e821c0-e5dd-013e-f544-2ec1a3f21564/img/loading.svg"
"TapeTech","256027 - 10"" Pressure Plate (Gold)","256027G","256027 - 10"" Pressure Plate (Gold)","N/A","25TTX","256027G","https://cdn11.bigcommerce.com/s-dbb3r9a7se/images/stencil/1280w/products/3491/1591/256027g__19703.1675191900.jpg"
"TapeTech","300001 - 12"" Flat Box Blade","300001","Our 12"" Flat Box Blades fit almost all manufacturers of flat boxes.   These Flat Box Blades are the strongest stainless steel.  Guaranteed not to rust.  Flat box blades should be changed regularly, so you don't wear out your skids prematurely. This 12"" flat box blade will fit the following brands of boxes: NorthStar TapeTech Tape Master Columbia Level 5 Drywall Master","N/A","30TTX; CF12H; EHC12; PA12H; PAHC12","300001","https://cdn11.bigcommerce.com/s-dbb3r9a7se/images/stencil/1280w/products/1305/431/httpwww.alstapingtools.comimagesproductsdetailblssss__04088.1675191884.jpg"
"TapeTech","2 - Shim 12""","300009","","N/A","30TTX; CF12H","300009","https://cdn11.bigcommerce.com/s-dbb3r9a7se/images/stencil/1280w/products/1065/2163/300009__03687.1675191909.jpg | https://cdn11.bigcommerce.com/s-dbb3r9a7se/stencil/382d9e80-277d-013e-e48e-4a4f5670f649/e/04e821c0-e5dd-013e-f544-2ec1a3f21564/img/loading.svg"
"TapeTech","303010 - Crown Spring","303010","","N/A","30TTX; CF12H; EHC12; PA12H; PAHC12","303010","https://cdn11.bigcommerce.com/s-dbb3r9a7se/images/stencil/1280w/products/791/2633/303010__89392.1675191915.jpg | https://cdn11.bigcommerce.com/s-dbb3r9a7se/stencil/382d9e80-277d-013e-e48e-4a4f5670f649/e/04e821c0-e5dd-013e-f544-2ec1a3f21564/img/loading.svg"
"TapeTech","300026 - 12"" Flat Box Wiper","300026F","","N/A","30TTX; CF12H","300026F","https://cdn11.bigcommerce.com/s-dbb3r9a7se/images/stencil/1280w/products/527/1017/300026f__10572.1675191893.jpg | https://cdn11.bigcommerce.com/s-dbb3r9a7se/stencil/382d9e80-277d-013e-e48e-4a4f5670f649/e/04e821c0-e5dd-013e-f544-2ec1a3f21564/img/loading.svg"
"TapeTech","300040 - 4-40 Tie Rod for 12""","300040F","","N/A","30TTX; CF12H","300040F","https://cdn11.bigcommerce.com/s-dbb3r9a7se/images/stencil/1280w/products/3205/3018/300040f__61514.1675191921.jpg"
"TapeTech","300045G -TapeTech Replacement Axle for 12"" Flat Box","300045G","TapeTech Replacement 12"" Axle Gold for TTX EasyClean Drywall Flat Box","N/A","30TTX","300045G","https://cdn11.bigcommerce.com/s-dbb3r9a7se/images/stencil/1280w/products/3284/525/300045g__56229.1675191886.jpg"
"TapeTech","301032 - 12"" Radius Plate (Gold)","301032G","301032 - 12"" Radius Plate (Gold)","N/A","30TTX","301032G","https://cdn11.bigcommerce.com/s-dbb3r9a7se/images/stencil/1280w/products/3226/668/301032g__81636.1675191888.jpg"
"TapeTech","12"" Base Plate (Extruded) Gold","302033G","","N/A","30TTX","302033G",""
"TapeTech","304002 - 12"" Blade Holder Assembly","304002","","N/A","30TTX; CF12H; EHC12; PA12H; PAHC12","304002","https://cdn11.bigcommerce.com/s-dbb3r9a7se/images/stencil/1280w/products/1021/3364/304002__61203.1675191925.jpg"
"TapeTech","304005 - 12"" Blade Holder Clamp","304005","304005 12"" Blade Holder Clamp","N/A","30TTX; CF12H; EHC12; PA12H; PAHC12","304005","https://cdn11.bigcommerce.com/s-dbb3r9a7se/images/stencil/1280w/products/1893/717/httpwww.alstapingtools.comimagesproductsdetail304005__32145.1675191888.jpg"
"TapeTech","306027G - 12"" Pressure Plate (Gold)","306027G","","N/A","30TTX","306027G","https://cdn11.bigcommerce.com/s-dbb3r9a7se/images/stencil/1280w/products/3126/4961/306027g__30543.1675191948.jpg"
"TapeTech","402002F - Spring Retainer Stop","402002F","","N/A","42TT; 48TT","402002F","https://cdn11.bigcommerce.com/s-dbb3r9a7se/images/stencil/1280w/products/141/2145/402002f__87349.1675191908.jpg | https://cdn11.bigcommerce.com/s-dbb3r9a7se/stencil/382d9e80-277d-013e-e48e-4a4f5670f649/e/04e821c0-e5dd-013e-f544-2ec1a3f21564/img/loading.svg"
"TapeTech","402006 - Insert Socket","402006","","N/A","42TT; 48TT","402006","https://cdn11.bigcommerce.com/s-dbb3r9a7se/images/stencil/1280w/products/506/2945/402006__77269.1675191920.jpg | https://cdn11.bigcommerce.com/s-dbb3r9a7se/stencil/382d9e80-277d-013e-e48e-4a4f5670f649/e/04e821c0-e5dd-013e-f544-2ec1a3f21564/img/loading.svg"
"TapeTech","402012 - Ball Retainer","402012","","N/A","42TT; 48TT","402012","https://cdn11.bigcommerce.com/s-dbb3r9a7se/images/stencil/1280w/products/1422/2339/402012__63355.1675191911.jpg"
"TapeTech","409010 - Retainer Spring","409010","","N/A","42TT; 48TT","409010","https://cdn11.bigcommerce.com/s-dbb3r9a7se/images/stencil/1280w/products/463/1870/409010__42276.1675191904.jpg | https://cdn11.bigcommerce.com/s-dbb3r9a7se/stencil/382d9e80-277d-013e-e48e-4a4f5670f649/e/04e821c0-e5dd-013e-f544-2ec1a3f21564/img/loading.svg"
"TapeTech","409011 - Skid Blade","409011","","N/A","42TT; 48TT","409011","https://cdn11.bigcommerce.com/s-dbb3r9a7se/images/stencil/1280w/products/300/5636/409011__01563.1675191965.jpg | https://cdn11.bigcommerce.com/s-dbb3r9a7se/stencil/382d9e80-277d-013e-e48e-4a4f5670f649/e/04e821c0-e5dd-013e-f544-2ec1a3f21564/img/loading.svg"
"TapeTech","420009 - Carbide Blade 2.5in","420009","","N/A","42TT","420009","https://cdn11.bigcommerce.com/s-dbb3r9a7se/images/stencil/1280w/products/1443/529/420009__79465.1675191886.jpg"
"TapeTech","426001 - 2.5in Head Casting","426001","426001 2.5in Head Casting for TT42","N/A","42TT","426001","https://cdn11.bigcommerce.com/s-dbb3r9a7se/images/stencil/1280w/products/1327/2690/426001__11221.1675191916.jpg"
"TapeTech","480002 - TapeTech Angle Head Wear Pad","480002F","","N/A","42TT; 48TT","480002F","https://cdn11.bigcommerce.com/s-dbb3r9a7se/images/stencil/1280w/products/3639/2434/480002f__14158.1675191913.jpg"
"TapeTech","420015 - 2.5in Frame (Left)","420015","420015 2.5in Frame Left for TT42","N/A","42TT","420015","https://cdn11.bigcommerce.com/s-dbb3r9a7se/images/stencil/1280w/products/1297/3298/420015__91061.1675191925.jpg"
"TapeTech","420016 - 2.5in Frame (Right)","420016","","N/A","42TT","420016","https://cdn11.bigcommerce.com/s-dbb3r9a7se/images/stencil/1280w/products/1268/4228/420016__67821.1675191938.jpg"
"TapeTech","480017 - Center Clip (Short)","480017F","","N/A","42TT; 48TT","480017F","https://cdn11.bigcommerce.com/s-dbb3r9a7se/images/stencil/1280w/products/1386/4875/480017f__45654.1675191947.jpg"
"TapeTech","480021 - Blade Tension Spring (Small)","480021","Blade tension spring for TapeTech angle head.","N/A","42TT; 48TT","480021","https://cdn11.bigcommerce.com/s-dbb3r9a7se/images/stencil/1280w/products/2012/1693/480021__13031.1675191902.jpg"
"TapeTech","484014F - Center Clip Assy","484014F","484014F Center Clip Assembly","N/A","42TT; 48TT","484014F","https://cdn11.bigcommerce.com/s-dbb3r9a7se/images/stencil/1280w/products/3559/1333/484014f__44124.1675191897.jpg"
"TapeTech","489013 - 6-32x1/8 Socket Hd Setscrew","489013","","N/A","42TT; 48TT; EHC07; EHC10; EHC12","489013","https://cdn11.bigcommerce.com/s-dbb3r9a7se/images/stencil/1280w/products/1483/2957/489013_1__09411.1675191920.jpg"
"TapeTech","489022 - Screw, 4-40 X 31/64","489022","489022 - Screw, 4-40 X 31/64","N/A","42TT; 48TT","489022","https://cdn11.bigcommerce.com/s-dbb3r9a7se/images/stencil/1280w/products/3166/2458/489022__66394.1675191913.jpg"
"TapeTech","402019 - Blade Holder Stop","402019","","N/A","42TT","402019","https://cdn11.bigcommerce.com/s-dbb3r9a7se/images/stencil/1280w/products/584/3485/402019__73301.1675191927.jpg | https://cdn11.bigcommerce.com/s-dbb3r9a7se/stencil/382d9e80-277d-013e-e48e-4a4f5670f649/e/04e821c0-e5dd-013e-f544-2ec1a3f21564/img/loading.svg"
"TapeTech","480230 - Head Frame Stop","480230","","N/A","42TT","480230","https://cdn11.bigcommerce.com/s-dbb3r9a7se/images/stencil/1280w/products/1518/4447/480230__53309.1675191941.jpg"
"TapeTech","450009 - 3"" Carbide Blade","450009F","","N/A","48TT","450009F","https://cdn11.bigcommerce.com/s-dbb3r9a7se/images/stencil/1280w/products/571/1962/450009f__10197.1675191906.jpg | https://cdn11.bigcommerce.com/s-dbb3r9a7se/stencil/382d9e80-277d-013e-e48e-4a4f5670f649/e/04e821c0-e5dd-013e-f544-2ec1a3f21564/img/loading.svg"
"TapeTech","480005 - Blade Tension Spring (Large)","480005","Blade Tension Spring for TapeTech 3 & 3.5"" Angle Heads.","N/A","48TT","480005","https://cdn11.bigcommerce.com/s-dbb3r9a7se/images/stencil/1280w/products/1792/4921/480005__16347.1675191947.jpg"
"TapeTech","480007 - Spring Adjusting Cam (Right)","480007F","480007 - Spring Adjusting Cam (Right) for TapeTech Angle Heads.","N/A","48TT","480007F","https://cdn11.bigcommerce.com/s-dbb3r9a7se/images/stencil/1280w/products/3100/3733/480007f__38937.1675191931.jpg"
"TapeTech","480008 - Spring Adjusting Cam (Left)","480008F","480008 - Spring Adjusting Cam (Left)","N/A","48TT","480008F","https://cdn11.bigcommerce.com/s-dbb3r9a7se/images/stencil/1280w/products/3210/754/480008f__41921.1675191889.jpg"
"TapeTech","Easyroll Frame, Left","480015F","","N/A","48TT","480015F",""
"TapeTech","480016F - Stainless Steel Frame (Right)","480016F","480016F - Stainless Steel Frame (Right) for TapeTech 3"" Angle Head.","N/A","48TT","480016F","https://cdn11.bigcommerce.com/s-dbb3r9a7se/images/stencil/1280w/products/3317/2960/480016f__14091.1675191920.jpg"
"TapeTech","480026 - TapeTech Replacement Angle Head Wheel","480026","480026 TapeTech Replacement Angle Head Wheel","N/A","48TT","480026","https://cdn11.bigcommerce.com/s-dbb3r9a7se/images/stencil/1280w/products/2151/2436/httpwww.alstapingtools.comimagesproductsdetail480026__42241.1675191913.jpg"
"TapeTech","480027 - Wheel Bushing","480027","TapeTech Part# 480027 Wheel Bushing","N/A","48TT","480027","https://cdn11.bigcommerce.com/s-dbb3r9a7se/images/stencil/1280w/products/2631/3461/httpwww.alstapingtools.comimagesproductsdetail480027__92727.1675191927.jpg"
"TapeTech","486001 - 3"" Easy Roll Head Casting","486001F","Main Head casting for a TapeTech 3"" Angle Head","N/A","48TT","486001F","https://cdn11.bigcommerce.com/s-dbb3r9a7se/images/stencil/1280w/products/3438/1086/486001f__27221.1675191893.jpg"
"TapeTech","489028 - O-Ring","489028","","N/A","48TT","489028","https://cdn11.bigcommerce.com/s-dbb3r9a7se/images/stencil/1280w/products/382/2107/489028__99063.1675191908.jpg | https://cdn11.bigcommerce.com/s-dbb3r9a7se/stencil/382d9e80-277d-013e-e48e-4a4f5670f649/e/04e821c0-e5dd-013e-f544-2ec1a3f21564/img/loading.svg"
"TapeTech","489029 - 6-32 X 5/8 Socket Hd Screw","489029","489029 - 6-32 X 5/8 Socket Hd Screw","N/A","48TT","489029","https://cdn11.bigcommerce.com/s-dbb3r9a7se/images/stencil/1280w/products/2155/440/489029__13646.1675191884.jpg"
"TapeTech","489020 - 4-40x5/16 Nylock Pan Hd Screw","489020","489020 - 4-40x5/16 Nylock Pan Hd Screw","N/A","48TT","489020","https://cdn11.bigcommerce.com/s-dbb3r9a7se/images/stencil/1280w/products/2706/2212/489020__02625.1675191909.jpg"
"TapeTech","059260 - 8-32 Sst Hex Nut","059260","TapeTech Part# 059260 8-32 Sst Hex Nut","N/A","8034TT; 8042TT; 8054TT; 8072TT; 8134TT; 8142TT; 8154TT; 8172TT","059260","https://cdn11.bigcommerce.com/s-dbb3r9a7se/images/stencil/1280w/products/2213/4685/httpwww.alstapingtools.comimagesproductsdetail059260__91089.1675191944.jpg"
"TapeTech","702031 - Aluminum Ball","702031F","702031 - Aluminum Ball for TapeTech Loading Pump and TapeTech Flat Box Handle","N/A","8034TT; 8042TT; 8054TT; 8072TT; 8134TT; 8142TT; 8154TT; 8172TT","702031F","https://cdn11.bigcommerce.com/s-dbb3r9a7se/images/stencil/1280w/products/3564/1158/702031f__36945.1675191894.jpg"
"TapeTech","800008 - Pivot Arm","800008","","N/A","8034TT; 8042TT; 8054TT; 8072TT; 8134TT; 8142TT; 8154TT; 8172TT","800008","https://cdn11.bigcommerce.com/s-dbb3r9a7se/images/stencil/1280w/products/2750/807/800008__79965.1675191890.jpg"
"TapeTech","800016 - Quadrant","800016","","N/A","8034TT; 8042TT; 8054TT; 8072TT; 8134TT; 8142TT; 8154TT; 8172TT","800016","https://cdn11.bigcommerce.com/s-dbb3r9a7se/images/stencil/1280w/products/2629/3063/800016__87120.1675191921.jpg"
"TapeTech","800018 - Connector Plate","800018F","800018 - Connector Plate for TapeTech Flat Box Handle.","N/A","8034TT; 8042TT; 8054TT; 8072TT; 8134TT; 8142TT; 8154TT; 8172TT","800018F","https://cdn11.bigcommerce.com/s-dbb3r9a7se/images/stencil/1280w/products/3412/932/800018f__56780.1675191891.jpg"
"TapeTech","800021 - Pin","800021F","","N/A","8034TT; 8042TT; 8054TT; 8072TT; 8134TT; 8142TT; 8154TT; 8172TT","800021F","https://cdn11.bigcommerce.com/s-dbb3r9a7se/images/stencil/1280w/products/995/3294/httpwww.alstapingtools.comimagesproductsdetail800021f__06734.1675191924.jpg"
"TapeTech","800027 - Short Connector","800027","Short Connector for TapeTech box handle.","N/A","8034TT; 8042TT; 8054TT; 8072TT","800027","https://cdn11.bigcommerce.com/s-dbb3r9a7se/images/stencil/1280w/products/2907/1701/800027__18516.1675191902.jpg"
"TapeTech","800134G - 34"" Tube","800134G","34"" Tube for TapeTech Flat Box Handle","N/A","8034TT; 8042TT; 8054TT; 8072TT","800134G","https://cdn11.bigcommerce.com/s-dbb3r9a7se/images/stencil/1280w/products/3109/3503/800134g__17757.1675191927.jpg"
"TapeTech","800142G - 42"" Tube","800142G","800142G - 42"" TUBE","N/A","8034TT; 8042TT; 8054TT; 8072TT","800142G","https://cdn11.bigcommerce.com/s-dbb3r9a7se/images/stencil/1280w/products/3137/1994/800142g__37130.1675191906.jpg"
"TapeTech","800154G - 54"" Tube","800154G","800154G - 54"" TUBE","N/A","8034TT; 8042TT; 8054TT; 8072TT","800154G","https://cdn11.bigcommerce.com/s-dbb3r9a7se/images/stencil/1280w/products/3165/1908/800154g__96309.1675191905.jpg"
"TapeTech","800172G - 72"" Tube","800172G","800172G - 72"" TUBE","N/A","8034TT; 8042TT; 8054TT; 8072TT","800172G","https://cdn11.bigcommerce.com/s-dbb3r9a7se/images/stencil/1280w/products/3185/3671/800172g__46538.1675191930.jpg"
"TapeTech","804003 - Handle Lever Assembly","804003F","TapeTech Handle Lever Assembly for TapeTech box handle #804003","N/A","8034TT; 8042TT; 8054TT; 8072TT; 8134TT; 8142TT; 8154TT; 8172TT","804003F","https://cdn11.bigcommerce.com/s-dbb3r9a7se/images/stencil/1280w/products/3193/2565/804003f__29849.1675191914.jpg"
"TapeTech","804234 - 34"" Connector Assembly","804234","34"" Connector for TapeTech Flat Box Handle #804234","N/A","8034TT; 8042TT; 8054TT; 8072TT","804234","https://cdn11.bigcommerce.com/s-dbb3r9a7se/images/stencil/1280w/products/3171/3696/804234__25342.1675191930.jpg"
"TapeTech","804242 - 42"" Connector Assembly","804242","","N/A","8034TT; 8042TT; 8054TT; 8072TT","804242","https://cdn11.bigcommerce.com/s-dbb3r9a7se/images/stencil/1280w/products/3232/493/804242__99753.1675191885.jpg"
"TapeTech","804254 - 54"" Connector Assembly","804254","804254 - 54"" CONNECTOR ASSEMBLY for TapeTech Flat Box Handle","N/A","8034TT; 8042TT; 8054TT; 8072TT","804254","https://cdn11.bigcommerce.com/s-dbb3r9a7se/images/stencil/1280w/products/2955/2835/804254__46433.1675191918.jpg"
"TapeTech","804272 - 72"" Connector Assembly","804272","804272 - 72"" CONNECTOR ASSEMBLY for TapeTech Flat Box Handle","N/A","8034TT; 8042TT; 8054TT; 8072TT","804272","https://cdn11.bigcommerce.com/s-dbb3r9a7se/images/stencil/1280w/products/3046/1384/804272__73587.1675191898.jpg"
"TapeTech","808015 - Hinge Assembly W/ S/N","808015F","808015 Hinge Assembly for TapeTech Flat Box Handle","N/A","8034TT; 8042TT; 8054TT; 8072TT; 8134TT; 8142TT; 8154TT; 8172TT","808015F","https://cdn11.bigcommerce.com/s-dbb3r9a7se/images/stencil/1280w/products/3212/704/808015f__49077.1675191888.jpg"
"TapeTech","809004 - 8-32 x 3/4 Hex Socket Screw","809004","","N/A","8034TT; 8042TT; 8054TT; 8072TT; 8134TT; 8142TT; 8154TT; 8172TT","809004","https://cdn11.bigcommerce.com/s-dbb3r9a7se/images/stencil/1280w/products/303/2377/809004__47620.1675191912.jpg | https://cdn11.bigcommerce.com/s-dbb3r9a7se/stencil/382d9e80-277d-013e-e48e-4a4f5670f649/e/04e821c0-e5dd-013e-f544-2ec1a3f21564/img/loading.svg"
"TapeTech","809011 - Dog Point 5/16-18x7/8 Thumb Screw","809011","","N/A","8034TT; 8042TT; 8054TT; 8072TT; 8134TT; 8142TT; 8154TT; 8172TT","809011","https://cdn11.bigcommerce.com/s-dbb3r9a7se/images/stencil/1280w/products/638/3084/809011__90773.1675191922.jpg | https://cdn11.bigcommerce.com/s-dbb3r9a7se/stencil/382d9e80-277d-013e-e48e-4a4f5670f649/e/04e821c0-e5dd-013e-f544-2ec1a3f21564/img/loading.svg"
"TapeTech","809012 - 8-32x3/8 Socket Hd Screw","809012","809012 - 8-32x3/8 Socket Hd Screw","N/A","8034TT; 8042TT; 8054TT; 8072TT; 8134TT; 8142TT; 8154TT; 8172TT","809012","https://cdn11.bigcommerce.com/s-dbb3r9a7se/images/stencil/1280w/products/3467/2447/809012__20221.1675191913.jpg"
"TapeTech","809017 - #8 Medium Spring Lockwasher","809017","","N/A","8034TT; 8042TT; 8054TT; 8072TT; 8134TT; 8142TT; 8154TT; 8172TT","809017","https://cdn11.bigcommerce.com/s-dbb3r9a7se/images/stencil/1280w/products/346/3869/809017__55381.1675191933.jpg | https://cdn11.bigcommerce.com/s-dbb3r9a7se/stencil/382d9e80-277d-013e-e48e-4a4f5670f649/e/04e821c0-e5dd-013e-f544-2ec1a3f21564/img/loading.svg"
"TapeTech","809024 - Socket Cup Point Setscrew","809024","809024 - Socket Cup Point Setscrew for TapeTech Flat Box Handle","N/A","8034TT; 8042TT; 8054TT; 8072TT; 8134TT; 8142TT; 8154TT; 8172TT","809024","https://cdn11.bigcommerce.com/s-dbb3r9a7se/images/stencil/1280w/products/3508/3972/809024__05083.1675191934.jpg"
"TapeTech","809025 - Clevis Pin","809025","809025 - Clevis Pin for TapeTech Flat Box Handle","N/A","8034TT; 8042TT; 8054TT; 8072TT; 8134TT; 8142TT; 8154TT; 8172TT","809025","https://cdn11.bigcommerce.com/s-dbb3r9a7se/images/stencil/1280w/products/3358/3301/809025__38240.1675191925.jpg"
"TapeTech","059217 - 4-40 X 3/8 Bind Head Screw","059217","","N/A","8134TT; 8142TT; 8154TT; 8172TT","059217","https://cdn11.bigcommerce.com/s-dbb3r9a7se/images/stencil/1280w/products/685/4335/httpwww.alstapingtools.comimagesproductsdetail059217__21786.1675191939.jpg | https://cdn11.bigcommerce.com/s-dbb3r9a7se/stencil/382d9e80-277d-013e-e48e-4a4f5670f649/e/04e821c0-e5dd-013e-f544-2ec1a3f21564/img/loading.svg"
"TapeTech","Short Connector for Bent Handle","810027","","N/A","8134TT; 8142TT; 8154TT; 8172TT","810027","https://cdn11.bigcommerce.com/s-dbb3r9a7se/images/stencil/1280w/products/3394/398/810027__34265.1675191884.jpg"
"TapeTech","810028 - Swivel Axle","810028","","N/A","8134TT; 8142TT; 8154TT; 8172TT","810028","https://cdn11.bigcommerce.com/s-dbb3r9a7se/images/stencil/1280w/products/1383/403/810028__46612.1675191884.jpg"
"TapeTech","810029 - Connector Coupling","810029","","N/A","8134TT; 8142TT; 8154TT; 8172TT","810029","https://cdn11.bigcommerce.com/s-dbb3r9a7se/images/stencil/1280w/products/1007/3900/810029__32437.1675191933.jpg | https://cdn11.bigcommerce.com/s-dbb3r9a7se/stencil/382d9e80-277d-013e-e48e-4a4f5670f649/e/04e821c0-e5dd-013e-f544-2ec1a3f21564/img/loading.svg"
"TapeTech","814234 - 34"" Connector Assy","814234","","N/A","8134TT; 8142TT; 8154TT; 8172TT","814234","https://cdn11.bigcommerce.com/s-dbb3r9a7se/images/stencil/1280w/products/1442/1080/814234__52376.1675191893.jpg"
"TapeTech","814242 - 42"" Connector Assy","814242","","N/A","8134TT; 8142TT; 8154TT; 8172TT","814242","https://cdn11.bigcommerce.com/s-dbb3r9a7se/images/stencil/1280w/products/1466/575/814242__00807.1675191886.jpg"
"TapeTech","814254 - 54"" Connector Assy","814254","","N/A","8134TT; 8142TT; 8154TT; 8172TT","814254","https://cdn11.bigcommerce.com/s-dbb3r9a7se/images/stencil/1280w/products/1505/2181/814254__17460.1675191909.jpg"
"TapeTech","72"" Connector Assy","814272","","N/A","8134TT; 8142TT; 8154TT; 8172TT","814272",""
"TapeTech","34"" Curved Handle Tube, Gold","818134G","","N/A","8134TT; 8142TT; 8154TT; 8172TT","818134G",""
"TapeTech","42"" Curved Handle Tube, Gold","818142G","","N/A","8134TT; 8142TT; 8154TT; 8172TT","818142G",""
"TapeTech","54"" Curved Handle Tube, Gold","818154G","","N/A","8134TT; 8142TT; 8154TT; 8172TT","818154G",""
"TapeTech","72"" Curved Handle Tube, Gold","818172G","","N/A","8134TT; 8142TT; 8154TT; 8172TT","818172G",""
"TapeTech","704040 - Filler Tube Assembly","704040","","N/A","90T","704040","https://cdn11.bigcommerce.com/s-dbb3r9a7se/images/stencil/1280w/products/3275/947/704040__16354.1675191892.jpg"
"TapeTech","700042 - Connector for Filler","700042","","N/A","90T","700042","https://cdn11.bigcommerce.com/s-dbb3r9a7se/images/stencil/1280w/products/975/5635/700042__81334.1675191965.jpg | https://cdn11.bigcommerce.com/s-dbb3r9a7se/stencil/382d9e80-277d-013e-e48e-4a4f5670f649/e/04e821c0-e5dd-013e-f544-2ec1a3f21564/img/loading.svg"
"TapeTech","Discharge Tube","722039","","N/A","90T","722039",""
"TapeTech","734039 - Discharge Tube Assembly","734039F","734039 Discharge Tube Assembly","N/A","90T","734039F","https://cdn11.bigcommerce.com/s-dbb3r9a7se/images/stencil/1280w/products/2647/1568/722039__01372.1675191900.jpg"
"TapeTech","7"" Radius Plate (Extruded), CFS","201032B","","N/A","CF07H","201032B",""
"TapeTech","Pressure Plate, 7"" CFS","203027B","","N/A","CF07H","203027B",""
"TapeTech","Base Plate, 7"" CFS","203033B","","N/A","CF07H","203033B",""
"TapeTech","Axle, 7"" CFS","203045B","","N/A","CF07H","203045B",""
"TapeTech","Screw, 10‐24 x 1 Binding Hd","209754","","N/A","CF07H; CF12H","209754",""
"TapeTech","210073 - Shoulder Screw","210073","","N/A","CF07H; CF12H; EHC07; EHC10; EHC12; PAHC07; PAHC10; PAHC12","210073","https://cdn11.bigcommerce.com/s-dbb3r9a7se/images/stencil/1280w/products/2435/4518/210073__47159.1675191942.jpg"
"TapeTech","213051 - Box Wheel, Slide Guide","213051","","N/A","CF07H; CF12H; EHC07; EHC10; EHC12; PAHC07; PAHC10; PAHC12","213051","https://cdn11.bigcommerce.com/s-dbb3r9a7se/images/stencil/1280w/products/2482/3260/213051__77453.1675191924.jpg"
"TapeTech","Side Plate (Universal), CFS","251023B","","N/A","CF07H; CF12H","251023B",""
"TapeTech","Side Plate, CFS","251025B","","N/A","CF07H; CF12H","251025B",""
"TapeTech","301032B 12"" Radius Plate (Extruded), CFS","301032B","","N/A","CF12H","301032B","https://cdn11.bigcommerce.com/s-dbb3r9a7se/images/stencil/1280w/products/2389/583/301032b__49326.1675191886.jpg"
"TapeTech","303027B Pressure Plate, 12"" CFS","303027B","","N/A","CF12H","303027B","https://cdn11.bigcommerce.com/s-dbb3r9a7se/images/stencil/1280w/products/3892/5729/303027b__00994.1748975333.jpg"
"TapeTech","Base Plate, 12"" CFS","303033B","","N/A","CF12H","303033B",""
"TapeTech","303045B Axle, 12"" CFS","303045B","","N/A","CF12H","303045B","https://cdn11.bigcommerce.com/s-dbb3r9a7se/images/stencil/1280w/products/3902/5730/303045b__81356.1748975334.jpg"
"TapeTech","130001 - Cap Mud Tube","130001","","N/A","CT24TT; CT36TT; CT42TT","130001","https://cdn11.bigcommerce.com/s-dbb3r9a7se/images/stencil/1280w/products/2975/2570/130001__83381.1675191914.jpg"
"TapeTech","130002 - Outlet Mud Tube","130002","TapeTech 130002 Outlet Mud Tube","N/A","CT24TT; CT36TT; CT42TT","130002","https://cdn11.bigcommerce.com/s-dbb3r9a7se/images/stencil/1280w/products/2942/1633/130002__91584.1675191901.jpg"
"TapeTech","130003 - Tube Band Mud Tube","130003","","N/A","CT24TT; CT36TT; CT42TT","130003","https://cdn11.bigcommerce.com/s-dbb3r9a7se/images/stencil/1280w/products/3084/4523/130003__45063.1675191942.jpg"
"TapeTech","130004 - Spring Latch Mud Tube","130004","","N/A","CT24TT; CT36TT; CT42TT","130004","https://cdn11.bigcommerce.com/s-dbb3r9a7se/images/stencil/1280w/products/3027/960/130004__02070.1675191892.jpg"
"TapeTech","130005 - Guide Mud Tube","130005","","N/A","CT24TT; CT36TT; CT42TT","130005","https://cdn11.bigcommerce.com/s-dbb3r9a7se/images/stencil/1280w/products/2197/4611/130005__66555.1675191943.jpg"
"TapeTech","130006 - Ball Mud Tube","130006","","N/A","CT24TT; CT36TT; CT42TT","130006","https://cdn11.bigcommerce.com/s-dbb3r9a7se/images/stencil/1280w/products/1617/400/130006__11427.1675191884.jpg"
"TapeTech","130007 - Replacement Piston","130007","TapeTech Compound Tube Replacement Piston","N/A","CT24TT; CT36TT; CT42TT","130007","https://cdn11.bigcommerce.com/s-dbb3r9a7se/images/stencil/1280w/products/2899/3219/130007__41733.1675191924.jpg"
"TapeTech","130024 - Main Tube, 24"" Mud Tube","130024","","N/A","CT24TT","130024","https://cdn11.bigcommerce.com/s-dbb3r9a7se/images/stencil/1280w/products/2299/3255/130024__99905.1675191924.jpg"
"TapeTech","130124 - Push Rod, 24"" Mud Tube","130124","","N/A","CT24TT","130124","https://cdn11.bigcommerce.com/s-dbb3r9a7se/images/stencil/1280w/products/1598/2665/130124__31590.1675191916.jpg"
"TapeTech","139008 - Wiper Replacement, Tapetech CT Compound Tube","139008","","N/A","CT24TT; CT36TT; CT42TT","139008","https://cdn11.bigcommerce.com/s-dbb3r9a7se/images/stencil/1280w/products/2870/3724/139008__32928.1675191931.jpg"
"TapeTech","Nut, 4-40 Small Pattern, SST","139009","","N/A","CT24TT; CT36TT; CT42TT","139009",""
"TapeTech","139010 - Screw, 4-40 x 1-1/4 SHCS Mud Tube","139010","","N/A","CT24TT; CT36TT; CT42TT","139010","https://cdn11.bigcommerce.com/s-dbb3r9a7se/images/stencil/1280w/products/2231/1594/139010__70371.1675191901.jpg"
"TapeTech","139011 - O-Ring, dash 225 Mud Tube","139011","","N/A","CT24TT; CT36TT; CT42TT","139011","https://cdn11.bigcommerce.com/s-dbb3r9a7se/images/stencil/1280w/products/3007/3221/139011__70349.1675191924.jpg"
"TapeTech","059801 - Screw, 4-40 x 9/16, Bind Hd, SST","059801","","N/A","CT24TT; CT36TT; CT42TT; T05CF","059801","https://cdn11.bigcommerce.com/s-dbb3r9a7se/images/stencil/1280w/products/424/4519/059801__02799.1675191942.jpg"
"TapeTech","130036 - Main Tube, 36"" Mud Tube","130036","","N/A","CT36TT","130036","https://cdn11.bigcommerce.com/s-dbb3r9a7se/images/stencil/1280w/products/2331/5301/130036__83068.1675191956.jpg"
"TapeTech","130136 - Push Rod, 36"" Mud Tube","130136","","N/A","CT36TT","130136","https://cdn11.bigcommerce.com/s-dbb3r9a7se/images/stencil/1280w/products/1578/4347/130136__65357.1675191939.jpg"
"TapeTech","130042 - Main Tube, 42"" Mud Tube","130042","","N/A","CT42TT","130042","https://cdn11.bigcommerce.com/s-dbb3r9a7se/images/stencil/1280w/products/2373/3277/130042__97491.1675191924.jpg"
"TapeTech","130142 - Push Rod, 42"" Mud Tube","130142","","N/A","CT42TT","130142","https://cdn11.bigcommerce.com/s-dbb3r9a7se/images/stencil/1280w/products/3104/2952/130142__68965.1675191920.jpg"
"TapeTech","7"" Wiper","210024F","","N/A","EHC07; PA07H; PAHC07","210024F",""
"TapeTech","7"" Pressure Plate, Universal","210027G","","N/A","EHC07","210027G",""
"TapeTech","7"" Bottom Plate","210031G","","N/A","EHC07; PA07H; PAHC07","210031G",""
"TapeTech","7"" Axle Support","210033G","","N/A","EHC07","210033G",""
"TapeTech","210060 - Flat Box Pivot Bearing","210060","","N/A","EHC07; EHC10; EHC12; PA07H; PA10H; PA12H; PAHC07; PAHC10; PAHC12","210060","https://cdn11.bigcommerce.com/s-dbb3r9a7se/images/stencil/1280w/products/2701/1847/210060_1__78103.1675191904.jpg"
"TapeTech","210071 - 7"" Spacer Rod","210071","","N/A","EHC07; PA07H; PAHC07","210071","https://cdn11.bigcommerce.com/s-dbb3r9a7se/images/stencil/1280w/products/1796/4329/210071__17358.1675191939.jpg"
"TapeTech","Seal, 7""","210096","","N/A","EHC07; PA07H; PAHC07","210096",""
"TapeTech","Seal Plate, 7""","210097","","N/A","EHC07; PA07H; PAHC07","210097",""
"TapeTech","Axle, 7"" Maxx, EasyRoll Wheels","215045G","","N/A","EHC07; PAHC07","215045G",""
"TapeTech","219081 - 6-32 Flat Head Screw","219081","219081 TapeTech Replacement Flat Head Screw for Flat Boxes 6-32 X7/16""","N/A","EHC07; EHC10; EHC12; PA07H; PA10H; PA12H; PAHC07; PAHC10; PAHC12","219081","https://cdn11.bigcommerce.com/s-dbb3r9a7se/images/stencil/1280w/products/2572/2755/219081__21023.1675191917.jpg"
"TapeTech","7"" Pivot Axle","240009G","","N/A","EHC07; PA07H; PAHC07","240009G",""
"TapeTech","7"" Power Assist Pivot Retainer,Anodized","240050G","","N/A","EHC07; PA07H; PAHC07","240050G",""
"TapeTech","7"" Side Plate, Right, High Cap, Gold","240123G","","N/A","EHC07; PAHC07","240123G",""
"TapeTech","7"" Side Plate, Left, High Cap, Gold","240125G","","N/A","EHC07; PAHC07","240125G",""
"TapeTech","7"" Radius Plate, High Cap, Gold","240132G","","N/A","EHC07; PAHC07","240132G",""
"TapeTech","889030 - 4-40 X 3/16 Fill. Head Screw","889030","","N/A","EHC07; EHC10; EHC12; PA07H; PA10H; PA12H; PAHC07; PAHC10; PAHC12","889030","https://cdn11.bigcommerce.com/s-dbb3r9a7se/images/stencil/1280w/products/3538/911/889030__01600.1675191891.jpg"
"TapeTech","7"" Side Plate, Right","240023G","","N/A","EHC10; PA07H; PAHC10","240023G",""
"TapeTech","7"" Side Plate, Generic, Left","240025G","","N/A","EHC10; PA07H; PAHC10","240025G",""
"TapeTech","10"" Wiper","260024F","","N/A","EHC10; PA10H; PAHC10","260024F",""
"TapeTech","10"" Pressure Plate, Universal","260027G","","N/A","EHC10","260027G",""
"TapeTech","260031G -10"" Bottom Plate Gold","260031G","","N/A","EHC10; PA10H; PAHC10","260031G","https://cdn11.bigcommerce.com/s-dbb3r9a7se/images/stencil/1280w/products/1027/3868/260031g__52480.1675191933.jpg"
"TapeTech","10"" Axle Support","260033G","","N/A","EHC10","260033G",""
"TapeTech","260071 - 10 Inch Spacer Rod","260071","260071 TapeTech Replacement 10 Inch Spacer Rod for Flat Boxes.","N/A","EHC10; PA10H; PAHC10","260071","https://cdn11.bigcommerce.com/s-dbb3r9a7se/images/stencil/1280w/products/2643/2230/260071_1__68127.1675191910.jpg"
"TapeTech","260096 - 10"" Seal for PowerAssist /Easy Clean Flat Boxes","260096","TapeTech 10 Inch Seal for PowerAssist /Easy Clean Flat Boxes","N/A","EHC10; PA10H; PAHC10","260096","https://cdn11.bigcommerce.com/s-dbb3r9a7se/images/stencil/1280w/products/2759/4782/260096-1__26721.1675191945.jpg"
"TapeTech","260097 - Seal Plate (10"" EC/PA Boxes)","260097","","N/A","EHC10; PA10H; PAHC10","260097","https://cdn11.bigcommerce.com/s-dbb3r9a7se/images/stencil/1280w/products/699/4148/2060097-1__77709.1675191936.jpg"
"TapeTech","Axle, 10"" Maxx, EasyRoll Wheels","265045G","","N/A","EHC10; PAHC10","265045G",""
"TapeTech","280009G - 10"" Pivot Axle","280009G","","N/A","EHC10; PA10H; PAHC10","280009G","https://cdn11.bigcommerce.com/s-dbb3r9a7se/images/stencil/1280w/products/2681/4913/280009g__23601.1675191947.jpg"
"TapeTech","280050G - 10"" Power Assist Pivot Retainer","280050G","","N/A","EHC10; PA10H; PAHC10","280050G","https://cdn11.bigcommerce.com/s-dbb3r9a7se/images/stencil/1280w/products/2788/4160/280050g__36059.1675191937.jpg"
"TapeTech","10"" Radius Plate, High Cap, Gold","280132G","","N/A","EHC10; PAHC10","280132G",""
"TapeTech","280023G - Side Plate, Right","280023G","","N/A","EHC12; PA10H; PAHC12","280023G","https://cdn11.bigcommerce.com/s-dbb3r9a7se/images/stencil/1280w/products/3060/4485/280023g__95404.1675191941.jpg"
"TapeTech","280025G - Side Plate, Left","280025G","","N/A","EHC12; PA10H; PAHC12","280025G","https://cdn11.bigcommerce.com/s-dbb3r9a7se/images/stencil/1280w/products/3086/5544/280025g__84011.1675191963.jpg"
"TapeTech","310024 - 12"" Wiper For Power Assist TTEC/ECH Boxes","310024F","","N/A","EHC12; PA12H; PAHC12","310024F","https://cdn11.bigcommerce.com/s-dbb3r9a7se/images/stencil/1280w/products/631/4040/310024f__59698.1675191935.jpg | https://cdn11.bigcommerce.com/s-dbb3r9a7se/stencil/382d9e80-277d-013e-e48e-4a4f5670f649/e/04e821c0-e5dd-013e-f544-2ec1a3f21564/img/loading.svg"
"TapeTech","12"" Pressure Plate, Universal","310027G","","N/A","EHC12","310027G",""
"TapeTech","12"" Support","310033G","","N/A","EHC12","310033G",""
"TapeTech","310071 - 12"" Spacer Rod","310071","","N/A","EHC12; PA12H; PAHC12","310071","https://cdn11.bigcommerce.com/s-dbb3r9a7se/images/stencil/1280w/products/458/2722/310071__98627.1675191917.jpg | https://cdn11.bigcommerce.com/s-dbb3r9a7se/stencil/382d9e80-277d-013e-e48e-4a4f5670f649/e/04e821c0-e5dd-013e-f544-2ec1a3f21564/img/loading.svg"
"TapeTech","310096 - Seal for 12"" Power Assist and Easy Clean Flat Boxes","310096","","N/A","EHC12; PA12H; PAHC12","310096","https://cdn11.bigcommerce.com/s-dbb3r9a7se/images/stencil/1280w/products/676/1272/310096__48319.1675191896.jpg | https://cdn11.bigcommerce.com/s-dbb3r9a7se/stencil/382d9e80-277d-013e-e48e-4a4f5670f649/e/04e821c0-e5dd-013e-f544-2ec1a3f21564/img/loading.svg"
"TapeTech","310097 - Seal Plate, 12""","310097","Seal Plate 12"" PowerAssist /Easy Clean Boxes","N/A","EHC12; PA12H; PAHC12","310097","https://cdn11.bigcommerce.com/s-dbb3r9a7se/images/stencil/1280w/products/2984/710/310097__25685.1675191888.jpg"
"TapeTech","315045G - Axle, 12"" Maxx, EasyRoll Wheels","315045G","","N/A","EHC12; PAHC12","315045G","https://cdn11.bigcommerce.com/s-dbb3r9a7se/images/stencil/1280w/products/3006/4465/315045g__84049.1675191941.jpg"
"TapeTech","330009G - 12"" Pivot Axle","330009G","","N/A","EHC12; PA12H; PAHC12","330009G","https://cdn11.bigcommerce.com/s-dbb3r9a7se/images/stencil/1280w/products/3030/2534/330009g__23698.1675191914.jpg"
"TapeTech","330031 - 12"" Bottom Plate","330031G","","N/A","EHC12; PA12H; PAHC12","330031G","https://cdn11.bigcommerce.com/s-dbb3r9a7se/images/stencil/1280w/products/3294/3907/330031g__74940.1675191933.jpg"
"TapeTech","330050G - 12"" Power Assist Pivot Retainer","330050G","","N/A","EHC12; PA12H; PAHC12","330050G","https://cdn11.bigcommerce.com/s-dbb3r9a7se/images/stencil/1280w/products/2954/3439/330050g__90221.1675191927.jpg"
"TapeTech","330052 - 4-40 Standoff","330052","","N/A","EHC12; PA12H; PAHC12","330052","https://cdn11.bigcommerce.com/s-dbb3r9a7se/images/stencil/1280w/products/3147/3287/330052__86258.1675191924.jpg"
"TapeTech","330132G - 12"" Radius Plate","330132G","","N/A","EHC12; PAHC12","330132G","https://cdn11.bigcommerce.com/s-dbb3r9a7se/images/stencil/1280w/products/3108/2530/330132g__87688.1675191914.jpg"
"TapeTech","880060 - Rubber Handle Grip","880060","","N/A","FHTT","880060","https://cdn11.bigcommerce.com/s-dbb3r9a7se/images/stencil/1280w/products/1785/2066/880060__05339.1675191907.jpg"
"TapeTech","Fixed Length Support Handle, Fiberglass","883027","","N/A","FHTT","883027",""
"TapeTech","209755 - Screw, 6-32 x 1/2 Flat Head","209755","","N/A","NS02TT; NS03TT","209755","https://cdn11.bigcommerce.com/s-dbb3r9a7se/images/stencil/1280w/products/674/566/209755_1__50222.1675191886.jpg | https://cdn11.bigcommerce.com/s-dbb3r9a7se/stencil/382d9e80-277d-013e-e48e-4a4f5670f649/e/04e821c0-e5dd-013e-f544-2ec1a3f21564/img/loading.svg"
"TapeTech","600005 - 2"" Nail Spotter Blade","600005F","","N/A","NS02TT","600005F","https://cdn11.bigcommerce.com/s-dbb3r9a7se/images/stencil/1280w/products/502/802/600005f__65972.1675191889.jpg | https://cdn11.bigcommerce.com/s-dbb3r9a7se/stencil/382d9e80-277d-013e-e48e-4a4f5670f649/e/04e821c0-e5dd-013e-f544-2ec1a3f21564/img/loading.svg"
"TapeTech","600007 - Skid 2"" Nail Spotter","600007","","N/A","NS02TT","600007","https://cdn11.bigcommerce.com/s-dbb3r9a7se/images/stencil/1280w/products/544/4794/600007__63870.1675191946.jpg"
"TapeTech","600022 - Connector","600022","","N/A","NS02TT; NS03TT","600022","https://cdn11.bigcommerce.com/s-dbb3r9a7se/images/stencil/1280w/products/1219/1690/600022__53622.1675191902.jpg | https://cdn11.bigcommerce.com/s-dbb3r9a7se/stencil/382d9e80-277d-013e-e48e-4a4f5670f649/e/04e821c0-e5dd-013e-f544-2ec1a3f21564/img/loading.svg"
"TapeTech","Spring, Nail Spotters","632026","","N/A","NS02TT; NS03TT","632026",""
"TapeTech","602029 - Special Rivet","602029F","","N/A","NS02TT; NS03TT","602029F","https://cdn11.bigcommerce.com/s-dbb3r9a7se/images/stencil/1280w/products/430/4079/602029f__59715.1675191935.jpg | https://cdn11.bigcommerce.com/s-dbb3r9a7se/stencil/382d9e80-277d-013e-e48e-4a4f5670f649/e/04e821c0-e5dd-013e-f544-2ec1a3f21564/img/loading.svg"
"TapeTech","602035 - Adjustable Stop","602035","","N/A","NS02TT; NS03TT","602035","https://cdn11.bigcommerce.com/s-dbb3r9a7se/images/stencil/1280w/products/1015/5534/602035__84889.1675191963.jpg"
"TapeTech","602045 - Special Washer","602045F","","N/A","NS02TT; NS03TT","602045F","https://cdn11.bigcommerce.com/s-dbb3r9a7se/images/stencil/1280w/products/1575/776/602045f-min__46340.1675191889.jpg"
"TapeTech","604036 - Blade Clamp Assembly","604036","","N/A","NS02TT","604036","https://cdn11.bigcommerce.com/s-dbb3r9a7se/images/stencil/1280w/products/449/3299/604036__19821.1675191925.jpg"
"TapeTech","609008 - 4-40 X 1/2 Flat Hd Screw","609008","","N/A","NS02TT; NS03TT","609008","https://cdn11.bigcommerce.com/s-dbb3r9a7se/images/stencil/1280w/products/1111/1439/609008_1__52039.1675191898.jpg | https://cdn11.bigcommerce.com/s-dbb3r9a7se/stencil/382d9e80-277d-013e-e48e-4a4f5670f649/e/04e821c0-e5dd-013e-f544-2ec1a3f21564/img/loading.svg"
"TapeTech","609011 - 6-32 X 1/8 Round Head Screw","609011","ROUND 6-32 X 1/8"" FOR EASYCLEAN NAIL SPOTTER","N/A","NS02TT; NS03TT","609011","https://cdn11.bigcommerce.com/s-dbb3r9a7se/images/stencil/1280w/products/2340/2236/609011__98021.1675191910.jpg"
"TapeTech","609015 - Nut Block","609015","","N/A","NS02TT; NS03TT","609015","https://cdn11.bigcommerce.com/s-dbb3r9a7se/images/stencil/1280w/products/309/3987/609015__21560.1675191934.jpg | https://cdn11.bigcommerce.com/s-dbb3r9a7se/stencil/382d9e80-277d-013e-e48e-4a4f5670f649/e/04e821c0-e5dd-013e-f544-2ec1a3f21564/img/loading.svg"
"TapeTech","609018 - 3/16 Plastic Washer","609018","","N/A","NS02TT; NS03TT","609018","https://cdn11.bigcommerce.com/s-dbb3r9a7se/images/stencil/1280w/products/1147/1299/609018__29388.1675191896.jpg | https://cdn11.bigcommerce.com/s-dbb3r9a7se/stencil/382d9e80-277d-013e-e48e-4a4f5670f649/e/04e821c0-e5dd-013e-f544-2ec1a3f21564/img/loading.svg"
"TapeTech","609020 - Friction Washer Disc","609020","","N/A","NS02TT; NS03TT","609020","https://cdn11.bigcommerce.com/s-dbb3r9a7se/images/stencil/1280w/products/1549/1685/609020__98154.1675191902.jpg"
"TapeTech","609049 - Serrated Hex Flange Nut","609049","","N/A","NS02TT; NS03TT","609049","https://cdn11.bigcommerce.com/s-dbb3r9a7se/stencil/382d9e80-277d-013e-e48e-4a4f5670f649/e/04e821c0-e5dd-013e-f544-2ec1a3f21564/img/ProductDefault.svg"
"TapeTech","609050 - 6-32 X 3/32 Screw Slotted Rd","609050","","N/A","NS02TT; NS03TT","609050","https://cdn11.bigcommerce.com/s-dbb3r9a7se/images/stencil/1280w/products/266/2670/609050__25118.1675191916.jpg | https://cdn11.bigcommerce.com/s-dbb3r9a7se/stencil/382d9e80-277d-013e-e48e-4a4f5670f649/e/04e821c0-e5dd-013e-f544-2ec1a3f21564/img/loading.svg"
"TapeTech","630002 - Latch","630002","","N/A","NS02TT","630002","https://cdn11.bigcommerce.com/s-dbb3r9a7se/images/stencil/1280w/products/2836/4824/630002__01815.1675191946.jpg"
"TapeTech","630009 - Facing","630009","","N/A","NS02TT","630009","https://cdn11.bigcommerce.com/s-dbb3r9a7se/images/stencil/1280w/products/2935/2507/630009__68954.1675191914.jpg"
"TapeTech","630010 - Hinge Block","630010","","N/A","NS02TT","630010","https://cdn11.bigcommerce.com/s-dbb3r9a7se/images/stencil/1280w/products/333/2443/630010__91038.1675191913.jpg"
"TapeTech","630015 - 2"" Wiper For Nailspotter","631015","","N/A","NS02TT","631015","https://cdn11.bigcommerce.com/s-dbb3r9a7se/images/stencil/1280w/products/3888/5747/630015__99812.1748975342.jpg"
"TapeTech","630030 - Insert","630030","","N/A","NS02TT","630030","https://cdn11.bigcommerce.com/s-dbb3r9a7se/images/stencil/1280w/products/362/1523/630030__00214.1675191900.jpg"
"TapeTech","634028 - Pressure Plate Assembly","634028","","N/A","NS02TT","634028","https://cdn11.bigcommerce.com/s-dbb3r9a7se/images/stencil/1280w/products/129/2365/634028__81313.1675191912.jpg | https://cdn11.bigcommerce.com/s-dbb3r9a7se/stencil/382d9e80-277d-013e-e48e-4a4f5670f649/e/04e821c0-e5dd-013e-f544-2ec1a3f21564/img/loading.svg"
"TapeTech","638001 - Housing Assembly","638001","","N/A","NS02TT","638001","https://cdn11.bigcommerce.com/s-dbb3r9a7se/images/stencil/1280w/products/409/2994/638001__73025.1675191920.jpg"
"TapeTech","639020 - Plastic Washer","639020","","N/A","NS02TT; NS03TT","639020","https://cdn11.bigcommerce.com/s-dbb3r9a7se/images/stencil/1280w/products/246/3266/639020__46159.1675191924.jpg | https://cdn11.bigcommerce.com/s-dbb3r9a7se/stencil/382d9e80-277d-013e-e48e-4a4f5670f649/e/04e821c0-e5dd-013e-f544-2ec1a3f21564/img/loading.svg"
"TapeTech","729064 - 8-32 X 3/8 Bind Hd Sst Screw","729064","","N/A","NS02TT","729064","https://cdn11.bigcommerce.com/s-dbb3r9a7se/images/stencil/1280w/products/1041/633/729064__42029.1675191887.jpg"
"TapeTech","NS Adapter Jam Nut","883021","","N/A","NS02TT; NS03TT","883021",""
"TapeTech","883022 - NailSpotter Adapter","883022","","N/A","NS02TT; NS03TT","883022","https://cdn11.bigcommerce.com/s-dbb3r9a7se/images/stencil/1280w/products/565/2733/883022__68326.1675191917.jpg"
"TapeTech","883023 - NailSpotter Adapter Clamp","883023","","N/A","NS02TT; NS03TT","883023","https://cdn11.bigcommerce.com/s-dbb3r9a7se/images/stencil/1280w/products/608/4075/883023__22090.1675191935.jpg"
"TapeTech","509008 - 10-32 X 1/2 Bd Hd Screw","509008","","N/A","NS03TT","509008","https://cdn11.bigcommerce.com/s-dbb3r9a7se/images/stencil/1280w/products/1190/4337/059230__52382.1675191939.jpg | https://cdn11.bigcommerce.com/s-dbb3r9a7se/stencil/382d9e80-277d-013e-e48e-4a4f5670f649/e/04e821c0-e5dd-013e-f544-2ec1a3f21564/img/loading.svg"
"TapeTech","650005 - 3"" Nailspotter Blade","650005F","","N/A","NS03TT","650005F","https://cdn11.bigcommerce.com/s-dbb3r9a7se/images/stencil/1280w/products/1058/1763/650005f__01238.1675191903.jpg | https://cdn11.bigcommerce.com/s-dbb3r9a7se/stencil/382d9e80-277d-013e-e48e-4a4f5670f649/e/04e821c0-e5dd-013e-f544-2ec1a3f21564/img/loading.svg"
"TapeTech","650007 - Skid-3"" Nail Spotter","650007","Skid for 3"" Nail Spotter","N/A","NS03TT","650007","https://cdn11.bigcommerce.com/s-dbb3r9a7se/images/stencil/1280w/products/2336/1088/650007__32663.1675191893.jpg"
"TapeTech","Special Washer","650040","","N/A","NS03TT","650040",""
"TapeTech","654036 - Blade Clamp Assembly","654036","BLADE CLAMP ASSEMBLY FOR 3"" TapeTech Nail Spotter","N/A","NS03TT","654036","https://cdn11.bigcommerce.com/s-dbb3r9a7se/images/stencil/1280w/products/2246/1050/654036__56365.1675191893.jpg"
"TapeTech","680002 - Latch","680002","","N/A","NS03TT","680002","https://cdn11.bigcommerce.com/s-dbb3r9a7se/images/stencil/1280w/products/3248/2906/680002__55267.1675191919.jpg"
"TapeTech","680009 - Facing","680009","680009 - Facing for 3"" Nail Spotter","N/A","NS03TT","680009","https://cdn11.bigcommerce.com/s-dbb3r9a7se/images/stencil/1280w/products/3326/2808/680009__93507.1675191918.jpg"
"TapeTech","680010 - Hinge Block","680010","680010 - Hinge Block for 3"" Nail Spotter","N/A","NS03TT","680010","https://cdn11.bigcommerce.com/s-dbb3r9a7se/images/stencil/1280w/products/3004/3103/680010__90619.1675191922.jpg"
"TapeTech","680015 - 3"" Wiper For Nailspotter","681015","","N/A","NS03TT","681015","https://cdn11.bigcommerce.com/s-dbb3r9a7se/images/stencil/1280w/products/3900/5748/680015__74905.1748975343.jpg"
"TapeTech","680030 - Insert","680030","Insert for TapeTech Nail Spotter","N/A","NS03TT","680030","https://cdn11.bigcommerce.com/s-dbb3r9a7se/images/stencil/1280w/products/2380/4681/680030__68501.1675191944.jpg"
"TapeTech","684028 - Pressure Plate Assembly","684028","","N/A","NS03TT","684028","https://cdn11.bigcommerce.com/s-dbb3r9a7se/images/stencil/1280w/products/3216/1706/684028__93782.1675191902.jpg"
"TapeTech","688001 - Housing Assembly","688001","HOUSING ASSEMBLY FOR 3"" TapeTech Nail Spotter","N/A","NS03TT","688001","https://cdn11.bigcommerce.com/s-dbb3r9a7se/images/stencil/1280w/products/3476/2273/688001__33105.1675191910.jpg"
"TapeTech","212081 - Arm","212081","","N/A","PA07H; PA10H; PA12H; PAHC07; PAHC10; PAHC12","212081","https://cdn11.bigcommerce.com/s-dbb3r9a7se/images/stencil/1280w/products/1097/1487/212081__91430.1675191899.jpg"
"TapeTech","212082 - Bushing for PowerAssist","212082","","N/A","PA07H; PA10H; PA12H; PAHC07; PAHC10; PAHC12","212082","https://cdn11.bigcommerce.com/s-dbb3r9a7se/images/stencil/1280w/products/813/836/212082__70054.1675191890.jpg"
"TapeTech","212083 - Power Assist Cog","212083","212083 - TapeTech Power Assist Cog","N/A","PA07H; PA10H; PA12H","212083","https://cdn11.bigcommerce.com/s-dbb3r9a7se/images/stencil/1280w/products/1735/557/212083__34561.1675191886.jpg"
"TapeTech","212084 - Tape Tech Power Assist Left Flange","212084","212084 - Tape Tech Power Assist Left Flange","N/A","PA07H; PA10H; PA12H; PAHC07; PAHC10; PAHC12","212084","https://cdn11.bigcommerce.com/s-dbb3r9a7se/images/stencil/1280w/products/1894/791/212084__40166.1675191889.jpg"
"TapeTech","212085 - TapeTech Power Assist Right Flange","212085","Right Flange for Tape Tech Power Assist Flat Boxes - 212085","N/A","PA07H; PA10H; PA12H; PAHC07; PAHC10; PAHC12","212085","https://cdn11.bigcommerce.com/s-dbb3r9a7se/images/stencil/1280w/products/2909/4492/212085__75848.1675191941.jpg"
"TapeTech","212086 - TapeTech Replacement Hook","212086","212086 TapeTech Replacement Hook","N/A","PA07H; PA10H; PA12H; PAHC07; PAHC10; PAHC12","212086","https://cdn11.bigcommerce.com/s-dbb3r9a7se/images/stencil/1280w/products/2474/732/httpwww.alstapingtools.comimagesproductsthumb212086__48605.1675191889.jpg | https://cdn11.bigcommerce.com/s-dbb3r9a7se/images/stencil/1280w/products/2474/824/httpwww.alstapingtools.comimagesproductsdetail212086__70567.1675191890.jpg | https://cdn11.bigcommerce.com/s-dbb3r9a7se/images/stencil/1280w/products/2474/1606/httpwww.alstapingtools.comimagesproductsdisplay212086__25038.1675191901.jpg"
"TapeTech","212087 - Flat Box Lock","212087","","N/A","PA07H; PA10H; PA12H; PAHC07; PAHC10; PAHC12","212087","https://cdn11.bigcommerce.com/s-dbb3r9a7se/images/stencil/1280w/products/1177/1510/212087__03911.1675191899.jpg"
"TapeTech","212088 - Power Assist Drawl","212088","","N/A","PA07H; PA10H; PA12H; PAHC07; PAHC10; PAHC12","212088","https://cdn11.bigcommerce.com/s-dbb3r9a7se/images/stencil/1280w/products/2825/4984/212088__82871.1675191948.jpg"
"TapeTech","212089 - Flat Box Spacer","212089","","N/A","PA07H; PA10H; PA12H; PAHC07; PAHC10; PAHC12","212089","https://cdn11.bigcommerce.com/s-dbb3r9a7se/images/stencil/1280w/products/2600/5661/212089_1__16967.1675191967.jpg"
"TapeTech","212090 - Power Assist Flat Box Spring","212090","","N/A","PA07H; PA10H; PA12H; PAHC07; PAHC10; PAHC12","212090","https://cdn11.bigcommerce.com/s-dbb3r9a7se/images/stencil/1280w/products/1153/2154/212090__65029.1675191909.jpg"
"TapeTech","219080 - 6-32 x 5/8 Fillister Head Screw","219080","6-32 x 5/8 Fillister Head Screw","N/A","PA07H; PA10H; PA12H","219080","https://cdn11.bigcommerce.com/s-dbb3r9a7se/images/stencil/1280w/products/3051/1898/219080__27621.1675191905.jpg"
"TapeTech","219091 - Spring for Power Assist Boxes","219091","219091 - Spring for Power Assist Boxes","N/A","PA07H; PA10H; PA12H; PAHC07; PAHC10; PAHC12","219091","https://cdn11.bigcommerce.com/s-dbb3r9a7se/images/stencil/1280w/products/2699/1525/219091__99755.1675191900.jpg"
"TapeTech","219092 - Binder Head Screw","219092","","N/A","PA07H; PA10H; PA12H; PAHC07; PAHC10; PAHC12","219092","https://cdn11.bigcommerce.com/s-dbb3r9a7se/images/stencil/1280w/products/1103/2915/219092__05535.1675191919.jpg | https://cdn11.bigcommerce.com/s-dbb3r9a7se/stencil/382d9e80-277d-013e-e48e-4a4f5670f649/e/04e821c0-e5dd-013e-f544-2ec1a3f21564/img/loading.svg"
"TapeTech","219093 - 6-32 X 3/4"" Flat Head Screw","219093","","N/A","PA07H; PA10H; PA12H; PAHC07; PAHC10; PAHC12","219093","https://cdn11.bigcommerce.com/s-dbb3r9a7se/images/stencil/1280w/products/1078/4823/219093__78557.1675191946.jpg"
"TapeTech","7"" Pressure Plate","240027G","","N/A","PA07H; PAHC07","240027G",""
"TapeTech","7"" Radius Plate","240032G","","N/A","PA07H","240032G",""
"TapeTech","Axle Power Assist","240045G","","N/A","PA07H","240045G",""
"TapeTech","280027G -10"" Power Assist Pressure Plate","280027G","","N/A","PA10H; PAHC10","280027G","https://cdn11.bigcommerce.com/s-dbb3r9a7se/images/stencil/1280w/products/2625/4756/280027g__35697.1675191945.jpg"
"TapeTech","10"" Radius Plate","280032G","","N/A","PA10H","280032G",""
"TapeTech","Axle","280045G","","N/A","PA10H","280045G",""
"TapeTech","12"" Axle","310045G","","N/A","PA12H","310045G",""
"TapeTech","12"" Side Plate, Right","330023G","","N/A","PA12H","330023G",""
"TapeTech","12"" Side Plate, Generic, Left","330025G","","N/A","PA12H","330025G",""
"TapeTech","330027G - 12"" Pressure Plate","330027G","","N/A","PA12H; PAHC12","330027G","https://cdn11.bigcommerce.com/s-dbb3r9a7se/images/stencil/1280w/products/3912/5731/330027g__66998.1748975334.jpg"
"TapeTech","12"" Radius Plate","330032G","","N/A","PA12H","330032G",""
"TapeTech","213083 - Cog (Power Assist)","213083","","N/A","PAHC07; PAHC10; PAHC12","213083","https://cdn11.bigcommerce.com/s-dbb3r9a7se/images/stencil/1280w/products/2843/806/213083__95863.1675191890.jpg"
"TapeTech","149029 -  Mudrunner Washer","149029","","N/A","QB06-QSX","149029","https://cdn11.bigcommerce.com/s-dbb3r9a7se/images/stencil/1280w/products/1283/4273/149029__69551.1675191938.jpg | https://cdn11.bigcommerce.com/s-dbb3r9a7se/stencil/382d9e80-277d-013e-e48e-4a4f5670f649/e/04e821c0-e5dd-013e-f544-2ec1a3f21564/img/loading.svg"
"TapeTech","499023 - Screw, 4-40 x 3/16, Flat Head, SST","499023","","N/A","QB06-QSX; T05CF","499023","https://cdn11.bigcommerce.com/s-dbb3r9a7se/images/stencil/1280w/products/1385/2553/499023__03046.1675191914.jpg"
"TapeTech","Threaded Insert","041050F","","N/A","T05CF","041050F",""
"TapeTech","Gooser Bushing - 050031","050031","","N/A","T05CF","050031","https://cdn11.bigcommerce.com/s-dbb3r9a7se/images/stencil/1280w/products/1682/1662/httpwww.alstapingtools.comimagesproductsdetail050031__55145.1675191902.jpg"
"TapeTech","Creaser Spring Anchor","050538","","N/A","T05CF","050538",""
"TapeTech","Cutter Spring Stud","050556","","N/A","T05CF","050556",""
"TapeTech","Magnet","050572","","N/A","T05CF","050572",""
"TapeTech","Magnet Cap","050573","","N/A","T05CF","050573",""
"TapeTech","Brake Spring Mount","050576","","N/A","T05CF","050576",""
"TapeTech","Pivot Bushing, Short","050594","","N/A","T05CF","050594",""
"TapeTech","Taper Head - 050700","050700","","N/A","T05CF","050700","https://cdn11.bigcommerce.com/s-dbb3r9a7se/images/stencil/1280w/products/1325/852/050700__78583.1675191890.jpg"
"TapeTech","Left Side Plate - 050701","050701","","N/A","T05CF","050701","https://cdn11.bigcommerce.com/s-dbb3r9a7se/stencil/382d9e80-277d-013e-e48e-4a4f5670f649/e/04e821c0-e5dd-013e-f544-2ec1a3f21564/img/ProductDefault.svg"
"TapeTech","Right Side Plate - 050702","050702","","N/A","T05CF","050702","https://cdn11.bigcommerce.com/s-dbb3r9a7se/images/stencil/1280w/products/1406/3245/050702__38167.1675191924.jpg"
"TapeTech","Spool Mount","050703","","N/A","T05CF","050703",""
"TapeTech","Cover - 050707","050707","","N/A","T05CF","050707","https://cdn11.bigcommerce.com/s-dbb3r9a7se/images/stencil/1280w/products/1434/1731/050707__71940.1675191902.jpg"
"TapeTech","Tape Guide - 050710","050710","","N/A","T05CF","050710","https://cdn11.bigcommerce.com/s-dbb3r9a7se/images/stencil/1280w/products/1512/4246/050710__94398.1675191938.jpg"
"TapeTech","Main Tube End Plug - 050712","050712","","N/A","T05CF","050712","https://cdn11.bigcommerce.com/s-dbb3r9a7se/images/stencil/1280w/products/1531/1235/050712__27940.1675191895.jpg"
"TapeTech","Inner Mud Tube - 050713","050713","","N/A","T05CF","050713","https://cdn11.bigcommerce.com/s-dbb3r9a7se/images/stencil/1280w/products/1555/1415/050713__40255.1675191898.jpg"
"TapeTech","Link Bushing - 050715","050715","","N/A","T05CF","050715","https://cdn11.bigcommerce.com/s-dbb3r9a7se/images/stencil/1280w/products/1582/4624/050715__71737.1675191943.jpg"
"TapeTech","Creaser Spacer - 050718","050718","","N/A","T05CF","050718","https://cdn11.bigcommerce.com/s-dbb3r9a7se/images/stencil/1280w/products/1603/1055/050718__71203.1675191893.jpg"
"TapeTech","Main Tube Band Assy - 050719","050719","","N/A","T05CF","050719","https://cdn11.bigcommerce.com/s-dbb3r9a7se/images/stencil/1280w/products/1627/2304/050719__76512.1675191911.jpg"
"TapeTech","Control Arm Assy - 050720","050720","","N/A","T05CF","050720","https://cdn11.bigcommerce.com/s-dbb3r9a7se/images/stencil/1280w/products/134/408/050720__59257.1675191884.jpg"
"TapeTech","Control Tube, Hard Black Anodized","050721A","","N/A","T05CF","050721A",""
"TapeTech","Control Tube Flange","050722","","N/A","T05CF","050722",""
"TapeTech","Flange for Control Arm","050723","","N/A","T05CF","050723",""
"TapeTech","Spool Mount Retaining Wire","050725","","N/A","T05CF","050725",""
"TapeTech","Spool Mount Retaining Wire Anchor","050726","","N/A","T05CF","050726",""
"TapeTech","Gooser","050727","","N/A","T05CF","050727",""
"TapeTech","Needle Holder","050728","","N/A","T05CF","050728",""
"TapeTech","Gooser Spring Mount","050729","","N/A","T05CF","050729",""
"TapeTech","Needle Disengager","050730","","N/A","T05CF","050730",""
"TapeTech","Creaser Axle, Threaded","050737","","N/A","T05CF","050737",""
"TapeTech","Creaser Axle","050738","","N/A","T05CF","050738",""
"TapeTech","Main Wheel Axle Screw","050742","","N/A","T05CF","050742",""
"TapeTech","Main Wheel Axle","050743","","N/A","T05CF","050743",""
"TapeTech","Side Plate Spacer","050744","","N/A","T05CF","050744",""
"TapeTech","Main Tube, Hard Black Anodized","050745A","","N/A","T05CF","050745A",""
"TapeTech","Cutter Link Tube","050748","","N/A","T05CF","050748",""
"TapeTech","Creaser Connector","050750","","N/A","T05CF","050750",""
"TapeTech","Slider","050787","","N/A","T05CF","050787",""
"TapeTech","Gooser Guide Rod","050752","","N/A","T05CF","050752",""
"TapeTech","Creaser Connector Adjuster","050788","","N/A","T05CF","050788",""
"TapeTech","Control Arm Guide","050754","","N/A","T05CF","050754",""
"TapeTech","Creaser Connector Adjuster End","050789","","N/A","T05CF","050789",""
"TapeTech","Main Wheel Hub","050757","","N/A","T05CF","050757",""
"TapeTech","Creaser Cam Plate, Mirror","050790","","N/A","T05CF","050790",""
"TapeTech","Thumb Screw","050758","","N/A","T05CF","050758",""
"TapeTech","Creaser Trigger","050803","","N/A","T05CF","050803",""
"TapeTech","Creaser Frame Half","050759","","N/A","T05CF","050759",""
"TapeTech","Creaser Stop","050804","","N/A","T05CF","050804",""
"TapeTech","Creaser Frame Half, Mirror","050760","","N/A","T05CF","050760",""
"TapeTech","Trigger Stopper","050805","","N/A","T05CF","050805",""
"TapeTech","Swivel Retaining Ring","050764","","N/A","T05CF","050764",""
"TapeTech","Spool","051094","","N/A","T05CF","051094",""
"TapeTech","Cutter Frame","050770","","N/A","T05CF","050770",""
"TapeTech","Creaser Tape Guide","050771","","N/A","T05CF","050771",""
"TapeTech","Spool Post, Slotted - 053408","053408","","N/A","T05CF","053408","https://cdn11.bigcommerce.com/s-dbb3r9a7se/images/stencil/1280w/products/1281/2393/053408__89468.1675191912.jpg"
"TapeTech","Keeper Half","050772","","N/A","T05CF","050772",""
"TapeTech","Creaser Wheel","050773","","N/A","T05CF","050773",""
"TapeTech","Main Wheel","056093","","N/A","T05CF","056093",""
"TapeTech","Creaser Cam Plate","050774","","N/A","T05CF","050774",""
"TapeTech","Cam Pivot Roller","050775","","N/A","T05CF","050775",""
"TapeTech","Creaser Pivot Link","050776","","N/A","T05CF","050776",""
"TapeTech","Push Tube","050777","","N/A","T05CF","050777",""
"TapeTech","4-40 X 3/16 Truss Head Screw - 059014","059014","SCREW, TRUSS 4-40 X 3/16 (CABLE DRUM) FOR AUTOMATIC TAPER","N/A","T05CF","059014","https://cdn11.bigcommerce.com/s-dbb3r9a7se/images/stencil/1280w/products/2869/2257/059014__66248.1675191910.jpg"
"TapeTech","Swash Plate","050778","","N/A","T05CF","050778",""
"TapeTech","Cam Pivot Bar","050779","","N/A","T05CF","050779",""
"TapeTech","Connector","050780","","N/A","T05CF","050780",""
"TapeTech","Creaser Slider","050781","","N/A","T05CF","050781",""
"TapeTech","Cam Pivot Axle","050782","","N/A","T05CF","050782",""
"TapeTech","Gooser Body","050784","","N/A","T05CF","050784",""
"TapeTech","Control Arm Guide Rod","050785","","N/A","T05CF","050785",""
"TapeTech","Guide Bushing","050786","","N/A","T05CF","050786",""
"TapeTech","Spring, LEE LC067K10S","059809","","N/A","T05CF","059809",""
"TapeTech","Spacer, Creaser Pivot, McM 92320A691","059810","","N/A","T05CF","059810",""
"TapeTech","Jam Nut 1/4-20","059811","","N/A","T05CF","059811",""
"TapeTech","159027 - Special Washer","159027","","N/A","T05CF","159027","https://cdn11.bigcommerce.com/s-dbb3r9a7se/images/stencil/1280w/products/1566/3408/159027__61911.1675191926.jpg"
"TapeTech","Screw, 4-40 X 7/8 Fl. Hd.","059322","","N/A","T05CF","059322",""
"TapeTech","Screw, 4-40 x 1/2 Binding Hd, SST","059616","","N/A","T05CF","059616",""
"TapeTech","4-40 x 7/16 Slotted FL. Head, SS","209050","","N/A","T05CF","209050",""
"TapeTech","Screw, 8-32 x 3/4 Hex Head, SST","059620","","N/A","T05CF","059620",""
"TapeTech","O-ring, 17.5mmID, 1.5mmwidth, Buna","059706","","N/A","T05CF","059706",""
"TapeTech","O-ring, -033, Buna","059709","","N/A","T05CF","059709",""
"TapeTech","Nyliner, 5L5F-642","059763","","N/A","T05CF","059763",""
"TapeTech","Screw, 1/4-20 x 1-1/8 FH Soc, SST","059793","","N/A","T05CF","059793",""
"TapeTech","Stud, Swivel","800856","","N/A","T05CF","800856",""
"TapeTech","Screw, 4-40 x 1-1/8 Fl Hd Slotted, SST","059794","","N/A","T05CF","059794",""
"TapeTech","Adapter, Swivel","800857","","N/A","T05CF","800857",""
"TapeTech","Screw, #4 x 1/4 Lg Thd Forming, SST","059795","","N/A","T05CF","059795",""
"TapeTech","Thrust Washer","800858","","N/A","T05CF","800858",""
"TapeTech","Spacer .188, SST, Ref McM-Carr 92320A689","059796","","N/A","T05CF","059796",""
"TapeTech","O-Ring, -013","809860","","N/A","T05CF","809860",""
"TapeTech","Spring, LEE LE045D13S","059797","","N/A","T05CF","059797",""
"TapeTech","809861 O-Ring, -016","809861","","N/A","T05CF","809861","https://cdn11.bigcommerce.com/s-dbb3r9a7se/images/stencil/1280w/products/2479/4073/809861__95313.1675191935.jpg"
"TapeTech","E-Ring, Ext, .125/.127 Groove, SST","059798","","N/A","T05CF","059798",""
"TapeTech","O-Ring, -907","809862","","N/A","T05CF","809862",""
"TapeTech","Spacer .375, SST, Ref McM-Carr 92320A695","059799","","N/A","T05CF","059799",""
"TapeTech","ShoulderScr, 3/16 x 1"", Slotted, SST","059802","","N/A","T05CF","059802",""
"TapeTech","Trigger Attachment Pin","059806","","N/A","T05CF","059806",""
"TapeTech","O-ring, Gooser Stop, -109 Buna","059807","","N/A","T05CF","059807",""
"TapeTech","Spring, McM-Carr 9065K259","059808","","N/A","T05CF","059808",""
"Level5","Spring Drive Dog","7094","Spring Drive Dog","$3.14","7097-Drive-Dog-Assembly.pdf","1 @ 7097-Drive-Dog-Assembly.pdf",""
"Level5","Drive Dog Body","7269","Drive Dog Body","N/A","7097-Drive-Dog-Assembly.pdf","2 @ 7097-Drive-Dog-Assembly.pdf",""
"Level5","Drive Dog Screw 8-32","7060","Drive Dog Screw 8-32","$1.79","7097-Drive-Dog-Assembly.pdf","3 @ 7097-Drive-Dog-Assembly.pdf",""
"Level5","1/16 x 1/2in Cotter Pin Fastenal  74268","7116","1/16 x 1/2in Cotter Pin Fastenal  74268","$1.79","7097-Drive-Dog-Assembly.pdf; 9333-Cutter-Chain-Assembly.pdf; Taper-Tube-Assembly.pdf; Corner-Roller-4-707.pdf","4 @ 7097-Drive-Dog-Assembly.pdf; 1 @ 9333-Cutter-Chain-Assembly.pdf; 13 @ Taper-Tube-Assembly.pdf; 14 @ Corner-Roller-4-707.pdf",""
"Level5","Cable Drum Shaft","7100","Cable Drum Shaft","$36.89","7097-Drive-Dog-Assembly.pdf","5 @ 7097-Drive-Dog-Assembly.pdf",""
"Level5","Drive dog roller","7089","Drive dog roller","N/A","7097-Drive-Dog-Assembly.pdf","6 @ 7097-Drive-Dog-Assembly.pdf",""
"Level5","4-40 x3/16 Bind Head Screw","7047","4-40 x3/16 Bind Head Screw","$1.79","7218-Taper-Wheel-Assembly.pdf; Taper-Head-Assembly-New-Style-4-760.pdf; 2-inch-Nail-Spotter-4-754-old-style.pdf","1 @ 7218-Taper-Wheel-Assembly.pdf; 11 @ Taper-Head-Assembly-New-Style-4-760.pdf; 10 @ 2-inch-Nail-Spotter-4-754-old-style.pdf",""
"Level5","Taper Wheel","7077","Taper Wheel","$19.34","7218-Taper-Wheel-Assembly.pdf","2 @ 7218-Taper-Wheel-Assembly.pdf",""
"Level5","Drive hub","7090","Drive hub","$20.69","7218-Taper-Wheel-Assembly.pdf","3 @ 7218-Taper-Wheel-Assembly.pdf",""
"Level5","Taper Wheel Spool","7078","Taper Wheel Spool","$38.69","7218-Taper-Wheel-Assembly.pdf","4 @ 7218-Taper-Wheel-Assembly.pdf",""
"Level5","8-32 x 1/4 FH Screw","7070","8-32 x 1/4 FH Screw","$1.79","7218-Taper-Wheel-Assembly.pdf","5 @ 7218-Taper-Wheel-Assembly.pdf",""
"Level5","6-32X3/16 Fillister Head Screw","7042","6-32X3/16 Fillister Head Screw","$1.79","7293-Gooser-Assembly.pdf; 7377-Cover-Plate-AssemblyOld-Style.pdf","1 @ 7293-Gooser-Assembly.pdf; 4 @ 7377-Cover-Plate-AssemblyOld-Style.pdf",""
"Level5","Gooser Needle Holder","7041","Gooser Needle Holder","$13.04","7293-Gooser-Assembly.pdf","2 @ 7293-Gooser-Assembly.pdf","https://cdn11.bigcommerce.com/s-dbb3r9a7se/images/stencil/1280w/products/4032/5754/050050f__04469.1748975346.jpg"
"Level5","Gooser Body","7023","Gooser Body","N/A","7293-Gooser-Assembly.pdf","3 @ 7293-Gooser-Assembly.pdf",""
"Level5","Needle Spring","7019","Needle Spring","$4.49","7293-Gooser-Assembly.pdf","4 @ 7293-Gooser-Assembly.pdf",""
"Level5","Magnet Assembly","7025","Magnet Assembly","$13.94","7293-Gooser-Assembly.pdf","5 @ 7293-Gooser-Assembly.pdf","https://cdn11.bigcommerce.com/s-dbb3r9a7se/images/stencil/1280w/products/4020/5753/050030__71180.1748975345.jpg"
"Level5","4-40 x 1/4 Bind Head Screw","7030","4-40 x 1/4 Bind Head Screw","$1.79","7293-Gooser-Assembly.pdf","6 @ 7293-Gooser-Assembly.pdf",""
"Level5","#4 Lock Washer","7031","#4 Lock Washer","$1.79","7293-Gooser-Assembly.pdf; Taper-Head-Assembly-New-Style-4-760.pdf","7 @ 7293-Gooser-Assembly.pdf; 24 @ Taper-Head-Assembly-New-Style-4-760.pdf",""
"Level5","6-32 x 5/16 Round Head Screw","7010","6-32 x 5/16 Round Head Screw","$1.79","7293-Gooser-Assembly.pdf","8 @ 7293-Gooser-Assembly.pdf",""
"Level5","Needle Holder Lock","7022","Needle Holder Lock","$3.59","7293-Gooser-Assembly.pdf","9 @ 7293-Gooser-Assembly.pdf","https://cdn11.bigcommerce.com/s-dbb3r9a7se/images/stencil/1280w/products/4008/5752/050027__94532.1748975345.jpg"
"Level5","Needle Gooser","7040","Needle Gooser","$1.79","7293-Gooser-Assembly.pdf","10 @ 7293-Gooser-Assembly.pdf","https://cdn11.bigcommerce.com/s-dbb3r9a7se/images/stencil/1280w/products/477/3679/059049__23738.1675191930.jpg"
"Level5","Cutter Chain without Spring","7332","Cutter Chain without Spring","$88.19","9333-Cutter-Chain-Assembly.pdf","2 @ 9333-Cutter-Chain-Assembly.pdf",""
"Level5","4-40 x 6.3MM FLH Screw, Phillips","7136","4-40 x 6.3MM FLH Screw, Phillips","$4.49","9333-Cutter-Chain-Assembly.pdf; 4-754-4-755-N.Spotter-Final.pdf","3 @ 9333-Cutter-Chain-Assembly.pdf; 4 @ 4-754-4-755-N.Spotter-Final.pdf",""
"Level5","Pyramid Blade","7111","Pyramid Blade","$3.14","9333-Cutter-Chain-Assembly.pdf","4 @ 9333-Cutter-Chain-Assembly.pdf",""
"Level5","Cutter Block Clamp","7112","Cutter Block Clamp","$15.29","9333-Cutter-Chain-Assembly.pdf","5 @ 9333-Cutter-Chain-Assembly.pdf",""
"Level5","Cutter Chain Spring","9108","Cutter Chain Spring","$16.64","9333-Cutter-Chain-Assembly.pdf","6 @ 9333-Cutter-Chain-Assembly.pdf",""
"Level5","Key Ring","7054","Key Ring","$1.79","9333-Cutter-Chain-Assembly.pdf","7 @ 9333-Cutter-Chain-Assembly.pdf",""
"Level5","AT Key Ring Holder","9917","AT Key Ring Holder","$22.04","9333-Cutter-Chain-Assembly.pdf","8 @ 9333-Cutter-Chain-Assembly.pdf",""
"Level5","#10 Brass Washer","7177","#10 Brass Washer","$1.79","9333-Cutter-Chain-Assembly.pdf; 4-764-765-766-770-New-Hinge-box-Final.pdf; 4-7674-7684-769-Hinged-Mega-box-Final.pdf; 7-inch-Flat-Box-4-764.pdf; 10-inch-Flat-Box-4-765.pdf; 12-inch-Flat-Box-4-766.pdf; 14-inch-Flat-Box-4-770.pdf; 7-inch-Mega-Flat-Box-4-767.pdf; 12-inch-Mega-Box-4-769.pdf","9 @ 9333-Cutter-Chain-Assembly.pdf; 19 @ 4-764-765-766-770-New-Hinge-box-Final.pdf; 19 @ 4-7674-7684-769-Hinged-Mega-box-Final.pdf; 21 @ 7-inch-Flat-Box-4-764.pdf; 27 @ 7-inch-Flat-Box-4-764.pdf; 21 @ 10-inch-Flat-Box-4-765.pdf; 27 @ 10-inch-Flat-Box-4-765.pdf; 21 @ 12-inch-Flat-Box-4-766.pdf; 27 @ 12-inch-Flat-Box-4-766.pdf; 19 @ 14-inch-Flat-Box-4-770.pdf; 21 @ 7-inch-Mega-Flat-Box-4-767.pdf; 27 @ 7-inch-Mega-Flat-Box-4-767.pdf; 21 @ 12-inch-Mega-Box-4-769.pdf; 27 @ 12-inch-Mega-Box-4-769.pdf",""
"Level5","AT Wing Nut","9916","AT Wing Nut","$1.79","9333-Cutter-Chain-Assembly.pdf; 4-764-765-766-770-New-Hinge-box-Final.pdf; 4-7674-7684-769-Hinged-Mega-box-Final.pdf; 7-inch-Flat-Box-4-764.pdf; 10-inch-Flat-Box-4-765.pdf; 12-inch-Flat-Box-4-766.pdf; 14-inch-Flat-Box-4-770.pdf; 7-inch-Mega-Flat-Box-4-767.pdf; 12-inch-Mega-Box-4-769.pdf; 4-771-Pump.pdf; Compound-Pump-4-771.pdf","10 @ 9333-Cutter-Chain-Assembly.pdf; 35 @ 4-764-765-766-770-New-Hinge-box-Final.pdf; 35 @ 4-7674-7684-769-Hinged-Mega-box-Final.pdf; 38 @ 7-inch-Flat-Box-4-764.pdf; 38 @ 10-inch-Flat-Box-4-765.pdf; 38 @ 12-inch-Flat-Box-4-766.pdf; 35 @ 14-inch-Flat-Box-4-770.pdf; 38 @ 7-inch-Mega-Flat-Box-4-767.pdf; 38 @ 12-inch-Mega-Box-4-769.pdf; 42 @ 4-771-Pump.pdf; 42 @ Compound-Pump-4-771.pdf",""
"Level5","Disengaging Rod Bearing","7034","Disengaging Rod Bearing","$12.14","7377-Cover-Plate-AssemblyOld-Style.pdf","1 @ 7377-Cover-Plate-AssemblyOld-Style.pdf",""
"Level5","O'Ring","7033","O'Ring","$0.89","7377-Cover-Plate-AssemblyOld-Style.pdf","2 @ 7377-Cover-Plate-AssemblyOld-Style.pdf",""
"Level5","O'Ring Housing","7032","O'Ring Housing","$19.79","7377-Cover-Plate-AssemblyOld-Style.pdf","3 @ 7377-Cover-Plate-AssemblyOld-Style.pdf",""
"Level5","#6 Lockwasher Medium","7013","#6 Lockwasher Medium","$1.79","7377-Cover-Plate-AssemblyOld-Style.pdf; Taper-Head-Assembly-New-Style-4-760.pdf; Taper-Tube-Assembly.pdf","5 @ 7377-Cover-Plate-AssemblyOld-Style.pdf; 3 @ Taper-Head-Assembly-New-Style-4-760.pdf; 15 @ Taper-Tube-Assembly.pdf",""
"Level5","Cover Plate","7045","Cover Plate","N/A","7377-Cover-Plate-AssemblyOld-Style.pdf","6 @ 7377-Cover-Plate-AssemblyOld-Style.pdf",""
"Level5","4-40 x 5/16 BH Screw- Fastenal 70657","7126","4-40 x 5/16 BH Screw- Fastenal 70657","$1.79","7377-Cover-Plate-AssemblyOld-Style.pdf; Taper-Head-Assembly-New-Style-4-760.pdf","7 @ 7377-Cover-Plate-AssemblyOld-Style.pdf; 22 @ Taper-Head-Assembly-New-Style-4-760.pdf",""
"Level5","6-32 x 3/8 Bind Head Screw","7017","6-32 x 3/8 Bind Head Screw","$1.79","7377-Cover-Plate-AssemblyOld-Style.pdf","8 @ 7377-Cover-Plate-AssemblyOld-Style.pdf",""
"Level5","Bracket Base","7029","Bracket Base","$7.19","7377-Cover-Plate-AssemblyOld-Style.pdf","9 @ 7377-Cover-Plate-AssemblyOld-Style.pdf",""
"Level5","Collar Bushing","7014","Collar Bushing","$3.25","7377-Cover-Plate-AssemblyOld-Style.pdf","10 @ 7377-Cover-Plate-AssemblyOld-Style.pdf","https://cdn11.bigcommerce.com/s-dbb3r9a7se/stencil/382d9e80-277d-013e-e48e-4a4f5670f649/e/04e821c0-e5dd-013e-f544-2ec1a3f21564/img/ProductDefault.svg"
"Level5","Disengaging Cam","7016","Disengaging Cam","$8.54","7377-Cover-Plate-AssemblyOld-Style.pdf","11 @ 7377-Cover-Plate-AssemblyOld-Style.pdf","https://cdn11.bigcommerce.com/s-dbb3r9a7se/stencil/382d9e80-277d-013e-e48e-4a4f5670f649/e/04e821c0-e5dd-013e-f544-2ec1a3f21564/img/ProductDefault.svg"
"Level5","#6-32 Thin Pattern Locknut","7015","#6-32 Thin Pattern Locknut","$1.79","7377-Cover-Plate-AssemblyOld-Style.pdf; 4-780-EXT-BOX-Handle-Final-Revision.pdf; 4-781-EXT-BOX-Handle-Final-Revision.pdf; 4-782-EXT-BOX-Handle-Final-Revision.pdf; 52-inch-Extendable-Accessory-Handle-4-880.pdf; 72-inch-Extendable-Accessory-Handle-4-881.pdf; 4-764-765-766-770-New-Hinge-box-Final.pdf; 4-7674-7684-769-Hinged-Mega-box-Final.pdf; 7-inch-Flat-Box-4-764.pdf; 10-inch-Flat-Box-4-765.pdf; 12-inch-Flat-Box-4-766.pdf; 14-inch-Flat-Box-4-770.pdf; 7-inch-Mega-Flat-Box-4-767.pdf; 12-inch-Mega-Box-4-769.pdf; 4-754-4-755-N.Spotter-Final.pdf; 2-inch-Nail-Spotter-4-754-old-style.pdf","12 @ 7377-Cover-Plate-AssemblyOld-Style.pdf; 3 @ 4-780-EXT-BOX-Handle-Final-Revision.pdf; 3 @ 4-781-EXT-BOX-Handle-Final-Revision.pdf; 3 @ 4-782-EXT-BOX-Handle-Final-Revision.pdf; 4 @ 52-inch-Extendable-Accessory-Handle-4-880.pdf; 4 @ 72-inch-Extendable-Accessory-Handle-4-881.pdf; 7 @ 4-764-765-766-770-New-Hinge-box-Final.pdf; 7 @ 4-7674-7684-769-Hinged-Mega-box-Final.pdf; 7 @ 7-inch-Flat-Box-4-764.pdf; 7 @ 10-inch-Flat-Box-4-765.pdf; 7 @ 12-inch-Flat-Box-4-766.pdf; 7 @ 14-inch-Flat-Box-4-770.pdf; 7 @ 7-inch-Mega-Flat-Box-4-767.pdf; 7 @ 12-inch-Mega-Box-4-769.pdf; 1 @ 4-754-4-755-N.Spotter-Final.pdf; 19 @ 2-inch-Nail-Spotter-4-754-old-style.pdf",""
"Level5","Disengaging Rod (shaft)","7028","Disengaging Rod (shaft)","$13.04","7377-Cover-Plate-AssemblyOld-Style.pdf","13 @ 7377-Cover-Plate-AssemblyOld-Style.pdf",""
"Level5","4-40 Lock Nut","7248","4-40 Lock Nut","$1.79","7377-Cover-Plate-AssemblyOld-Style.pdf; Taper-Head-Assembly-New-Style-4-760.pdf; 2-inch-Nail-Spotter-4-754-old-style.pdf","14 @ 7377-Cover-Plate-AssemblyOld-Style.pdf; 21 @ Taper-Head-Assembly-New-Style-4-760.pdf; 5 @ 2-inch-Nail-Spotter-4-754-old-style.pdf",""
"Level5","Tape Guide Assembly","7083","Tape Guide Assembly","$67.94","Taper-Head-Assembly-New-Style-4-760.pdf","1 @ Taper-Head-Assembly-New-Style-4-760.pdf",""
"Level5","6-32 x 1/2 FillisterHeadScrew","7075","6-32 x 1/2 FillisterHeadScrew","$1.00","Taper-Head-Assembly-New-Style-4-760.pdf; 2.5-inch-Corner-Finisher-4-732.pdf; 4-734-3.5-Corner-Finisher.pdf; 4-735-4-Corner-Finisher.pdf; 3-inch-Corner-Finisher-4-733.pdf; 2-inch-Nail-Spotter-4-754-old-style.pdf","2 @ Taper-Head-Assembly-New-Style-4-760.pdf; 20 @ 2.5-inch-Corner-Finisher-4-732.pdf; 22 @ 4-734-3.5-Corner-Finisher.pdf; 22 @ 4-735-4-Corner-Finisher.pdf; 22 @ 3-inch-Corner-Finisher-4-733.pdf; 21 @ 2-inch-Nail-Spotter-4-754-old-style.pdf",""
"Level5","Tape Guide Support Bracket","7074","Tape Guide Support Bracket","N/A","Taper-Head-Assembly-New-Style-4-760.pdf","4 @ Taper-Head-Assembly-New-Style-4-760.pdf",""
"Level5","4-40 X 8mm FH Screw, Philips","7399","4-40 X 8mm FH Screw, Philips","$1.79","Taper-Head-Assembly-New-Style-4-760.pdf","5 @ Taper-Head-Assembly-New-Style-4-760.pdf",""
"Level5","Bushing Head","7081","Bushing Head","$9.89","Taper-Head-Assembly-New-Style-4-760.pdf","6 @ Taper-Head-Assembly-New-Style-4-760.pdf",""
"Level5","#6-32 x 1/4 Fillister Head","7012","#6-32 x 1/4 Fillister Head","$1.79","Taper-Head-Assembly-New-Style-4-760.pdf; Taper-Tube-Assembly.pdf; 4-764-765-766-770-New-Hinge-box-Final.pdf; 4-7674-7684-769-Hinged-Mega-box-Final.pdf; 7-inch-Flat-Box-4-764.pdf; 10-inch-Flat-Box-4-765.pdf; 12-inch-Flat-Box-4-766.pdf; 14-inch-Flat-Box-4-770.pdf; 7-inch-Mega-Flat-Box-4-767.pdf; 12-inch-Mega-Box-4-769.pdf","7 @ Taper-Head-Assembly-New-Style-4-760.pdf; 16 @ Taper-Tube-Assembly.pdf; 15 @ 4-764-765-766-770-New-Hinge-box-Final.pdf; 15 @ 4-7674-7684-769-Hinged-Mega-box-Final.pdf; 15 @ 7-inch-Flat-Box-4-764.pdf; 15 @ 10-inch-Flat-Box-4-765.pdf; 15 @ 12-inch-Flat-Box-4-766.pdf; 15 @ 14-inch-Flat-Box-4-770.pdf; 15 @ 7-inch-Mega-Flat-Box-4-767.pdf; 15 @ 12-inch-Mega-Box-4-769.pdf",""
"Level5","New Style Taper Head","9082","New Style Taper Head","$99.00","Taper-Head-Assembly-New-Style-4-760.pdf","8 @ Taper-Head-Assembly-New-Style-4-760.pdf",""
"Level5","Bushing, Head","7071","Bushing, Head","$11.69","Taper-Head-Assembly-New-Style-4-760.pdf","9 @ Taper-Head-Assembly-New-Style-4-760.pdf",""
"Level5","Right Side Plate- Taper","9665","Right Side Plate- Taper","$27.00","Taper-Head-Assembly-New-Style-4-760.pdf","10 @ Taper-Head-Assembly-New-Style-4-760.pdf",""
"Level5","Taper Brake Pin Screw","9913","Taper Brake Pin Screw","$1.79","Taper-Head-Assembly-New-Style-4-760.pdf","12 @ Taper-Head-Assembly-New-Style-4-760.pdf",""
"Level5","Cutter Block Tube","7092","Cutter Block Tube","$13.94","Taper-Head-Assembly-New-Style-4-760.pdf","13 @ Taper-Head-Assembly-New-Style-4-760.pdf",""
"Level5","Chain Roller Support (Right)","7037","Chain Roller Support (Right)","$11.24","Taper-Head-Assembly-New-Style-4-760.pdf","14 @ Taper-Head-Assembly-New-Style-4-760.pdf",""
"Level5","#8-32, SS, Nylon lock, Hex nut","8288","#8-32, SS, Nylon lock, Hex nut","$1.79","Taper-Head-Assembly-New-Style-4-760.pdf; Taper-Tube-Assembly.pdf; 4-780-EXT-BOX-Handle-Final-Revision.pdf; 4-781-EXT-BOX-Handle-Final-Revision.pdf; 4-782-EXT-BOX-Handle-Final-Revision.pdf; 52-inch-Extendable-Accessory-Handle-4-880.pdf; 72-inch-Extendable-Accessory-Handle-4-881.pdf; 7-inch-Corner-Applicator-4-701.pdf; 8-inch-Corner-Applicator-4-702-.pdf; 4-754-4-755-N.Spotter-Final.pdf; 2-inch-Nail-Spotter-4-754-old-style.pdf","15 @ Taper-Head-Assembly-New-Style-4-760.pdf; 5 @ Taper-Tube-Assembly.pdf; 32 @ 4-780-EXT-BOX-Handle-Final-Revision.pdf; 32 @ 4-781-EXT-BOX-Handle-Final-Revision.pdf; 32 @ 4-782-EXT-BOX-Handle-Final-Revision.pdf; 14 @ 52-inch-Extendable-Accessory-Handle-4-880.pdf; 14 @ 72-inch-Extendable-Accessory-Handle-4-881.pdf; 19 @ 7-inch-Corner-Applicator-4-701.pdf; 19 @ 8-inch-Corner-Applicator-4-702-.pdf; 45 @ 4-754-4-755-N.Spotter-Final.pdf; 11 @ 2-inch-Nail-Spotter-4-754-old-style.pdf",""
"Level5","Cutter Chain Bushing (metal) Taper","9125","Cutter Chain Bushing (metal) Taper","$5.00","Taper-Head-Assembly-New-Style-4-760.pdf","16 @ Taper-Head-Assembly-New-Style-4-760.pdf",""
"Level5","Cutter Chain Roller (white) Taper","9122","Cutter Chain Roller (white) Taper","$2.24","Taper-Head-Assembly-New-Style-4-760.pdf","17 @ Taper-Head-Assembly-New-Style-4-760.pdf",""
"Level5","Chain Keeper","7020","Chain Keeper","$1.00","Taper-Head-Assembly-New-Style-4-760.pdf","18 @ Taper-Head-Assembly-New-Style-4-760.pdf",""
"Level5","8-32 x 5/8 TH Screw","7105","8-32 x 5/8 TH Screw","$1.79","Taper-Head-Assembly-New-Style-4-760.pdf","19 @ Taper-Head-Assembly-New-Style-4-760.pdf",""
"Level5","4-40 x 3/8 FH Screw  Fastenal 0170759","7127","4-40 x 3/8 FH Screw  Fastenal 0170759","$1.79","Taper-Head-Assembly-New-Style-4-760.pdf","20 @ Taper-Head-Assembly-New-Style-4-760.pdf",""
"Level5","Screw","7444","Screw","N/A","Taper-Head-Assembly-New-Style-4-760.pdf","23 @ Taper-Head-Assembly-New-Style-4-760.pdf",""
"Level5","Bearing Bracket","7124","Bearing Bracket","$3.00","Taper-Head-Assembly-New-Style-4-760.pdf","25 @ Taper-Head-Assembly-New-Style-4-760.pdf",""
"Level5","SS UCFSL MS 4-40 x 1/8 FH Screw","7087","SS UCFSL MS 4-40 x 1/8 FH Screw","$1.00","Taper-Head-Assembly-New-Style-4-760.pdf","26 @ Taper-Head-Assembly-New-Style-4-760.pdf",""
"Level5","Taper Filler Tube Assembly","7096","Taper Filler Tube Assembly","$34.19","Taper-Head-Assembly-New-Style-4-760.pdf","27 @ Taper-Head-Assembly-New-Style-4-760.pdf",""
"Level5","3-48 Lock Nut","7050","3-48 Lock Nut","$1.79","Taper-Head-Assembly-New-Style-4-760.pdf; 7-inch-Corner-Applicator-4-701.pdf; 8-inch-Corner-Applicator-4-702-.pdf","28 @ Taper-Head-Assembly-New-Style-4-760.pdf; 17 @ 7-inch-Corner-Applicator-4-701.pdf; 17 @ 8-inch-Corner-Applicator-4-702-.pdf",""
"Level5","Valve Spring","7051","Valve Spring","$4.49","Taper-Head-Assembly-New-Style-4-760.pdf; 7-inch-Corner-Applicator-4-701.pdf; 8-inch-Corner-Applicator-4-702-.pdf","29 @ Taper-Head-Assembly-New-Style-4-760.pdf; 16 @ 7-inch-Corner-Applicator-4-701.pdf; 16 @ 8-inch-Corner-Applicator-4-702-.pdf",""
"Level5","Valve Assembly","7053","Valve Assembly","$13.94","Taper-Head-Assembly-New-Style-4-760.pdf; 7-inch-Corner-Applicator-4-701.pdf; 8-inch-Corner-Applicator-4-702-.pdf","30 @ Taper-Head-Assembly-New-Style-4-760.pdf; 14 @ 7-inch-Corner-Applicator-4-701.pdf; 14 @ 8-inch-Corner-Applicator-4-702-.pdf",""
"Level5","2/56 x 1/8 Bind Head Screw","7038","2/56 x 1/8 Bind Head Screw","$1.00","Taper-Head-Assembly-New-Style-4-760.pdf","31 @ Taper-Head-Assembly-New-Style-4-760.pdf",""
"Level5","Baffle Plate Assembly","7039","Baffle Plate Assembly","$17.54","Taper-Head-Assembly-New-Style-4-760.pdf","32 @ Taper-Head-Assembly-New-Style-4-760.pdf",""
"Level5","AT Taper Runner","9061","AT Taper Runner","$30.14","Taper-Head-Assembly-New-Style-4-760.pdf","33 @ Taper-Head-Assembly-New-Style-4-760.pdf",""
"Level5","Bearing Nyliner","7063","Bearing Nyliner","$2.24","Taper-Head-Assembly-New-Style-4-760.pdf; 4-780-EXT-BOX-Handle-Final-Revision.pdf; 4-781-EXT-BOX-Handle-Final-Revision.pdf; 4-782-EXT-BOX-Handle-Final-Revision.pdf; 4-764-765-766-770-New-Hinge-box-Final.pdf; 4-7674-7684-769-Hinged-Mega-box-Final.pdf; 7-inch-Flat-Box-4-764.pdf; 10-inch-Flat-Box-4-765.pdf; 12-inch-Flat-Box-4-766.pdf; 14-inch-Flat-Box-4-770.pdf; 7-inch-Mega-Flat-Box-4-767.pdf; 12-inch-Mega-Box-4-769.pdf; 4-754-4-755-N.Spotter-Final.pdf","34 @ Taper-Head-Assembly-New-Style-4-760.pdf; 23 @ 4-780-EXT-BOX-Handle-Final-Revision.pdf; 23 @ 4-781-EXT-BOX-Handle-Final-Revision.pdf; 23 @ 4-782-EXT-BOX-Handle-Final-Revision.pdf; 20 @ 4-764-765-766-770-New-Hinge-box-Final.pdf; 20 @ 4-7674-7684-769-Hinged-Mega-box-Final.pdf; 22 @ 7-inch-Flat-Box-4-764.pdf; 22 @ 10-inch-Flat-Box-4-765.pdf; 22 @ 12-inch-Flat-Box-4-766.pdf; 20 @ 14-inch-Flat-Box-4-770.pdf; 22 @ 7-inch-Mega-Flat-Box-4-767.pdf; 22 @ 12-inch-Mega-Box-4-769.pdf; 2 @ 4-754-4-755-N.Spotter-Final.pdf",""
"Level5","Lock Roller Assembly (Brake)","7005","Lock Roller Assembly (Brake)","$13.94","Taper-Head-Assembly-New-Style-4-760.pdf","35 @ Taper-Head-Assembly-New-Style-4-760.pdf",""
"Level5","Anvil","7035","Anvil","$16.64","Taper-Head-Assembly-New-Style-4-760.pdf","36 @ Taper-Head-Assembly-New-Style-4-760.pdf",""
"Level5","Roller Axle Spring (Brake Pin)","9007","Roller Axle Spring (Brake Pin)","$7.19","Taper-Head-Assembly-New-Style-4-760.pdf","37 @ Taper-Head-Assembly-New-Style-4-760.pdf",""
"Level5","AT Brake Pin Holder","9912","AT Brake Pin Holder","$66.59","Taper-Head-Assembly-New-Style-4-760.pdf","38 @ Taper-Head-Assembly-New-Style-4-760.pdf",""
"Level5","AT Washer","9914","AT Washer","$3.14","Taper-Head-Assembly-New-Style-4-760.pdf","39 @ Taper-Head-Assembly-New-Style-4-760.pdf",""
"Level5","AT Brake Adjuster","9915","AT Brake Adjuster","$4.49","Taper-Head-Assembly-New-Style-4-760.pdf","40 @ Taper-Head-Assembly-New-Style-4-760.pdf",""
"Level5","AT Washer","9911","AT Washer","$1.79","Taper-Head-Assembly-New-Style-4-760.pdf","41 @ Taper-Head-Assembly-New-Style-4-760.pdf",""
"Level5","AT Ball Screw  6-32x6.3","9910","AT Ball Screw  6-32x6.3","$1.79","Taper-Head-Assembly-New-Style-4-760.pdf; 4-754-4-755-N.Spotter-Final.pdf","42 @ Taper-Head-Assembly-New-Style-4-760.pdf; 47 @ 4-754-4-755-N.Spotter-Final.pdf",""
"Level5","Block","7448","Block","N/A","Taper-Head-Assembly-New-Style-4-760.pdf","43 @ Taper-Head-Assembly-New-Style-4-760.pdf",""
"Level5","Drip Guard","9008","Drip Guard","$7.00","Taper-Head-Assembly-New-Style-4-760.pdf","44 @ Taper-Head-Assembly-New-Style-4-760.pdf",""
"Level5","AT Tape Guide Runner","9085","AT Tape Guide Runner","$30.14","Taper-Head-Assembly-New-Style-4-760.pdf","45 @ Taper-Head-Assembly-New-Style-4-760.pdf",""
"Level5","Screw","7445","Screw","N/A","Taper-Head-Assembly-New-Style-4-760.pdf","46 @ Taper-Head-Assembly-New-Style-4-760.pdf",""
"Level5","Gooser Release Cam","9043","Gooser Release Cam","N/A","Taper-Head-Assembly-New-Style-4-760.pdf","47 @ Taper-Head-Assembly-New-Style-4-760.pdf",""
"Level5","Main Cutter Chain Roller (white) Taper","7447","Main Cutter Chain Roller (white) Taper","$1.50","Taper-Head-Assembly-New-Style-4-760.pdf","48 @ Taper-Head-Assembly-New-Style-4-760.pdf",""
"Level5","Main Chain Guard","9129","Main Chain Guard","$7.19","Taper-Head-Assembly-New-Style-4-760.pdf","49 @ Taper-Head-Assembly-New-Style-4-760.pdf",""
"Level5","Chain Roller Support (Left)","9114","Chain Roller Support (Left)","$9.00","Taper-Head-Assembly-New-Style-4-760.pdf","50 @ Taper-Head-Assembly-New-Style-4-760.pdf",""
"Level5","6-32 X 1/4 FH Screw","7088","6-32 X 1/4 FH Screw","$1.00","Taper-Head-Assembly-New-Style-4-760.pdf","51 @ Taper-Head-Assembly-New-Style-4-760.pdf",""
"Level5","Left Side Plate- Taper","9086","Left Side Plate- Taper","$22.00","Taper-Head-Assembly-New-Style-4-760.pdf","52 @ Taper-Head-Assembly-New-Style-4-760.pdf",""
"Level5","Tie Rod","7113","Tie Rod","$30.14","Taper-Head-Assembly-New-Style-4-760.pdf","53 @ Taper-Head-Assembly-New-Style-4-760.pdf",""
"Level5","3-48 Miniature Hex Nut","7072","3-48 Miniature Hex Nut","$1.79","Taper-Head-Assembly-New-Style-4-760.pdf","54 @ Taper-Head-Assembly-New-Style-4-760.pdf",""
"Level5","Screw","7446","Screw","N/A","Taper-Head-Assembly-New-Style-4-760.pdf","55 @ Taper-Head-Assembly-New-Style-4-760.pdf",""
"Level5","Nyliner Bearing-Straight","7119","Nyliner Bearing-Straight","$4.04","Taper-Head-Assembly-New-Style-4-760.pdf; 4-764-765-766-770-New-Hinge-box-Final.pdf; 4-7674-7684-769-Hinged-Mega-box-Final.pdf; 7-inch-Flat-Box-4-764.pdf; 10-inch-Flat-Box-4-765.pdf; 12-inch-Flat-Box-4-766.pdf; 14-inch-Flat-Box-4-770.pdf; 7-inch-Mega-Flat-Box-4-767.pdf; 12-inch-Mega-Box-4-769.pdf; 4-754-4-755-N.Spotter-Final.pdf","56 @ Taper-Head-Assembly-New-Style-4-760.pdf; 22 @ 4-764-765-766-770-New-Hinge-box-Final.pdf; 22 @ 4-7674-7684-769-Hinged-Mega-box-Final.pdf; 24 @ 7-inch-Flat-Box-4-764.pdf; 24 @ 10-inch-Flat-Box-4-765.pdf; 24 @ 12-inch-Flat-Box-4-766.pdf; 22 @ 14-inch-Flat-Box-4-770.pdf; 24 @ 7-inch-Mega-Flat-Box-4-767.pdf; 24 @ 12-inch-Mega-Box-4-769.pdf; 3 @ 4-754-4-755-N.Spotter-Final.pdf",""
"Level5","Bearing","7322","Bearing","$3.14","Taper-Head-Assembly-New-Style-4-760.pdf","57 @ Taper-Head-Assembly-New-Style-4-760.pdf",""
"Level5","6-32 x 3/16 Round Head","7170","6-32 x 3/16 Round Head","$1.79","Taper-Tube-Assembly.pdf","1 @ Taper-Tube-Assembly.pdf",""
"Level5","Tube Protector","7169","Tube Protector","$23.39","Taper-Tube-Assembly.pdf","2 @ Taper-Tube-Assembly.pdf",""
"Level5","AT Tape Roll Holder","9998","AT Tape Roll Holder","$51.74","Taper-Tube-Assembly.pdf","3 @ Taper-Tube-Assembly.pdf",""
"Level5","Taper Band Screw","7235","Taper Band Screw","$2.24","Taper-Tube-Assembly.pdf; 4-754-4-755-N.Spotter-Final.pdf","4 @ Taper-Tube-Assembly.pdf; 5 @ 4-754-4-755-N.Spotter-Final.pdf",""
"Level5","Tape Spool","7164","Tape Spool","$16.64","Taper-Tube-Assembly.pdf","6 @ Taper-Tube-Assembly.pdf",""
"Level5","Control Tube Assembly","7287","Control Tube Assembly","$113.00","Taper-Tube-Assembly.pdf","7 @ Taper-Tube-Assembly.pdf",""
"Level5","AT Extension Arm Guide","9999","AT Extension Arm Guide","$5.84","Taper-Tube-Assembly.pdf","8 @ Taper-Tube-Assembly.pdf",""
"Level5","Control Extension Arm","7144","Control Extension Arm","$47.24","Taper-Tube-Assembly.pdf","9 @ Taper-Tube-Assembly.pdf",""
"Level5","Washer Retaining","7315","Washer Retaining","$1.79","Taper-Tube-Assembly.pdf; 4-754-4-755-N.Spotter-Final.pdf","10 @ Taper-Tube-Assembly.pdf; 6 @ 4-754-4-755-N.Spotter-Final.pdf",""
"Level5","Gooser & Cutter Chain","7055","Gooser & Cutter Chain","$5.39","Taper-Tube-Assembly.pdf","11 @ Taper-Tube-Assembly.pdf",""
"Level5","Cutter Chain Tube","7117","Cutter Chain Tube","$13.94","Taper-Tube-Assembly.pdf","12 @ Taper-Tube-Assembly.pdf",""
"Level5","Taper Head Assembly","7344","Taper Head Assembly","$600.00","Taper-Tube-Assembly.pdf","14 @ Taper-Tube-Assembly.pdf",""
"Level5","Creaser Connector Assembly","7198","Creaser Connector Assembly","$38.24","Taper-Tube-Assembly.pdf","17 @ Taper-Tube-Assembly.pdf",""
"Level5","Cable","7137","Cable","$10.79","Taper-Tube-Assembly.pdf","18 @ Taper-Tube-Assembly.pdf",""
"Level5","1/4-20 Hex Nut","7135","1/4-20 Hex Nut","$3.00","Taper-Tube-Assembly.pdf","19 @ Taper-Tube-Assembly.pdf",""
"Level5","1/4-20 Hex Castle Nut","7131","1/4-20 Hex Castle Nut","$7.25","Taper-Tube-Assembly.pdf","20 @ Taper-Tube-Assembly.pdf",""
"Level5","Plunger Cup Washer","7133","Plunger Cup Washer","$7.25","Taper-Tube-Assembly.pdf","21 @ Taper-Tube-Assembly.pdf",""
"Level5","Plunger Cup","7132","Plunger Cup","$39.14","Taper-Tube-Assembly.pdf","22 @ Taper-Tube-Assembly.pdf",""
"Level5","Plunger","7130","Plunger","$43.64","Taper-Tube-Assembly.pdf","23 @ Taper-Tube-Assembly.pdf",""
"Level5","1/4-20 X 3/4in HH Screw","7134","1/4-20 X 3/4in HH Screw","$4.00","Taper-Tube-Assembly.pdf","24 @ Taper-Tube-Assembly.pdf",""
"Level5","S-Hook","7168","S-Hook","$3.14","Taper-Tube-Assembly.pdf; 4-771-Pump.pdf; Compound-Pump-4-771.pdf","25 @ Taper-Tube-Assembly.pdf; 29 @ 4-771-Pump.pdf; 29 @ Compound-Pump-4-771.pdf",""
"Level5","Taper Tube","7166","Taper Tube","$350.99","Taper-Tube-Assembly.pdf","26 @ Taper-Tube-Assembly.pdf",""
"Level5","#14 Brass Washer","7178","#14 Brass Washer","$1.79","Taper-Tube-Assembly.pdf; 4-764-765-766-770-New-Hinge-box-Final.pdf; 4-7674-7684-769-Hinged-Mega-box-Final.pdf; 7-inch-Flat-Box-4-764.pdf; 10-inch-Flat-Box-4-765.pdf; 12-inch-Flat-Box-4-766.pdf; 14-inch-Flat-Box-4-770.pdf; 7-inch-Mega-Flat-Box-4-767.pdf; 12-inch-Mega-Box-4-769.pdf; Corner-Roller-4-707.pdf","27 @ Taper-Tube-Assembly.pdf; 26 @ 4-764-765-766-770-New-Hinge-box-Final.pdf; 26 @ 4-7674-7684-769-Hinged-Mega-box-Final.pdf; 29 @ 7-inch-Flat-Box-4-764.pdf; 29 @ 10-inch-Flat-Box-4-765.pdf; 29 @ 12-inch-Flat-Box-4-766.pdf; 26 @ 14-inch-Flat-Box-4-770.pdf; 29 @ 7-inch-Mega-Flat-Box-4-767.pdf; 29 @ 12-inch-Mega-Box-4-769.pdf; 2 @ Corner-Roller-4-707.pdf",""
"Level5","Creaser Trigger","7165","Creaser Trigger","$57.14","Taper-Tube-Assembly.pdf","28 @ Taper-Tube-Assembly.pdf",""
"Level5","Extension O'Ring","DXTT-1101","Extension O'Ring","$3.14","4-772-MiniShot.pdf","1 @ 4-772-MiniShot.pdf",""
"Level5","Screw 8-32 x 6","DXTT-1102","Screw 8-32 x 6","$1.79","4-772-MiniShot.pdf","2 @ 4-772-MiniShot.pdf",""
"Level5","Screw 8-32 x 9.4","DXTT-1103","Screw 8-32 x 9.4","$1.79","4-772-MiniShot.pdf","3 @ 4-772-MiniShot.pdf",""
"Level5","Threaded Extension End","8104","Threaded Extension End","N/A","4-772-MiniShot.pdf","4 @ 4-772-MiniShot.pdf",""
"Level5","Rubber Handle Grip","DXTT-1105","Rubber Handle Grip","$5.00","4-772-MiniShot.pdf","5 @ 4-772-MiniShot.pdf",""
"Level5","Red Handle Tube","8106","Red Handle Tube","N/A","4-772-MiniShot.pdf","6 @ 4-772-MiniShot.pdf",""
"Level5","Screw 6-32 x 7","DXTT-1107","Screw 6-32 x 7","$1.79","4-772-MiniShot.pdf","7 @ 4-772-MiniShot.pdf",""
"Level5","Base","DXTT-1108","Base","$81.44","4-772-MiniShot.pdf","8 @ 4-772-MiniShot.pdf",""
"Level5","U-Cup","DXTT-1109","U-Cup","$8.54","4-772-MiniShot.pdf","9 @ 4-772-MiniShot.pdf",""
"Level5","Screw 6-32 x 10.7","DXTT-1110","Screw 6-32 x 10.7","$1.79","4-772-MiniShot.pdf","10 @ 4-772-MiniShot.pdf",""
"Level5","White Clear Tube Base","8111","White Clear Tube Base","N/A","4-772-MiniShot.pdf","11 @ 4-772-MiniShot.pdf",""
"Level5","Top/Bottom Support Band","DXTT-1112","Top/Bottom Support Band","$12.00","4-772-MiniShot.pdf","12 @ 4-772-MiniShot.pdf",""
"Level5","Clear Tube","8113","Clear Tube","$121.94","4-772-MiniShot.pdf","13 @ 4-772-MiniShot.pdf",""
"Level5","Band Assembly","8114","Band Assembly","N/A","4-772-MiniShot.pdf","14 @ 4-772-MiniShot.pdf",""
"Level5","Latch Screw Bracket","DXTT-1115","Latch Screw Bracket","$5.00","4-772-MiniShot.pdf","15 @ 4-772-MiniShot.pdf",""
"Level5","New pump latches","9623","New pump latches","$27.44","4-772-MiniShot.pdf; 4-771-Pump.pdf; Compound-Pump-4-771.pdf","16 @ 4-772-MiniShot.pdf; 40 @ 4-771-Pump.pdf; 40 @ Compound-Pump-4-771.pdf",""
"Level5","Top Cone O'Ring","DXTT-1117","Top Cone O'Ring","$2.24","4-772-MiniShot.pdf","17 @ 4-772-MiniShot.pdf",""
"Level5","Filler Valve Stem","DXTT-1118","Filler Valve Stem","$15.29","4-772-MiniShot.pdf","18 @ 4-772-MiniShot.pdf",""
"Level5","Filler Valve Outlet","DXTT-1119","Filler Valve Outlet","$34.19","4-772-MiniShot.pdf","19 @ 4-772-MiniShot.pdf",""
"Level5","Filler Spring","DXTT-1120","Filler Spring","$3.59","4-772-MiniShot.pdf","20 @ 4-772-MiniShot.pdf",""
"Level5","Nut 6-32","DXTT-1121","Nut 6-32","$2.24","4-772-MiniShot.pdf","21 @ 4-772-MiniShot.pdf",""
"Level5","Screw 4-40","DXTT-1122","Screw 4-40","$1.00","4-772-MiniShot.pdf","22 @ 4-772-MiniShot.pdf",""
"Level5","Small Bracket for Support Band","DXTT-1123","Small Bracket for Support Band","$4.00","4-772-MiniShot.pdf","23 @ 4-772-MiniShot.pdf",""
"Level5","Set Screw 6-32x7.9","DXTT-1124","Set Screw 6-32x7.9","$1.79","4-772-MiniShot.pdf","24 @ 4-772-MiniShot.pdf",""
"Level5","Top Cone","8125","Top Cone","$27.44","4-772-MiniShot.pdf","25 @ 4-772-MiniShot.pdf",""
"Level5","Screw","DXTT-1126","Screw","$1.79","4-772-MiniShot.pdf","26 @ 4-772-MiniShot.pdf",""
"Level5","Valve Stem","DXTT-1127","Valve Stem","$13.00","4-772-MiniShot.pdf","27 @ 4-772-MiniShot.pdf",""
"Level5","Nut 6-32","DXTT-1128","Nut 6-32","$3.14","4-772-MiniShot.pdf","28 @ 4-772-MiniShot.pdf",""
"Level5","Nozzle Assembly","DXTT-1130","Nozzle Assembly","$175.49","4-772-MiniShot.pdf","29 @ 4-772-MiniShot.pdf",""
"Level5","Plunger U-Cup","DXTT-1132","Plunger U-Cup","$20.69","4-772-MiniShot.pdf","30 @ 4-772-MiniShot.pdf",""
"Level5","Plastic Plunger","8133","Plastic Plunger","$27.44","4-772-MiniShot.pdf","31 @ 4-772-MiniShot.pdf",""
"Level5","Red Piston Rod","8134","Red Piston Rod","N/A","4-772-MiniShot.pdf","32 @ 4-772-MiniShot.pdf",""
"Level5","316 SS Pan Head Slotted Screw","DXTT-1136","316 SS Pan Head Slotted Screw","$1.79","4-772-MiniShot.pdf","33 @ 4-772-MiniShot.pdf",""
"Level5","Gas Cylinder","8137","Gas Cylinder","$115.19","4-772-MiniShot.pdf","34 @ 4-772-MiniShot.pdf",""
"Level5","Cone Spring","DXTT-1138","Cone Spring","$2.24","4-772-MiniShot.pdf","35 @ 4-772-MiniShot.pdf",""
"Level5","Bracket for Main Band Assembly","DXTT-1141","Bracket for Main Band Assembly","$5.84","4-772-MiniShot.pdf","36 @ 4-772-MiniShot.pdf",""
"Level5","Top Cone Assembly","8139","Top Cone Assembly","N/A","4-772-MiniShot.pdf","37 @ 4-772-MiniShot.pdf",""
"Level5","Clear Tube Assembly","8140","Clear Tube Assembly","N/A","4-772-MiniShot.pdf","38 @ 4-772-MiniShot.pdf",""
"Level5","Trigger Sleeve","8400","Trigger Sleeve","$27.44","4-780-EXT-BOX-Handle-Final-Revision.pdf; 4-781-EXT-BOX-Handle-Final-Revision.pdf; 4-782-EXT-BOX-Handle-Final-Revision.pdf; 52-inch-Extendable-Accessory-Handle-4-880.pdf; 72-inch-Extendable-Accessory-Handle-4-881.pdf","1 @ 4-780-EXT-BOX-Handle-Final-Revision.pdf; 1 @ 4-781-EXT-BOX-Handle-Final-Revision.pdf; 1 @ 4-782-EXT-BOX-Handle-Final-Revision.pdf; 19 @ 52-inch-Extendable-Accessory-Handle-4-880.pdf; 19 @ 72-inch-Extendable-Accessory-Handle-4-881.pdf",""
"Level5","Shoulder Screw","8186","Shoulder Screw","$3.14","4-780-EXT-BOX-Handle-Final-Revision.pdf; 4-781-EXT-BOX-Handle-Final-Revision.pdf; 4-782-EXT-BOX-Handle-Final-Revision.pdf; 52-inch-Extendable-Accessory-Handle-4-880.pdf; 72-inch-Extendable-Accessory-Handle-4-881.pdf","2 @ 4-780-EXT-BOX-Handle-Final-Revision.pdf; 2 @ 4-781-EXT-BOX-Handle-Final-Revision.pdf; 2 @ 4-782-EXT-BOX-Handle-Final-Revision.pdf; 15 @ 52-inch-Extendable-Accessory-Handle-4-880.pdf; 15 @ 72-inch-Extendable-Accessory-Handle-4-881.pdf",""
"Level5","Trigger Spring","8510","Trigger Spring","$2.24","4-780-EXT-BOX-Handle-Final-Revision.pdf; 4-781-EXT-BOX-Handle-Final-Revision.pdf; 4-782-EXT-BOX-Handle-Final-Revision.pdf; 52-inch-Extendable-Accessory-Handle-4-880.pdf; 72-inch-Extendable-Accessory-Handle-4-881.pdf","4 @ 4-780-EXT-BOX-Handle-Final-Revision.pdf; 4 @ 4-781-EXT-BOX-Handle-Final-Revision.pdf; 4 @ 4-782-EXT-BOX-Handle-Final-Revision.pdf; 17 @ 52-inch-Extendable-Accessory-Handle-4-880.pdf; 17 @ 72-inch-Extendable-Accessory-Handle-4-881.pdf",""
"Level5","Locking Lever","8183","Locking Lever","$13.94","4-780-EXT-BOX-Handle-Final-Revision.pdf; 4-781-EXT-BOX-Handle-Final-Revision.pdf; 4-782-EXT-BOX-Handle-Final-Revision.pdf; 52-inch-Extendable-Accessory-Handle-4-880.pdf; 72-inch-Extendable-Accessory-Handle-4-881.pdf","5 @ 4-780-EXT-BOX-Handle-Final-Revision.pdf; 5 @ 4-781-EXT-BOX-Handle-Final-Revision.pdf; 5 @ 4-782-EXT-BOX-Handle-Final-Revision.pdf; 16 @ 52-inch-Extendable-Accessory-Handle-4-880.pdf; 16 @ 72-inch-Extendable-Accessory-Handle-4-881.pdf",""
"Level5","Ext. Handle Lever","8405","Ext. Handle Lever","$54.44","4-780-EXT-BOX-Handle-Final-Revision.pdf; 4-781-EXT-BOX-Handle-Final-Revision.pdf; 4-782-EXT-BOX-Handle-Final-Revision.pdf","6 @ 4-780-EXT-BOX-Handle-Final-Revision.pdf; 6 @ 4-781-EXT-BOX-Handle-Final-Revision.pdf; 6 @ 4-782-EXT-BOX-Handle-Final-Revision.pdf",""
"Level5","#10-32 Lock Nut","8302","#10-32 Lock Nut","$1.79","4-780-EXT-BOX-Handle-Final-Revision.pdf; 4-781-EXT-BOX-Handle-Final-Revision.pdf; 4-782-EXT-BOX-Handle-Final-Revision.pdf; 4-764-765-766-770-New-Hinge-box-Final.pdf; 4-7674-7684-769-Hinged-Mega-box-Final.pdf; 7-inch-Flat-Box-4-764.pdf; 10-inch-Flat-Box-4-765.pdf; 12-inch-Flat-Box-4-766.pdf; 14-inch-Flat-Box-4-770.pdf; 7-inch-Mega-Flat-Box-4-767.pdf; 12-inch-Mega-Box-4-769.pdf; 2-inch-Nail-Spotter-4-754-old-style.pdf","7 @ 4-780-EXT-BOX-Handle-Final-Revision.pdf; 7 @ 4-781-EXT-BOX-Handle-Final-Revision.pdf; 7 @ 4-782-EXT-BOX-Handle-Final-Revision.pdf; 18 @ 4-764-765-766-770-New-Hinge-box-Final.pdf; 18 @ 4-7674-7684-769-Hinged-Mega-box-Final.pdf; 20 @ 7-inch-Flat-Box-4-764.pdf; 20 @ 10-inch-Flat-Box-4-765.pdf; 20 @ 12-inch-Flat-Box-4-766.pdf; 18 @ 14-inch-Flat-Box-4-770.pdf; 20 @ 7-inch-Mega-Flat-Box-4-767.pdf; 20 @ 12-inch-Mega-Box-4-769.pdf; 15 @ 2-inch-Nail-Spotter-4-754-old-style.pdf",""
"Level5","Connecting Rod Pin","8210","Connecting Rod Pin","$11.24","4-780-EXT-BOX-Handle-Final-Revision.pdf; 4-781-EXT-BOX-Handle-Final-Revision.pdf; 4-782-EXT-BOX-Handle-Final-Revision.pdf","8 @ 4-780-EXT-BOX-Handle-Final-Revision.pdf; 8 @ 4-781-EXT-BOX-Handle-Final-Revision.pdf; 8 @ 4-782-EXT-BOX-Handle-Final-Revision.pdf",""
"Level5","Brake Handle Plastic Bushing","8215","Brake Handle Plastic Bushing","$1.79","4-780-EXT-BOX-Handle-Final-Revision.pdf; 4-781-EXT-BOX-Handle-Final-Revision.pdf; 4-782-EXT-BOX-Handle-Final-Revision.pdf","9 @ 4-780-EXT-BOX-Handle-Final-Revision.pdf; 9 @ 4-781-EXT-BOX-Handle-Final-Revision.pdf; 9 @ 4-782-EXT-BOX-Handle-Final-Revision.pdf",""
"Level5","Screw","8407","Screw","$1.79","4-780-EXT-BOX-Handle-Final-Revision.pdf; 4-781-EXT-BOX-Handle-Final-Revision.pdf; 4-782-EXT-BOX-Handle-Final-Revision.pdf","10 @ 4-780-EXT-BOX-Handle-Final-Revision.pdf; 10 @ 4-781-EXT-BOX-Handle-Final-Revision.pdf; 10 @ 4-782-EXT-BOX-Handle-Final-Revision.pdf",""
"Level5","Top Rod 62in","8422","Top Rod 62in","$34.19","4-780-EXT-BOX-Handle-Final-Revision.pdf","11 @ 4-780-EXT-BOX-Handle-Final-Revision.pdf",""
"Level5","Inner Tube for 4-780","8432","Inner Tube for 4-780","N/A","4-780-EXT-BOX-Handle-Final-Revision.pdf","12 @ 4-780-EXT-BOX-Handle-Final-Revision.pdf",""
"Level5","Screw","8435","Screw","$1.79","4-780-EXT-BOX-Handle-Final-Revision.pdf; 4-781-EXT-BOX-Handle-Final-Revision.pdf; 4-782-EXT-BOX-Handle-Final-Revision.pdf; 52-inch-Extendable-Accessory-Handle-4-880.pdf; 72-inch-Extendable-Accessory-Handle-4-881.pdf","13 @ 4-780-EXT-BOX-Handle-Final-Revision.pdf; 13 @ 4-781-EXT-BOX-Handle-Final-Revision.pdf; 13 @ 4-782-EXT-BOX-Handle-Final-Revision.pdf; 3 @ 52-inch-Extendable-Accessory-Handle-4-880.pdf; 3 @ 72-inch-Extendable-Accessory-Handle-4-881.pdf",""
"Level5","Big Bushing","8705","Big Bushing","$3.14","4-780-EXT-BOX-Handle-Final-Revision.pdf; 4-781-EXT-BOX-Handle-Final-Revision.pdf; 4-782-EXT-BOX-Handle-Final-Revision.pdf","14 @ 4-780-EXT-BOX-Handle-Final-Revision.pdf; 14 @ 4-781-EXT-BOX-Handle-Final-Revision.pdf; 14 @ 4-782-EXT-BOX-Handle-Final-Revision.pdf",""
"Level5","#9 Washer","8706","#9 Washer","$3.14","4-780-EXT-BOX-Handle-Final-Revision.pdf; 4-781-EXT-BOX-Handle-Final-Revision.pdf; 4-782-EXT-BOX-Handle-Final-Revision.pdf","15 @ 4-780-EXT-BOX-Handle-Final-Revision.pdf; 15 @ 4-781-EXT-BOX-Handle-Final-Revision.pdf; 15 @ 4-782-EXT-BOX-Handle-Final-Revision.pdf",""
"Level5","EH-Inner Spring","9218","EH-Inner Spring","$2.24","4-780-EXT-BOX-Handle-Final-Revision.pdf; 4-781-EXT-BOX-Handle-Final-Revision.pdf; 4-782-EXT-BOX-Handle-Final-Revision.pdf","16 @ 4-780-EXT-BOX-Handle-Final-Revision.pdf; 16 @ 4-781-EXT-BOX-Handle-Final-Revision.pdf; 16 @ 4-782-EXT-BOX-Handle-Final-Revision.pdf",""
"Level5","Brake Mechanism","8511","Brake Mechanism","$47.69","4-780-EXT-BOX-Handle-Final-Revision.pdf; 4-781-EXT-BOX-Handle-Final-Revision.pdf; 4-782-EXT-BOX-Handle-Final-Revision.pdf","17 @ 4-780-EXT-BOX-Handle-Final-Revision.pdf; 17 @ 4-781-EXT-BOX-Handle-Final-Revision.pdf; 17 @ 4-782-EXT-BOX-Handle-Final-Revision.pdf",""
"Level5","Screw","8409","Screw","$1.79","4-780-EXT-BOX-Handle-Final-Revision.pdf; 4-781-EXT-BOX-Handle-Final-Revision.pdf; 4-782-EXT-BOX-Handle-Final-Revision.pdf","18 @ 4-780-EXT-BOX-Handle-Final-Revision.pdf; 18 @ 4-781-EXT-BOX-Handle-Final-Revision.pdf; 18 @ 4-782-EXT-BOX-Handle-Final-Revision.pdf",""
"Level5","Inner Casing","8518","Inner Casing","$15.00","4-780-EXT-BOX-Handle-Final-Revision.pdf; 4-781-EXT-BOX-Handle-Final-Revision.pdf; 4-782-EXT-BOX-Handle-Final-Revision.pdf","19 @ 4-780-EXT-BOX-Handle-Final-Revision.pdf; 19 @ 4-781-EXT-BOX-Handle-Final-Revision.pdf; 19 @ 4-782-EXT-BOX-Handle-Final-Revision.pdf",""
"Level5","Pin","8517","Pin","$4.49","4-780-EXT-BOX-Handle-Final-Revision.pdf; 4-781-EXT-BOX-Handle-Final-Revision.pdf; 4-782-EXT-BOX-Handle-Final-Revision.pdf","20 @ 4-780-EXT-BOX-Handle-Final-Revision.pdf; 20 @ 4-781-EXT-BOX-Handle-Final-Revision.pdf; 20 @ 4-782-EXT-BOX-Handle-Final-Revision.pdf",""
"Level5","62in Bottom Rod","8442","62in Bottom Rod","$18.00","4-780-EXT-BOX-Handle-Final-Revision.pdf","21 @ 4-780-EXT-BOX-Handle-Final-Revision.pdf",""
"Level5","Ext. Box Handle Head","9212","Ext. Box Handle Head","$128.69","4-780-EXT-BOX-Handle-Final-Revision.pdf; 4-781-EXT-BOX-Handle-Final-Revision.pdf; 4-782-EXT-BOX-Handle-Final-Revision.pdf","22 @ 4-780-EXT-BOX-Handle-Final-Revision.pdf; 22 @ 4-781-EXT-BOX-Handle-Final-Revision.pdf; 22 @ 4-782-EXT-BOX-Handle-Final-Revision.pdf",""
"Level5","Drive Dog Set Screw - SS 8-32 x 3/16in","8700","Drive Dog Set Screw - SS 8-32 x 3/16in","$7.19","4-780-EXT-BOX-Handle-Final-Revision.pdf; 4-781-EXT-BOX-Handle-Final-Revision.pdf; 4-782-EXT-BOX-Handle-Final-Revision.pdf","24 @ 4-780-EXT-BOX-Handle-Final-Revision.pdf; 24 @ 4-781-EXT-BOX-Handle-Final-Revision.pdf; 24 @ 4-782-EXT-BOX-Handle-Final-Revision.pdf",""
"Level5","12in Blade Holder Bracket","9211","12in Blade Holder Bracket","$7.19","4-780-EXT-BOX-Handle-Final-Revision.pdf; 4-781-EXT-BOX-Handle-Final-Revision.pdf; 4-782-EXT-BOX-Handle-Final-Revision.pdf","25 @ 4-780-EXT-BOX-Handle-Final-Revision.pdf; 25 @ 4-781-EXT-BOX-Handle-Final-Revision.pdf; 25 @ 4-782-EXT-BOX-Handle-Final-Revision.pdf",""
"Level5","EH- Connector Plate","9208","EH- Connector Plate","$40.94","4-780-EXT-BOX-Handle-Final-Revision.pdf; 4-781-EXT-BOX-Handle-Final-Revision.pdf; 4-782-EXT-BOX-Handle-Final-Revision.pdf","26 @ 4-780-EXT-BOX-Handle-Final-Revision.pdf; 26 @ 4-781-EXT-BOX-Handle-Final-Revision.pdf; 26 @ 4-782-EXT-BOX-Handle-Final-Revision.pdf",""
"Level5","Plastic Bearing","8515","Plastic Bearing","$3.14","4-780-EXT-BOX-Handle-Final-Revision.pdf; 4-781-EXT-BOX-Handle-Final-Revision.pdf; 4-782-EXT-BOX-Handle-Final-Revision.pdf","27 @ 4-780-EXT-BOX-Handle-Final-Revision.pdf; 27 @ 4-781-EXT-BOX-Handle-Final-Revision.pdf; 27 @ 4-782-EXT-BOX-Handle-Final-Revision.pdf",""
"Level5","Head Connector","9903","Head Connector","$7.19","4-780-EXT-BOX-Handle-Final-Revision.pdf; 4-781-EXT-BOX-Handle-Final-Revision.pdf; 4-782-EXT-BOX-Handle-Final-Revision.pdf","28 @ 4-780-EXT-BOX-Handle-Final-Revision.pdf; 28 @ 4-781-EXT-BOX-Handle-Final-Revision.pdf; 28 @ 4-782-EXT-BOX-Handle-Final-Revision.pdf",""
"Level5","EH-Small Pivot Pin","9904","EH-Small Pivot Pin","$5.84","4-780-EXT-BOX-Handle-Final-Revision.pdf; 4-781-EXT-BOX-Handle-Final-Revision.pdf; 4-782-EXT-BOX-Handle-Final-Revision.pdf","29 @ 4-780-EXT-BOX-Handle-Final-Revision.pdf; 29 @ 4-781-EXT-BOX-Handle-Final-Revision.pdf; 29 @ 4-782-EXT-BOX-Handle-Final-Revision.pdf",""
"Level5","Plastic Bearing","8516","Plastic Bearing","$3.14","4-780-EXT-BOX-Handle-Final-Revision.pdf; 4-781-EXT-BOX-Handle-Final-Revision.pdf; 4-782-EXT-BOX-Handle-Final-Revision.pdf","30 @ 4-780-EXT-BOX-Handle-Final-Revision.pdf; 30 @ 4-781-EXT-BOX-Handle-Final-Revision.pdf; 30 @ 4-782-EXT-BOX-Handle-Final-Revision.pdf",""
"Level5","62in Red Ext. Handle Tube","7702","62in Red Ext. Handle Tube","N/A","4-780-EXT-BOX-Handle-Final-Revision.pdf","31 @ 4-780-EXT-BOX-Handle-Final-Revision.pdf",""
"Level5","8-32 X 1/2in , BHC Screw","8276","8-32 X 1/2in , BHC Screw","$1.79","4-780-EXT-BOX-Handle-Final-Revision.pdf; 4-781-EXT-BOX-Handle-Final-Revision.pdf; 4-782-EXT-BOX-Handle-Final-Revision.pdf; 52-inch-Extendable-Accessory-Handle-4-880.pdf; 72-inch-Extendable-Accessory-Handle-4-881.pdf; 2-inch-Nail-Spotter-4-754-old-style.pdf","33 @ 4-780-EXT-BOX-Handle-Final-Revision.pdf; 33 @ 4-781-EXT-BOX-Handle-Final-Revision.pdf; 33 @ 4-782-EXT-BOX-Handle-Final-Revision.pdf; 13 @ 52-inch-Extendable-Accessory-Handle-4-880.pdf; 13 @ 72-inch-Extendable-Accessory-Handle-4-881.pdf; 14 @ 2-inch-Nail-Spotter-4-754-old-style.pdf",""
"Level5","Top Rod 42in","8421","Top Rod 42in","$20.00","4-781-EXT-BOX-Handle-Final-Revision.pdf","11 @ 4-781-EXT-BOX-Handle-Final-Revision.pdf",""
"Level5","42in Gray Inner Tube","8431","42in Gray Inner Tube","N/A","4-781-EXT-BOX-Handle-Final-Revision.pdf","12 @ 4-781-EXT-BOX-Handle-Final-Revision.pdf",""
"Level5","42in Bottom Rod","8441","42in Bottom Rod","$20.00","4-781-EXT-BOX-Handle-Final-Revision.pdf","21 @ 4-781-EXT-BOX-Handle-Final-Revision.pdf",""
"Level5","42in Red Ext. Handle Tube","7701","42in Red Ext. Handle Tube","N/A","4-781-EXT-BOX-Handle-Final-Revision.pdf","31 @ 4-781-EXT-BOX-Handle-Final-Revision.pdf",""
"Level5","Top Rod 32in","8420","Top Rod 32in","$15.00","4-782-EXT-BOX-Handle-Final-Revision.pdf","11 @ 4-782-EXT-BOX-Handle-Final-Revision.pdf",""
"Level5","32in Gray Inner Tube","8430","32in Gray Inner Tube","N/A","4-782-EXT-BOX-Handle-Final-Revision.pdf","12 @ 4-782-EXT-BOX-Handle-Final-Revision.pdf",""
"Level5","32in Bottom Rod","8440","32in Bottom Rod","$15.00","4-782-EXT-BOX-Handle-Final-Revision.pdf","21 @ 4-782-EXT-BOX-Handle-Final-Revision.pdf",""
"Level5","32in Red Ext. Handle Tube","7700","32in Red Ext. Handle Tube","N/A","4-782-EXT-BOX-Handle-Final-Revision.pdf","31 @ 4-782-EXT-BOX-Handle-Final-Revision.pdf",""
"Level5","Plastic Stopper","8198","Plastic Stopper","N/A","52-inch-Extendable-Accessory-Handle-4-880.pdf; 72-inch-Extendable-Accessory-Handle-4-881.pdf","1 @ 52-inch-Extendable-Accessory-Handle-4-880.pdf; 1 @ 72-inch-Extendable-Accessory-Handle-4-881.pdf",""
"Level5","Short Gray Tube","8800","Short Gray Tube","N/A","52-inch-Extendable-Accessory-Handle-4-880.pdf","2 @ 52-inch-Extendable-Accessory-Handle-4-880.pdf",""
"Level5","Handle Connector","7470","Handle Connector","$31.00","52-inch-Extendable-Accessory-Handle-4-880.pdf; 72-inch-Extendable-Accessory-Handle-4-881.pdf","5 @ 52-inch-Extendable-Accessory-Handle-4-880.pdf; 5 @ 72-inch-Extendable-Accessory-Handle-4-881.pdf",""
"Level5","Support Bracket","7471","Support Bracket","$2.00","52-inch-Extendable-Accessory-Handle-4-880.pdf; 72-inch-Extendable-Accessory-Handle-4-881.pdf","6 @ 52-inch-Extendable-Accessory-Handle-4-880.pdf; 6 @ 72-inch-Extendable-Accessory-Handle-4-881.pdf",""
"Level5","8-32 X 3/8, BHC Screw","8291","8-32 X 3/8, BHC Screw","$1.79","52-inch-Extendable-Accessory-Handle-4-880.pdf; 72-inch-Extendable-Accessory-Handle-4-881.pdf; 4-764-765-766-770-New-Hinge-box-Final.pdf; 4-7674-7684-769-Hinged-Mega-box-Final.pdf; 7-inch-Flat-Box-4-764.pdf; 10-inch-Flat-Box-4-765.pdf; 12-inch-Flat-Box-4-766.pdf; 14-inch-Flat-Box-4-770.pdf; 7-inch-Mega-Flat-Box-4-767.pdf; 12-inch-Mega-Box-4-769.pdf; 7-inch-Corner-Applicator-4-701.pdf; 8-inch-Corner-Applicator-4-702-.pdf; 4-754-4-755-N.Spotter-Final.pdf; 2-inch-Nail-Spotter-4-754-old-style.pdf","7 @ 52-inch-Extendable-Accessory-Handle-4-880.pdf; 7 @ 72-inch-Extendable-Accessory-Handle-4-881.pdf; 40 @ 4-764-765-766-770-New-Hinge-box-Final.pdf; 40 @ 4-7674-7684-769-Hinged-Mega-box-Final.pdf; 42 @ 7-inch-Flat-Box-4-764.pdf; 42 @ 10-inch-Flat-Box-4-765.pdf; 42 @ 12-inch-Flat-Box-4-766.pdf; 40 @ 14-inch-Flat-Box-4-770.pdf; 42 @ 7-inch-Mega-Flat-Box-4-767.pdf; 42 @ 12-inch-Mega-Box-4-769.pdf; 1 @ 7-inch-Corner-Applicator-4-701.pdf; 4 @ 7-inch-Corner-Applicator-4-701.pdf; 1 @ 8-inch-Corner-Applicator-4-702-.pdf; 4 @ 8-inch-Corner-Applicator-4-702-.pdf; 46 @ 4-754-4-755-N.Spotter-Final.pdf; 24 @ 2-inch-Nail-Spotter-4-754-old-style.pdf",""
"Level5","Small Thumb Screw","7379","Small Thumb Screw","$2.24","52-inch-Extendable-Accessory-Handle-4-880.pdf; 72-inch-Extendable-Accessory-Handle-4-881.pdf","8 @ 52-inch-Extendable-Accessory-Handle-4-880.pdf; 8 @ 72-inch-Extendable-Accessory-Handle-4-881.pdf",""
"Level5","Corner Applicator Adapter","4-878","Corner Applicator Adapter","$35.99","52-inch-Extendable-Accessory-Handle-4-880.pdf; 72-inch-Extendable-Accessory-Handle-4-881.pdf","9 @ 52-inch-Extendable-Accessory-Handle-4-880.pdf; 9 @ 72-inch-Extendable-Accessory-Handle-4-881.pdf",""
"Level5","Corner Roller or 2nd Gen Nail Spotter Adapter","4-877","Corner Roller or 2nd Gen Nail Spotter Adapter","$35.99","52-inch-Extendable-Accessory-Handle-4-880.pdf; 72-inch-Extendable-Accessory-Handle-4-881.pdf","10 @ 52-inch-Extendable-Accessory-Handle-4-880.pdf; 10 @ 72-inch-Extendable-Accessory-Handle-4-881.pdf",""
"Level5","Corner Finisher Adapter","4-879","Corner Finisher Adapter","$44.99","52-inch-Extendable-Accessory-Handle-4-880.pdf; 72-inch-Extendable-Accessory-Handle-4-881.pdf","11 @ 52-inch-Extendable-Accessory-Handle-4-880.pdf; 11 @ 72-inch-Extendable-Accessory-Handle-4-881.pdf",""
"Level5","1st Gen Nail Spotter Adapter","4-875","1st Gen Nail Spotter Adapter","$41.99","52-inch-Extendable-Accessory-Handle-4-880.pdf; 72-inch-Extendable-Accessory-Handle-4-881.pdf","12 @ 52-inch-Extendable-Accessory-Handle-4-880.pdf; 12 @ 72-inch-Extendable-Accessory-Handle-4-881.pdf",""
"Level5","Screw","8401","Screw","$1.00","52-inch-Extendable-Accessory-Handle-4-880.pdf; 72-inch-Extendable-Accessory-Handle-4-881.pdf","18 @ 52-inch-Extendable-Accessory-Handle-4-880.pdf; 18 @ 72-inch-Extendable-Accessory-Handle-4-881.pdf",""
"Level5","Short Red Tube","8802","Short Red Tube","N/A","52-inch-Extendable-Accessory-Handle-4-880.pdf","20 @ 52-inch-Extendable-Accessory-Handle-4-880.pdf",""
"Level5","Handle End","7469","Handle End","$19.00","52-inch-Extendable-Accessory-Handle-4-880.pdf; 72-inch-Extendable-Accessory-Handle-4-881.pdf","21 @ 52-inch-Extendable-Accessory-Handle-4-880.pdf; 21 @ 72-inch-Extendable-Accessory-Handle-4-881.pdf",""
"Level5","Long Gray Tube","8801","Long Gray Tube","$75.00","72-inch-Extendable-Accessory-Handle-4-881.pdf","2 @ 72-inch-Extendable-Accessory-Handle-4-881.pdf",""
"Level5","Long Red Handle","8803","Long Red Handle","N/A","72-inch-Extendable-Accessory-Handle-4-881.pdf","20 @ 72-inch-Extendable-Accessory-Handle-4-881.pdf",""
"Level5","7in Flat Box Blade","7207","7in Flat Box Blade","$3.25","4-764-765-766-770-New-Hinge-box-Final.pdf; 4-7674-7684-769-Hinged-Mega-box-Final.pdf; 7-inch-Flat-Box-4-764.pdf; 7-inch-Mega-Flat-Box-4-767.pdf","1 @ 4-764-765-766-770-New-Hinge-box-Final.pdf; 1 @ 4-7674-7684-769-Hinged-Mega-box-Final.pdf; 1 @ 7-inch-Flat-Box-4-764.pdf; 1 @ 7-inch-Mega-Flat-Box-4-767.pdf",""
"Level5","7in Blade Holder Assembly","7208","7in Blade Holder Assembly","$120.00","4-764-765-766-770-New-Hinge-box-Final.pdf; 4-7674-7684-769-Hinged-Mega-box-Final.pdf; 7-inch-Flat-Box-4-764.pdf; 7-inch-Mega-Flat-Box-4-767.pdf","2 @ 4-764-765-766-770-New-Hinge-box-Final.pdf; 2 @ 4-7674-7684-769-Hinged-Mega-box-Final.pdf; 2 @ 7-inch-Flat-Box-4-764.pdf; 2 @ 7-inch-Mega-Flat-Box-4-767.pdf",""
"Level5","#4-40 x 1/4 Fillister Head Screw","7217","#4-40 x 1/4 Fillister Head Screw","$1.00","4-764-765-766-770-New-Hinge-box-Final.pdf; 4-7674-7684-769-Hinged-Mega-box-Final.pdf; 7-inch-Flat-Box-4-764.pdf; 10-inch-Flat-Box-4-765.pdf; 12-inch-Flat-Box-4-766.pdf; 14-inch-Flat-Box-4-770.pdf; 7-inch-Mega-Flat-Box-4-767.pdf; 12-inch-Mega-Box-4-769.pdf","3 @ 4-764-765-766-770-New-Hinge-box-Final.pdf; 3 @ 4-7674-7684-769-Hinged-Mega-box-Final.pdf; 3 @ 7-inch-Flat-Box-4-764.pdf; 3 @ 10-inch-Flat-Box-4-765.pdf; 3 @ 12-inch-Flat-Box-4-766.pdf; 3 @ 14-inch-Flat-Box-4-770.pdf; 3 @ 7-inch-Mega-Flat-Box-4-767.pdf; 3 @ 12-inch-Mega-Box-4-769.pdf",""
"Level5","Flat box Screw (#4)","9219","Flat box Screw (#4)","$1.00","4-764-765-766-770-New-Hinge-box-Final.pdf; 4-7674-7684-769-Hinged-Mega-box-Final.pdf; 7-inch-Flat-Box-4-764.pdf; 10-inch-Flat-Box-4-765.pdf; 12-inch-Flat-Box-4-766.pdf; 14-inch-Flat-Box-4-770.pdf; 7-inch-Mega-Flat-Box-4-767.pdf; 12-inch-Mega-Box-4-769.pdf","4 @ 4-764-765-766-770-New-Hinge-box-Final.pdf; 4 @ 4-7674-7684-769-Hinged-Mega-box-Final.pdf; 4 @ 7-inch-Flat-Box-4-764.pdf; 4 @ 10-inch-Flat-Box-4-765.pdf; 4 @ 12-inch-Flat-Box-4-766.pdf; 4 @ 14-inch-Flat-Box-4-770.pdf; 4 @ 7-inch-Mega-Flat-Box-4-767.pdf; 4 @ 12-inch-Mega-Box-4-769.pdf",""
"Level5","7in Blade Holder Bracket","9285","7in Blade Holder Bracket","$4.00","4-764-765-766-770-New-Hinge-box-Final.pdf; 4-7674-7684-769-Hinged-Mega-box-Final.pdf; 7-inch-Flat-Box-4-764.pdf; 7-inch-Mega-Flat-Box-4-767.pdf","5 @ 4-764-765-766-770-New-Hinge-box-Final.pdf; 5 @ 4-7674-7684-769-Hinged-Mega-box-Final.pdf; 5 @ 7-inch-Flat-Box-4-764.pdf; 5 @ 7-inch-Mega-Flat-Box-4-767.pdf",""
"Level5","7in Front Plate","7241","7in Front Plate","$65.00","4-764-765-766-770-New-Hinge-box-Final.pdf","6 @ 4-764-765-766-770-New-Hinge-box-Final.pdf",""
"Level5","FB Washer","9613","FB Washer","$1.00","4-764-765-766-770-New-Hinge-box-Final.pdf; 4-7674-7684-769-Hinged-Mega-box-Final.pdf; 7-inch-Flat-Box-4-764.pdf; 10-inch-Flat-Box-4-765.pdf; 12-inch-Flat-Box-4-766.pdf; 14-inch-Flat-Box-4-770.pdf; 7-inch-Mega-Flat-Box-4-767.pdf; 12-inch-Mega-Box-4-769.pdf; 7-inch-Corner-Applicator-4-701.pdf; 8-inch-Corner-Applicator-4-702-.pdf; 2-inch-Nail-Spotter-4-754-old-style.pdf","8 @ 4-764-765-766-770-New-Hinge-box-Final.pdf; 8 @ 4-7674-7684-769-Hinged-Mega-box-Final.pdf; 8 @ 7-inch-Flat-Box-4-764.pdf; 8 @ 10-inch-Flat-Box-4-765.pdf; 8 @ 12-inch-Flat-Box-4-766.pdf; 8 @ 14-inch-Flat-Box-4-770.pdf; 8 @ 7-inch-Mega-Flat-Box-4-767.pdf; 8 @ 12-inch-Mega-Box-4-769.pdf; 21 @ 7-inch-Corner-Applicator-4-701.pdf; 21 @ 8-inch-Corner-Applicator-4-702-.pdf; 12 @ 2-inch-Nail-Spotter-4-754-old-style.pdf",""
"Level5","Latch","7792","Latch","$4.75","4-764-765-766-770-New-Hinge-box-Final.pdf; 4-7674-7684-769-Hinged-Mega-box-Final.pdf; 7-inch-Flat-Box-4-764.pdf; 10-inch-Flat-Box-4-765.pdf; 12-inch-Flat-Box-4-766.pdf; 14-inch-Flat-Box-4-770.pdf; 7-inch-Mega-Flat-Box-4-767.pdf; 12-inch-Mega-Box-4-769.pdf; 7-inch-Corner-Applicator-4-701.pdf; 8-inch-Corner-Applicator-4-702-.pdf; 2-inch-Nail-Spotter-4-754-old-style.pdf","9 @ 4-764-765-766-770-New-Hinge-box-Final.pdf; 9 @ 4-7674-7684-769-Hinged-Mega-box-Final.pdf; 9 @ 7-inch-Flat-Box-4-764.pdf; 9 @ 10-inch-Flat-Box-4-765.pdf; 9 @ 12-inch-Flat-Box-4-766.pdf; 9 @ 14-inch-Flat-Box-4-770.pdf; 9 @ 7-inch-Mega-Flat-Box-4-767.pdf; 9 @ 12-inch-Mega-Box-4-769.pdf; 20 @ 7-inch-Corner-Applicator-4-701.pdf; 20 @ 8-inch-Corner-Applicator-4-702-.pdf; 13 @ 2-inch-Nail-Spotter-4-754-old-style.pdf",""
"Level5","Spring Washer","7798","Spring Washer","$1.00","4-764-765-766-770-New-Hinge-box-Final.pdf; 4-7674-7684-769-Hinged-Mega-box-Final.pdf; 7-inch-Flat-Box-4-764.pdf; 10-inch-Flat-Box-4-765.pdf; 12-inch-Flat-Box-4-766.pdf; 14-inch-Flat-Box-4-770.pdf; 7-inch-Mega-Flat-Box-4-767.pdf; 12-inch-Mega-Box-4-769.pdf","10 @ 4-764-765-766-770-New-Hinge-box-Final.pdf; 10 @ 4-7674-7684-769-Hinged-Mega-box-Final.pdf; 10 @ 7-inch-Flat-Box-4-764.pdf; 10 @ 10-inch-Flat-Box-4-765.pdf; 10 @ 12-inch-Flat-Box-4-766.pdf; 10 @ 14-inch-Flat-Box-4-770.pdf; 10 @ 7-inch-Mega-Flat-Box-4-767.pdf; 10 @ 12-inch-Mega-Box-4-769.pdf",""
"Level5","Shoulder Screw","7793","Shoulder Screw","$5.00","4-764-765-766-770-New-Hinge-box-Final.pdf; 4-7674-7684-769-Hinged-Mega-box-Final.pdf; 7-inch-Flat-Box-4-764.pdf; 10-inch-Flat-Box-4-765.pdf; 12-inch-Flat-Box-4-766.pdf; 14-inch-Flat-Box-4-770.pdf; 7-inch-Mega-Flat-Box-4-767.pdf; 12-inch-Mega-Box-4-769.pdf","11 @ 4-764-765-766-770-New-Hinge-box-Final.pdf; 11 @ 4-7674-7684-769-Hinged-Mega-box-Final.pdf; 11 @ 7-inch-Flat-Box-4-764.pdf; 11 @ 10-inch-Flat-Box-4-765.pdf; 11 @ 12-inch-Flat-Box-4-766.pdf; 11 @ 14-inch-Flat-Box-4-770.pdf; 11 @ 7-inch-Mega-Flat-Box-4-767.pdf; 11 @ 12-inch-Mega-Box-4-769.pdf",""
"Level5","Std Left Side Plate","7255","Std Left Side Plate","$65.00","4-764-765-766-770-New-Hinge-box-Final.pdf; 14-inch-Flat-Box-4-770.pdf","12 @ 4-764-765-766-770-New-Hinge-box-Final.pdf; 12 @ 14-inch-Flat-Box-4-770.pdf",""
"Level5","Repair Clip","7224","Repair Clip","$1.00","4-764-765-766-770-New-Hinge-box-Final.pdf; 4-7674-7684-769-Hinged-Mega-box-Final.pdf; 7-inch-Flat-Box-4-764.pdf; 10-inch-Flat-Box-4-765.pdf; 12-inch-Flat-Box-4-766.pdf; 14-inch-Flat-Box-4-770.pdf; 7-inch-Mega-Flat-Box-4-767.pdf; 12-inch-Mega-Box-4-769.pdf","13 @ 4-764-765-766-770-New-Hinge-box-Final.pdf; 13 @ 4-7674-7684-769-Hinged-Mega-box-Final.pdf; 13 @ 7-inch-Flat-Box-4-764.pdf; 13 @ 10-inch-Flat-Box-4-765.pdf; 13 @ 12-inch-Flat-Box-4-766.pdf; 13 @ 14-inch-Flat-Box-4-770.pdf; 13 @ 7-inch-Mega-Flat-Box-4-767.pdf; 13 @ 12-inch-Mega-Box-4-769.pdf",""
"Level5","Skid Cover Left Side Universal","7239","Skid Cover Left Side Universal","$2.00","4-764-765-766-770-New-Hinge-box-Final.pdf; 4-7674-7684-769-Hinged-Mega-box-Final.pdf; 7-inch-Flat-Box-4-764.pdf; 10-inch-Flat-Box-4-765.pdf; 12-inch-Flat-Box-4-766.pdf; 14-inch-Flat-Box-4-770.pdf; 7-inch-Mega-Flat-Box-4-767.pdf; 12-inch-Mega-Box-4-769.pdf","14 @ 4-764-765-766-770-New-Hinge-box-Final.pdf; 14 @ 4-7674-7684-769-Hinged-Mega-box-Final.pdf; 14 @ 7-inch-Flat-Box-4-764.pdf; 14 @ 10-inch-Flat-Box-4-765.pdf; 14 @ 12-inch-Flat-Box-4-766.pdf; 14 @ 14-inch-Flat-Box-4-770.pdf; 14 @ 7-inch-Mega-Flat-Box-4-767.pdf; 14 @ 12-inch-Mega-Box-4-769.pdf",""
"Level5","Hinged Flat Box Screw","7349","Hinged Flat Box Screw","$1.00","4-764-765-766-770-New-Hinge-box-Final.pdf; 4-7674-7684-769-Hinged-Mega-box-Final.pdf; 14-inch-Flat-Box-4-770.pdf","16 @ 4-764-765-766-770-New-Hinge-box-Final.pdf; 16 @ 4-7674-7684-769-Hinged-Mega-box-Final.pdf; 16 @ 14-inch-Flat-Box-4-770.pdf",""
"Level5","7in Bottom Plate","7226","7in Bottom Plate","$65.00","4-764-765-766-770-New-Hinge-box-Final.pdf; 4-7674-7684-769-Hinged-Mega-box-Final.pdf","17 @ 4-764-765-766-770-New-Hinge-box-Final.pdf; 17 @ 4-7674-7684-769-Hinged-Mega-box-Final.pdf",""
"Level5","#10-32 Hex Head Shoulder Screw","8301","#10-32 Hex Head Shoulder Screw","$4.00","4-764-765-766-770-New-Hinge-box-Final.pdf; 4-7674-7684-769-Hinged-Mega-box-Final.pdf; 7-inch-Flat-Box-4-764.pdf; 10-inch-Flat-Box-4-765.pdf; 12-inch-Flat-Box-4-766.pdf; 14-inch-Flat-Box-4-770.pdf; 7-inch-Mega-Flat-Box-4-767.pdf; 12-inch-Mega-Box-4-769.pdf","21 @ 4-764-765-766-770-New-Hinge-box-Final.pdf; 21 @ 4-7674-7684-769-Hinged-Mega-box-Final.pdf; 23 @ 7-inch-Flat-Box-4-764.pdf; 23 @ 10-inch-Flat-Box-4-765.pdf; 23 @ 12-inch-Flat-Box-4-766.pdf; 21 @ 14-inch-Flat-Box-4-770.pdf; 23 @ 7-inch-Mega-Flat-Box-4-767.pdf; 23 @ 12-inch-Mega-Box-4-769.pdf",""
"Level5","FB Box Tire","9685","FB Box Tire","$1.50","4-764-765-766-770-New-Hinge-box-Final.pdf; 4-7674-7684-769-Hinged-Mega-box-Final.pdf; 7-inch-Flat-Box-4-764.pdf; 10-inch-Flat-Box-4-765.pdf; 12-inch-Flat-Box-4-766.pdf; 14-inch-Flat-Box-4-770.pdf; 7-inch-Mega-Flat-Box-4-767.pdf; 12-inch-Mega-Box-4-769.pdf","23 @ 4-764-765-766-770-New-Hinge-box-Final.pdf; 23 @ 4-7674-7684-769-Hinged-Mega-box-Final.pdf; 25 @ 7-inch-Flat-Box-4-764.pdf; 25 @ 10-inch-Flat-Box-4-765.pdf; 25 @ 12-inch-Flat-Box-4-766.pdf; 23 @ 14-inch-Flat-Box-4-770.pdf; 25 @ 7-inch-Mega-Flat-Box-4-767.pdf; 25 @ 12-inch-Mega-Box-4-769.pdf",""
"Level5","FB Box Wheel, Black","9719","FB Box Wheel, Black","$6.00","4-764-765-766-770-New-Hinge-box-Final.pdf; 4-7674-7684-769-Hinged-Mega-box-Final.pdf; 7-inch-Flat-Box-4-764.pdf; 10-inch-Flat-Box-4-765.pdf; 12-inch-Flat-Box-4-766.pdf; 14-inch-Flat-Box-4-770.pdf; 7-inch-Mega-Flat-Box-4-767.pdf; 12-inch-Mega-Box-4-769.pdf","24 @ 4-764-765-766-770-New-Hinge-box-Final.pdf; 24 @ 4-7674-7684-769-Hinged-Mega-box-Final.pdf; 26 @ 7-inch-Flat-Box-4-764.pdf; 26 @ 10-inch-Flat-Box-4-765.pdf; 26 @ 12-inch-Flat-Box-4-766.pdf; 24 @ 14-inch-Flat-Box-4-770.pdf; 26 @ 7-inch-Mega-Flat-Box-4-767.pdf; 26 @ 12-inch-Mega-Box-4-769.pdf",""
"Level5","7in Flat Box Axle","7281","7in Flat Box Axle","$30.00","4-764-765-766-770-New-Hinge-box-Final.pdf; 4-7674-7684-769-Hinged-Mega-box-Final.pdf","25 @ 4-764-765-766-770-New-Hinge-box-Final.pdf; 25 @ 4-7674-7684-769-Hinged-Mega-box-Final.pdf",""
"Level5","FB Bolt (holds axle on)","9237","FB Bolt (holds axle on)","$5.00","4-764-765-766-770-New-Hinge-box-Final.pdf; 4-7674-7684-769-Hinged-Mega-box-Final.pdf; 7-inch-Flat-Box-4-764.pdf; 10-inch-Flat-Box-4-765.pdf; 12-inch-Flat-Box-4-766.pdf; 14-inch-Flat-Box-4-770.pdf; 7-inch-Mega-Flat-Box-4-767.pdf; 12-inch-Mega-Box-4-769.pdf","27 @ 4-764-765-766-770-New-Hinge-box-Final.pdf; 27 @ 4-7674-7684-769-Hinged-Mega-box-Final.pdf; 30 @ 7-inch-Flat-Box-4-764.pdf; 30 @ 10-inch-Flat-Box-4-765.pdf; 30 @ 12-inch-Flat-Box-4-766.pdf; 27 @ 14-inch-Flat-Box-4-770.pdf; 30 @ 7-inch-Mega-Flat-Box-4-767.pdf; 30 @ 12-inch-Mega-Box-4-769.pdf",""
"Level5","7in Rubber Hinge Pin Shim","7380","7in Rubber Hinge Pin Shim","$5.00","4-764-765-766-770-New-Hinge-box-Final.pdf; 4-7674-7684-769-Hinged-Mega-box-Final.pdf","28 @ 4-764-765-766-770-New-Hinge-box-Final.pdf; 28 @ 4-7674-7684-769-Hinged-Mega-box-Final.pdf",""
"Level5","Stnd Right Side Plate","7256","Stnd Right Side Plate","$65.00","4-764-765-766-770-New-Hinge-box-Final.pdf; 14-inch-Flat-Box-4-770.pdf","29 @ 4-764-765-766-770-New-Hinge-box-Final.pdf; 29 @ 14-inch-Flat-Box-4-770.pdf",""
"Level5","Skid Cover Rt Side, Universal","7212","Skid Cover Rt Side, Universal","$2.00","4-764-765-766-770-New-Hinge-box-Final.pdf; 4-7674-7684-769-Hinged-Mega-box-Final.pdf; 7-inch-Flat-Box-4-764.pdf; 10-inch-Flat-Box-4-765.pdf; 12-inch-Flat-Box-4-766.pdf; 14-inch-Flat-Box-4-770.pdf; 7-inch-Mega-Flat-Box-4-767.pdf; 12-inch-Mega-Box-4-769.pdf","30 @ 4-764-765-766-770-New-Hinge-box-Final.pdf; 30 @ 4-7674-7684-769-Hinged-Mega-box-Final.pdf; 32 @ 7-inch-Flat-Box-4-764.pdf; 32 @ 10-inch-Flat-Box-4-765.pdf; 32 @ 12-inch-Flat-Box-4-766.pdf; 30 @ 14-inch-Flat-Box-4-770.pdf; 32 @ 7-inch-Mega-Flat-Box-4-767.pdf; 32 @ 12-inch-Mega-Box-4-769.pdf",""
"Level5","Pivot for Box Plate Hinge","7388","Pivot for Box Plate Hinge","$8.00","4-764-765-766-770-New-Hinge-box-Final.pdf; 4-7674-7684-769-Hinged-Mega-box-Final.pdf; 14-inch-Flat-Box-4-770.pdf","31 @ 4-764-765-766-770-New-Hinge-box-Final.pdf; 31 @ 4-7674-7684-769-Hinged-Mega-box-Final.pdf; 31 @ 14-inch-Flat-Box-4-770.pdf",""
"Level5","7in Hinged Pressure Plate","7394","7in Hinged Pressure Plate","$75.00","4-764-765-766-770-New-Hinge-box-Final.pdf; 4-7674-7684-769-Hinged-Mega-box-Final.pdf","32 @ 4-764-765-766-770-New-Hinge-box-Final.pdf; 32 @ 4-7674-7684-769-Hinged-Mega-box-Final.pdf",""
"Level5","Pressure Plate Nut","8306","Pressure Plate Nut","$3.00","4-764-765-766-770-New-Hinge-box-Final.pdf; 4-7674-7684-769-Hinged-Mega-box-Final.pdf; 7-inch-Flat-Box-4-764.pdf; 10-inch-Flat-Box-4-765.pdf; 12-inch-Flat-Box-4-766.pdf; 14-inch-Flat-Box-4-770.pdf; 7-inch-Mega-Flat-Box-4-767.pdf; 12-inch-Mega-Box-4-769.pdf","33 @ 4-764-765-766-770-New-Hinge-box-Final.pdf; 33 @ 4-7674-7684-769-Hinged-Mega-box-Final.pdf; 36 @ 7-inch-Flat-Box-4-764.pdf; 36 @ 10-inch-Flat-Box-4-765.pdf; 36 @ 12-inch-Flat-Box-4-766.pdf; 33 @ 14-inch-Flat-Box-4-770.pdf; 36 @ 7-inch-Mega-Flat-Box-4-767.pdf; 36 @ 12-inch-Mega-Box-4-769.pdf",""
"Level5","T-Nut","8232","T-Nut","$5.00","4-764-765-766-770-New-Hinge-box-Final.pdf; 4-7674-7684-769-Hinged-Mega-box-Final.pdf; 7-inch-Flat-Box-4-764.pdf; 10-inch-Flat-Box-4-765.pdf; 12-inch-Flat-Box-4-766.pdf; 14-inch-Flat-Box-4-770.pdf; 7-inch-Mega-Flat-Box-4-767.pdf; 12-inch-Mega-Box-4-769.pdf","34 @ 4-764-765-766-770-New-Hinge-box-Final.pdf; 34 @ 4-7674-7684-769-Hinged-Mega-box-Final.pdf; 37 @ 7-inch-Flat-Box-4-764.pdf; 37 @ 10-inch-Flat-Box-4-765.pdf; 37 @ 12-inch-Flat-Box-4-766.pdf; 34 @ 14-inch-Flat-Box-4-770.pdf; 37 @ 7-inch-Mega-Flat-Box-4-767.pdf; 37 @ 12-inch-Mega-Box-4-769.pdf",""
"Level5","#10-32 X 1in SHC Screw","8303","#10-32 X 1in SHC Screw","$1.00","4-764-765-766-770-New-Hinge-box-Final.pdf; 4-7674-7684-769-Hinged-Mega-box-Final.pdf; 7-inch-Flat-Box-4-764.pdf; 10-inch-Flat-Box-4-765.pdf; 12-inch-Flat-Box-4-766.pdf; 14-inch-Flat-Box-4-770.pdf; 7-inch-Mega-Flat-Box-4-767.pdf; 12-inch-Mega-Box-4-769.pdf","36 @ 4-764-765-766-770-New-Hinge-box-Final.pdf; 36 @ 4-7674-7684-769-Hinged-Mega-box-Final.pdf; 39 @ 7-inch-Flat-Box-4-764.pdf; 39 @ 10-inch-Flat-Box-4-765.pdf; 39 @ 12-inch-Flat-Box-4-766.pdf; 36 @ 14-inch-Flat-Box-4-770.pdf; 39 @ 7-inch-Mega-Flat-Box-4-767.pdf; 39 @ 12-inch-Mega-Box-4-769.pdf",""
"Level5","Pressure Plate Ext. Spring","8273","Pressure Plate Ext. Spring","$6.00","4-764-765-766-770-New-Hinge-box-Final.pdf; 4-7674-7684-769-Hinged-Mega-box-Final.pdf; 14-inch-Flat-Box-4-770.pdf","37 @ 4-764-765-766-770-New-Hinge-box-Final.pdf; 37 @ 4-7674-7684-769-Hinged-Mega-box-Final.pdf; 37 @ 14-inch-Flat-Box-4-770.pdf",""
"Level5","Lightweight Pressure Plate Spring","9273","Lightweight Pressure Plate Spring","$5.00","4-764-765-766-770-New-Hinge-box-Final.pdf; 4-7674-7684-769-Hinged-Mega-box-Final.pdf; 7-inch-Flat-Box-4-764.pdf; 10-inch-Flat-Box-4-765.pdf; 12-inch-Flat-Box-4-766.pdf; 14-inch-Flat-Box-4-770.pdf; 7-inch-Mega-Flat-Box-4-767.pdf; 12-inch-Mega-Box-4-769.pdf","38 @ 4-764-765-766-770-New-Hinge-box-Final.pdf; 38 @ 4-7674-7684-769-Hinged-Mega-box-Final.pdf; 40 @ 7-inch-Flat-Box-4-764.pdf; 40 @ 10-inch-Flat-Box-4-765.pdf; 40 @ 12-inch-Flat-Box-4-766.pdf; 38 @ 14-inch-Flat-Box-4-770.pdf; 40 @ 7-inch-Mega-Flat-Box-4-767.pdf; 40 @ 12-inch-Mega-Box-4-769.pdf",""
"Level5","Spring Anchor","8305","Spring Anchor","$4.00","4-764-765-766-770-New-Hinge-box-Final.pdf; 4-7674-7684-769-Hinged-Mega-box-Final.pdf; 7-inch-Flat-Box-4-764.pdf; 10-inch-Flat-Box-4-765.pdf; 12-inch-Flat-Box-4-766.pdf; 14-inch-Flat-Box-4-770.pdf; 7-inch-Mega-Flat-Box-4-767.pdf; 12-inch-Mega-Box-4-769.pdf","39 @ 4-764-765-766-770-New-Hinge-box-Final.pdf; 39 @ 4-7674-7684-769-Hinged-Mega-box-Final.pdf; 41 @ 7-inch-Flat-Box-4-764.pdf; 41 @ 10-inch-Flat-Box-4-765.pdf; 41 @ 12-inch-Flat-Box-4-766.pdf; 39 @ 14-inch-Flat-Box-4-770.pdf; 41 @ 7-inch-Mega-Flat-Box-4-767.pdf; 41 @ 12-inch-Mega-Box-4-769.pdf",""
"Level5","7in Hinged Flat Box Gasket","7390","7in Hinged Flat Box Gasket","$25.00","4-764-765-766-770-New-Hinge-box-Final.pdf; 4-7674-7684-769-Hinged-Mega-box-Final.pdf","41 @ 4-764-765-766-770-New-Hinge-box-Final.pdf; 41 @ 4-7674-7684-769-Hinged-Mega-box-Final.pdf",""
"Level5","Dial Assembly","7251","Dial Assembly","$20.00","4-764-765-766-770-New-Hinge-box-Final.pdf; 4-7674-7684-769-Hinged-Mega-box-Final.pdf; 7-inch-Flat-Box-4-764.pdf; 10-inch-Flat-Box-4-765.pdf; 12-inch-Flat-Box-4-766.pdf; 14-inch-Flat-Box-4-770.pdf; 7-inch-Mega-Flat-Box-4-767.pdf; 12-inch-Mega-Box-4-769.pdf","42 @ 4-764-765-766-770-New-Hinge-box-Final.pdf; 42 @ 4-7674-7684-769-Hinged-Mega-box-Final.pdf; 44 @ 7-inch-Flat-Box-4-764.pdf; 44 @ 10-inch-Flat-Box-4-765.pdf; 44 @ 12-inch-Flat-Box-4-766.pdf; 42 @ 14-inch-Flat-Box-4-770.pdf; 44 @ 7-inch-Mega-Flat-Box-4-767.pdf; 44 @ 12-inch-Mega-Box-4-769.pdf",""
"Level5","Crown Spring","7216","Crown Spring","$6.00","4-764-765-766-770-New-Hinge-box-Final.pdf; 4-7674-7684-769-Hinged-Mega-box-Final.pdf; 7-inch-Flat-Box-4-764.pdf; 10-inch-Flat-Box-4-765.pdf; 7-inch-Mega-Flat-Box-4-767.pdf","43 @ 4-764-765-766-770-New-Hinge-box-Final.pdf; 43 @ 4-7674-7684-769-Hinged-Mega-box-Final.pdf; 45 @ 7-inch-Flat-Box-4-764.pdf; 45 @ 10-inch-Flat-Box-4-765.pdf; 45 @ 7-inch-Mega-Flat-Box-4-767.pdf",""
"Level5","Dial Adjustment Nut","7223","Dial Adjustment Nut","$4.00","4-764-765-766-770-New-Hinge-box-Final.pdf; 4-7674-7684-769-Hinged-Mega-box-Final.pdf; 7-inch-Flat-Box-4-764.pdf; 10-inch-Flat-Box-4-765.pdf; 12-inch-Flat-Box-4-766.pdf; 14-inch-Flat-Box-4-770.pdf; 7-inch-Mega-Flat-Box-4-767.pdf; 12-inch-Mega-Box-4-769.pdf","44 @ 4-764-765-766-770-New-Hinge-box-Final.pdf; 44 @ 4-7674-7684-769-Hinged-Mega-box-Final.pdf; 46 @ 7-inch-Flat-Box-4-764.pdf; 46 @ 10-inch-Flat-Box-4-765.pdf; 46 @ 12-inch-Flat-Box-4-766.pdf; 44 @ 14-inch-Flat-Box-4-770.pdf; 46 @ 7-inch-Mega-Flat-Box-4-767.pdf; 46 @ 12-inch-Mega-Box-4-769.pdf",""
"Level5","Brass Pins","7213","Brass Pins","$8.00","4-764-765-766-770-New-Hinge-box-Final.pdf; 4-7674-7684-769-Hinged-Mega-box-Final.pdf; 7-inch-Flat-Box-4-764.pdf; 10-inch-Flat-Box-4-765.pdf; 12-inch-Flat-Box-4-766.pdf; 14-inch-Flat-Box-4-770.pdf; 7-inch-Mega-Flat-Box-4-767.pdf; 12-inch-Mega-Box-4-769.pdf","45 @ 4-764-765-766-770-New-Hinge-box-Final.pdf; 45 @ 4-7674-7684-769-Hinged-Mega-box-Final.pdf; 47 @ 7-inch-Flat-Box-4-764.pdf; 47 @ 10-inch-Flat-Box-4-765.pdf; 47 @ 12-inch-Flat-Box-4-766.pdf; 45 @ 14-inch-Flat-Box-4-770.pdf; 47 @ 7-inch-Mega-Flat-Box-4-767.pdf; 47 @ 12-inch-Mega-Box-4-769.pdf",""
"Level5","10in Flat Box Blade","7254","10in Flat Box Blade","$5.25","4-764-765-766-770-New-Hinge-box-Final.pdf; 4-7674-7684-769-Hinged-Mega-box-Final.pdf; 10-inch-Flat-Box-4-765.pdf","1 @ 4-764-765-766-770-New-Hinge-box-Final.pdf; 1 @ 4-7674-7684-769-Hinged-Mega-box-Final.pdf; 1 @ 10-inch-Flat-Box-4-765.pdf",""
"Level5","10in Blade Holder Assembly","7267","10in Blade Holder Assembly","$140.00","4-764-765-766-770-New-Hinge-box-Final.pdf; 4-7674-7684-769-Hinged-Mega-box-Final.pdf; 10-inch-Flat-Box-4-765.pdf","2 @ 4-764-765-766-770-New-Hinge-box-Final.pdf; 2 @ 4-7674-7684-769-Hinged-Mega-box-Final.pdf; 2 @ 10-inch-Flat-Box-4-765.pdf",""
"Level5","10in Blade Holder Bracket","9268","10in Blade Holder Bracket","$4.50","4-764-765-766-770-New-Hinge-box-Final.pdf; 4-7674-7684-769-Hinged-Mega-box-Final.pdf; 7-inch-Flat-Box-4-764.pdf; 10-inch-Flat-Box-4-765.pdf; 7-inch-Mega-Flat-Box-4-767.pdf","5 @ 4-764-765-766-770-New-Hinge-box-Final.pdf; 5 @ 4-7674-7684-769-Hinged-Mega-box-Final.pdf; 35 @ 7-inch-Flat-Box-4-764.pdf; 5 @ 10-inch-Flat-Box-4-765.pdf; 35 @ 7-inch-Mega-Flat-Box-4-767.pdf",""
"Level5","10in Front Plate","7242","10in Front Plate","$75.00","4-764-765-766-770-New-Hinge-box-Final.pdf","6 @ 4-764-765-766-770-New-Hinge-box-Final.pdf",""
"Level5","10in Bottom Plate","7227","10in Bottom Plate","$75.00","4-764-765-766-770-New-Hinge-box-Final.pdf; 4-7674-7684-769-Hinged-Mega-box-Final.pdf","17 @ 4-764-765-766-770-New-Hinge-box-Final.pdf; 17 @ 4-7674-7684-769-Hinged-Mega-box-Final.pdf",""
"Level5","10in Flat Box Axle","7280","10in Flat Box Axle","$35.00","4-764-765-766-770-New-Hinge-box-Final.pdf; 4-7674-7684-769-Hinged-Mega-box-Final.pdf","25 @ 4-764-765-766-770-New-Hinge-box-Final.pdf; 25 @ 4-7674-7684-769-Hinged-Mega-box-Final.pdf",""
"Level5","10in Rubber Hinge Pin Shim","7381","10in Rubber Hinge Pin Shim","$5.50","4-764-765-766-770-New-Hinge-box-Final.pdf; 4-7674-7684-769-Hinged-Mega-box-Final.pdf","28 @ 4-764-765-766-770-New-Hinge-box-Final.pdf; 28 @ 4-7674-7684-769-Hinged-Mega-box-Final.pdf",""
"Level5","10in HInged Pressure Plate","7395","10in HInged Pressure Plate","$80.00","4-764-765-766-770-New-Hinge-box-Final.pdf; 4-7674-7684-769-Hinged-Mega-box-Final.pdf","32 @ 4-764-765-766-770-New-Hinge-box-Final.pdf; 32 @ 4-7674-7684-769-Hinged-Mega-box-Final.pdf",""
"Level5","10in Hinged Flat Box Gasket","7391","10in Hinged Flat Box Gasket","$30.00","4-764-765-766-770-New-Hinge-box-Final.pdf; 4-7674-7684-769-Hinged-Mega-box-Final.pdf","41 @ 4-764-765-766-770-New-Hinge-box-Final.pdf; 41 @ 4-7674-7684-769-Hinged-Mega-box-Final.pdf",""
"Level5","12in Flat Box Blade","7270","12in Flat Box Blade","$6.25","4-764-765-766-770-New-Hinge-box-Final.pdf; 4-7674-7684-769-Hinged-Mega-box-Final.pdf; 12-inch-Flat-Box-4-766.pdf; 12-inch-Mega-Box-4-769.pdf","1 @ 4-764-765-766-770-New-Hinge-box-Final.pdf; 1 @ 4-7674-7684-769-Hinged-Mega-box-Final.pdf; 1 @ 12-inch-Flat-Box-4-766.pdf; 1 @ 12-inch-Mega-Box-4-769.pdf",""
"Level5","12in Blade Holder Assembly","7284","12in Blade Holder Assembly","$240.49","4-764-765-766-770-New-Hinge-box-Final.pdf; 4-7674-7684-769-Hinged-Mega-box-Final.pdf; 12-inch-Flat-Box-4-766.pdf; 12-inch-Mega-Box-4-769.pdf","2 @ 4-764-765-766-770-New-Hinge-box-Final.pdf; 2 @ 4-7674-7684-769-Hinged-Mega-box-Final.pdf; 2 @ 12-inch-Flat-Box-4-766.pdf; 2 @ 12-inch-Mega-Box-4-769.pdf",""
"Level5","12in Blade Holder Bracket","9270","12in Blade Holder Bracket","$5.00","4-764-765-766-770-New-Hinge-box-Final.pdf; 4-7674-7684-769-Hinged-Mega-box-Final.pdf; 12-inch-Flat-Box-4-766.pdf; 12-inch-Mega-Box-4-769.pdf","5 @ 4-764-765-766-770-New-Hinge-box-Final.pdf; 5 @ 4-7674-7684-769-Hinged-Mega-box-Final.pdf; 5 @ 12-inch-Flat-Box-4-766.pdf; 5 @ 12-inch-Mega-Box-4-769.pdf",""
"Level5","12in Front Plate","7243","12in Front Plate","$85.00","4-764-765-766-770-New-Hinge-box-Final.pdf","6 @ 4-764-765-766-770-New-Hinge-box-Final.pdf",""
"Level5","12in Bottom Plate","7228","12in Bottom Plate","$85.00","4-764-765-766-770-New-Hinge-box-Final.pdf; 4-7674-7684-769-Hinged-Mega-box-Final.pdf","17 @ 4-764-765-766-770-New-Hinge-box-Final.pdf; 17 @ 4-7674-7684-769-Hinged-Mega-box-Final.pdf",""
"Level5","12in Flat Box Axle","7282","12in Flat Box Axle","$40.00","4-764-765-766-770-New-Hinge-box-Final.pdf; 4-7674-7684-769-Hinged-Mega-box-Final.pdf","25 @ 4-764-765-766-770-New-Hinge-box-Final.pdf; 25 @ 4-7674-7684-769-Hinged-Mega-box-Final.pdf",""
"Level5","12in Rubber Hing Pin Shim","7382","12in Rubber Hing Pin Shim","$6.00","4-764-765-766-770-New-Hinge-box-Final.pdf; 4-7674-7684-769-Hinged-Mega-box-Final.pdf","28 @ 4-764-765-766-770-New-Hinge-box-Final.pdf; 28 @ 4-7674-7684-769-Hinged-Mega-box-Final.pdf",""
"Level5","12in Hinged Pressure Plate","7396","12in Hinged Pressure Plate","$85.00","4-764-765-766-770-New-Hinge-box-Final.pdf; 4-7674-7684-769-Hinged-Mega-box-Final.pdf","32 @ 4-764-765-766-770-New-Hinge-box-Final.pdf; 32 @ 4-7674-7684-769-Hinged-Mega-box-Final.pdf",""
"Level5","12in Hinged Flat Box Gasket","7392","12in Hinged Flat Box Gasket","$35.00","4-764-765-766-770-New-Hinge-box-Final.pdf; 4-7674-7684-769-Hinged-Mega-box-Final.pdf","41 @ 4-764-765-766-770-New-Hinge-box-Final.pdf; 41 @ 4-7674-7684-769-Hinged-Mega-box-Final.pdf",""
"Level5","12/14in Crown Spring","7275","12/14in Crown Spring","$10.00","4-764-765-766-770-New-Hinge-box-Final.pdf; 4-7674-7684-769-Hinged-Mega-box-Final.pdf; 12-inch-Flat-Box-4-766.pdf; 14-inch-Flat-Box-4-770.pdf; 12-inch-Mega-Box-4-769.pdf","43 @ 4-764-765-766-770-New-Hinge-box-Final.pdf; 43 @ 4-7674-7684-769-Hinged-Mega-box-Final.pdf; 45 @ 12-inch-Flat-Box-4-766.pdf; 43 @ 14-inch-Flat-Box-4-770.pdf; 45 @ 12-inch-Mega-Box-4-769.pdf",""
"Level5","14in Flat Box Blade","7273","14in Flat Box Blade","$7.25","4-764-765-766-770-New-Hinge-box-Final.pdf; 14-inch-Flat-Box-4-770.pdf","1 @ 4-764-765-766-770-New-Hinge-box-Final.pdf; 1 @ 14-inch-Flat-Box-4-770.pdf",""
"Level5","14in Blade Holder Assembly","7274","14in Blade Holder Assembly","$180.00","4-764-765-766-770-New-Hinge-box-Final.pdf; 14-inch-Flat-Box-4-770.pdf","2 @ 4-764-765-766-770-New-Hinge-box-Final.pdf; 2 @ 14-inch-Flat-Box-4-770.pdf",""
"Level5","14in Blade Holder Bracket","7552","14in Blade Holder Bracket","$5.50","4-764-765-766-770-New-Hinge-box-Final.pdf; 14-inch-Flat-Box-4-770.pdf","5 @ 4-764-765-766-770-New-Hinge-box-Final.pdf; 5 @ 14-inch-Flat-Box-4-770.pdf",""
"Level5","14in Front Plate","7244","14in Front Plate","$95.00","4-764-765-766-770-New-Hinge-box-Final.pdf; 14-inch-Flat-Box-4-770.pdf","6 @ 4-764-765-766-770-New-Hinge-box-Final.pdf; 6 @ 14-inch-Flat-Box-4-770.pdf",""
"Level5","14in Bottom Plate","7229","14in Bottom Plate","$95.00","4-764-765-766-770-New-Hinge-box-Final.pdf; 14-inch-Flat-Box-4-770.pdf","17 @ 4-764-765-766-770-New-Hinge-box-Final.pdf; 17 @ 14-inch-Flat-Box-4-770.pdf",""
"Level5","14in Axle","7278","14in Axle","$45.00","4-764-765-766-770-New-Hinge-box-Final.pdf; 14-inch-Flat-Box-4-770.pdf","25 @ 4-764-765-766-770-New-Hinge-box-Final.pdf; 25 @ 14-inch-Flat-Box-4-770.pdf",""
"Level5","14in Rubber Hinge Pin Sham","7383","14in Rubber Hinge Pin Sham","$6.50","4-764-765-766-770-New-Hinge-box-Final.pdf; 14-inch-Flat-Box-4-770.pdf","28 @ 4-764-765-766-770-New-Hinge-box-Final.pdf; 28 @ 14-inch-Flat-Box-4-770.pdf",""
"Level5","14in Hinged Pressure Plate","7397","14in Hinged Pressure Plate","$90.00","4-764-765-766-770-New-Hinge-box-Final.pdf; 14-inch-Flat-Box-4-770.pdf","32 @ 4-764-765-766-770-New-Hinge-box-Final.pdf; 32 @ 14-inch-Flat-Box-4-770.pdf",""
"Level5","14in Hinged Flat Box Gasket","7393","14in Hinged Flat Box Gasket","$40.00","4-764-765-766-770-New-Hinge-box-Final.pdf; 14-inch-Flat-Box-4-770.pdf","41 @ 4-764-765-766-770-New-Hinge-box-Final.pdf; 41 @ 14-inch-Flat-Box-4-770.pdf",""
"Level5","7in Mega Flat Box Front Plate","7580","7in Mega Flat Box Front Plate","$75.00","4-7674-7684-769-Hinged-Mega-box-Final.pdf","6 @ 4-7674-7684-769-Hinged-Mega-box-Final.pdf",""
"Level5","Mega Box Left Side Plate","7523","Mega Box Left Side Plate","$70.00","4-7674-7684-769-Hinged-Mega-box-Final.pdf","12 @ 4-7674-7684-769-Hinged-Mega-box-Final.pdf",""
"Level5","Mega Box Right Side Plate","7524","Mega Box Right Side Plate","$75.00","4-7674-7684-769-Hinged-Mega-box-Final.pdf","29 @ 4-7674-7684-769-Hinged-Mega-box-Final.pdf",""
"Level5","Hinged Flat Box Plastic Washer","7630","Hinged Flat Box Plastic Washer","$1.00","4-7674-7684-769-Hinged-Mega-box-Final.pdf","46 @ 4-7674-7684-769-Hinged-Mega-box-Final.pdf",""
"Level5","10in Mega Flat Box Front Plate","7581","10in Mega Flat Box Front Plate","$85.00","4-7674-7684-769-Hinged-Mega-box-Final.pdf","6 @ 4-7674-7684-769-Hinged-Mega-box-Final.pdf",""
"Level5","12in Mega Flat Box Front Plate","7582","12in Mega Flat Box Front Plate","$95.00","4-7674-7684-769-Hinged-Mega-box-Final.pdf","6 @ 4-7674-7684-769-Hinged-Mega-box-Final.pdf",""
"Level5","7in Front Plate","9554","7in Front Plate","$43.00","7-inch-Flat-Box-4-764.pdf","6 @ 7-inch-Flat-Box-4-764.pdf",""
"Level5","Left Side Plate","9550","Left Side Plate","$50.00","7-inch-Flat-Box-4-764.pdf; 10-inch-Flat-Box-4-765.pdf; 12-inch-Flat-Box-4-766.pdf","12 @ 7-inch-Flat-Box-4-764.pdf; 12 @ 10-inch-Flat-Box-4-765.pdf; 12 @ 12-inch-Flat-Box-4-766.pdf",""
"Level5","FB Screw (Side Plate","9701","FB Screw (Side Plate","$1.00","7-inch-Flat-Box-4-764.pdf; 10-inch-Flat-Box-4-765.pdf; 12-inch-Flat-Box-4-766.pdf; 7-inch-Mega-Flat-Box-4-767.pdf; 12-inch-Mega-Box-4-769.pdf","16 @ 7-inch-Flat-Box-4-764.pdf; 16 @ 10-inch-Flat-Box-4-765.pdf; 16 @ 12-inch-Flat-Box-4-766.pdf; 16 @ 7-inch-Mega-Flat-Box-4-767.pdf; 16 @ 12-inch-Mega-Box-4-769.pdf",""
"Level5","7in Bottom Plate","9255","7in Bottom Plate","$55.00","7-inch-Flat-Box-4-764.pdf","17 @ 7-inch-Flat-Box-4-764.pdf",""
"Level5","FB Pressure Spring Holder","9240","FB Pressure Spring Holder","$2.00","7-inch-Flat-Box-4-764.pdf; 10-inch-Flat-Box-4-765.pdf; 12-inch-Flat-Box-4-766.pdf; 7-inch-Mega-Flat-Box-4-767.pdf; 12-inch-Mega-Box-4-769.pdf","18 @ 7-inch-Flat-Box-4-764.pdf; 18 @ 10-inch-Flat-Box-4-765.pdf; 18 @ 12-inch-Flat-Box-4-766.pdf; 18 @ 7-inch-Mega-Flat-Box-4-767.pdf; 18 @ 12-inch-Mega-Box-4-769.pdf",""
"Level5","FB Screw","9245","FB Screw","$1.00","7-inch-Flat-Box-4-764.pdf; 10-inch-Flat-Box-4-765.pdf; 12-inch-Flat-Box-4-766.pdf; 7-inch-Mega-Flat-Box-4-767.pdf; 12-inch-Mega-Box-4-769.pdf","19 @ 7-inch-Flat-Box-4-764.pdf; 19 @ 10-inch-Flat-Box-4-765.pdf; 19 @ 12-inch-Flat-Box-4-766.pdf; 19 @ 7-inch-Mega-Flat-Box-4-767.pdf; 19 @ 12-inch-Mega-Box-4-769.pdf",""
"Level5","7in Axle","9281","7in Axle","$35.00","7-inch-Flat-Box-4-764.pdf; 7-inch-Mega-Flat-Box-4-767.pdf","28 @ 7-inch-Flat-Box-4-764.pdf; 28 @ 7-inch-Mega-Flat-Box-4-767.pdf",""
"Level5","Right Side Plate","9551","Right Side Plate","$46.00","7-inch-Flat-Box-4-764.pdf; 10-inch-Flat-Box-4-765.pdf; 12-inch-Flat-Box-4-766.pdf","31 @ 7-inch-Flat-Box-4-764.pdf; 31 @ 10-inch-Flat-Box-4-765.pdf; 31 @ 12-inch-Flat-Box-4-766.pdf",""
"Level5","FB 7in Metal Hinge","9215","FB 7in Metal Hinge","$10.34","7-inch-Flat-Box-4-764.pdf; 7-inch-Mega-Flat-Box-4-767.pdf","33 @ 7-inch-Flat-Box-4-764.pdf; 33 @ 7-inch-Mega-Flat-Box-4-767.pdf",""
"Level5","FB Screw","9799","FB Screw","$1.00","7-inch-Flat-Box-4-764.pdf; 10-inch-Flat-Box-4-765.pdf; 12-inch-Flat-Box-4-766.pdf; 7-inch-Mega-Flat-Box-4-767.pdf; 12-inch-Mega-Box-4-769.pdf","34 @ 7-inch-Flat-Box-4-764.pdf; 34 @ 10-inch-Flat-Box-4-765.pdf; 34 @ 12-inch-Flat-Box-4-766.pdf; 34 @ 7-inch-Mega-Flat-Box-4-767.pdf; 34 @ 12-inch-Mega-Box-4-769.pdf",""
"Level5","Flat Box Seal, 7in","8271","Flat Box Seal, 7in","$38.24","7-inch-Flat-Box-4-764.pdf; 7-inch-Mega-Flat-Box-4-767.pdf","43 @ 7-inch-Flat-Box-4-764.pdf; 43 @ 7-inch-Mega-Flat-Box-4-767.pdf",""
"Level5","10in Front Plate","9552","10in Front Plate","$53.00","10-inch-Flat-Box-4-765.pdf","6 @ 10-inch-Flat-Box-4-765.pdf",""
"Level5","10in Bottom Plate","9253","10in Bottom Plate","$60.00","10-inch-Flat-Box-4-765.pdf","17 @ 10-inch-Flat-Box-4-765.pdf",""
"Level5","10in Axle","9280","10in Axle","$54.44","10-inch-Flat-Box-4-765.pdf","28 @ 10-inch-Flat-Box-4-765.pdf",""
"Level5","FB 10in Mental Hinge","9258","FB 10in Mental Hinge","N/A","10-inch-Flat-Box-4-765.pdf","33 @ 10-inch-Flat-Box-4-765.pdf",""
"Level5","10in Pressure Plate","9267","10in Pressure Plate","$65.00","10-inch-Flat-Box-4-765.pdf","35 @ 10-inch-Flat-Box-4-765.pdf",""
"Level5","Flat Box Seal, 10in","8270","Flat Box Seal, 10in","$47.69","10-inch-Flat-Box-4-765.pdf","43 @ 10-inch-Flat-Box-4-765.pdf",""
"Level5","12in Front Plate","9556","12in Front Plate","$49.00","12-inch-Flat-Box-4-766.pdf","6 @ 12-inch-Flat-Box-4-766.pdf",""
"Level5","12in Bottom Plate","9257","12in Bottom Plate","$65.00","12-inch-Flat-Box-4-766.pdf","17 @ 12-inch-Flat-Box-4-766.pdf",""
"Level5","12 Axle","9282","12 Axle","$45.00","12-inch-Flat-Box-4-766.pdf; 12-inch-Mega-Box-4-769.pdf","28 @ 12-inch-Flat-Box-4-766.pdf; 28 @ 12-inch-Mega-Box-4-769.pdf",""
"Level5","FB 12in Mental Hinge","9274","FB 12in Mental Hinge","$13.94","12-inch-Flat-Box-4-766.pdf; 12-inch-Mega-Box-4-769.pdf","33 @ 12-inch-Flat-Box-4-766.pdf; 33 @ 12-inch-Mega-Box-4-769.pdf",""
"Level5","12in Pressure Plate","9269","12in Pressure Plate","$70.00","12-inch-Flat-Box-4-766.pdf; 12-inch-Mega-Box-4-769.pdf","35 @ 12-inch-Flat-Box-4-766.pdf; 35 @ 12-inch-Mega-Box-4-769.pdf",""
"Level5","Flat Box Seal, 12in","8272","Flat Box Seal, 12in","$54.44","12-inch-Flat-Box-4-766.pdf; 12-inch-Mega-Box-4-769.pdf","43 @ 12-inch-Flat-Box-4-766.pdf; 43 @ 12-inch-Mega-Box-4-769.pdf",""
"Level5","FB 7in MEGA Front Plate","9600","FB 7in MEGA Front Plate","$55.00","7-inch-Mega-Flat-Box-4-767.pdf","6 @ 7-inch-Mega-Flat-Box-4-767.pdf",""
"Level5","FB MEGA Side Plate - Left","9596","FB MEGA Side Plate - Left","$48.00","7-inch-Mega-Flat-Box-4-767.pdf; 12-inch-Mega-Box-4-769.pdf","12 @ 7-inch-Mega-Flat-Box-4-767.pdf; 12 @ 12-inch-Mega-Box-4-769.pdf",""
"Level5","7in Mega Bottom Plate","9620","7in Mega Bottom Plate","$55.00","7-inch-Mega-Flat-Box-4-767.pdf","17 @ 7-inch-Mega-Flat-Box-4-767.pdf",""
"Level5","FB MEGA Side Plate - Right","9597","FB MEGA Side Plate - Right","$48.00","7-inch-Mega-Flat-Box-4-767.pdf; 12-inch-Mega-Box-4-769.pdf","31 @ 7-inch-Mega-Flat-Box-4-767.pdf; 31 @ 12-inch-Mega-Box-4-769.pdf",""
"Level5","10in Flat Box Blade","N/A","10in Flat Box Blade","$7.19","10-inch-Mega-Flat-Box-4-768.pdf","1 @ 10-inch-Mega-Flat-Box-4-768.pdf",""
"Level5","10in Blade Holder Assembly","N/A","10in Blade Holder Assembly","$189.44","10-inch-Mega-Flat-Box-4-768.pdf","2 @ 10-inch-Mega-Flat-Box-4-768.pdf",""
"Level5","#4-40 x 1/4 Fillister Head Screw","N/A","#4-40 x 1/4 Fillister Head Screw","$1.79","10-inch-Mega-Flat-Box-4-768.pdf","3 @ 10-inch-Mega-Flat-Box-4-768.pdf",""
"Level5","Flat box Screw (#4)","N/A","Flat box Screw (#4)","$1.79","10-inch-Mega-Flat-Box-4-768.pdf","4 @ 10-inch-Mega-Flat-Box-4-768.pdf",""
"Level5","10in Blade Holder Bracket","N/A","10in Blade Holder Bracket","$6.29","10-inch-Mega-Flat-Box-4-768.pdf","5 @ 10-inch-Mega-Flat-Box-4-768.pdf",""
"Level5","FB 10in MEGA Front Plate","N/A","FB 10in MEGA Front Plate","$60.00","10-inch-Mega-Flat-Box-4-768.pdf","6 @ 10-inch-Mega-Flat-Box-4-768.pdf",""
"Level5","#6-32 Thin Pattern Locknut","N/A","#6-32 Thin Pattern Locknut","$1.79","10-inch-Mega-Flat-Box-4-768.pdf","7 @ 10-inch-Mega-Flat-Box-4-768.pdf",""
"Level5","FB Washer","N/A","FB Washer","$1.79","10-inch-Mega-Flat-Box-4-768.pdf","8 @ 10-inch-Mega-Flat-Box-4-768.pdf",""
"Level5","Latch","N/A","Latch","$6.74","10-inch-Mega-Flat-Box-4-768.pdf","9 @ 10-inch-Mega-Flat-Box-4-768.pdf",""
"Level5","Spring Washer","N/A","Spring Washer","$1.79","10-inch-Mega-Flat-Box-4-768.pdf","10 @ 10-inch-Mega-Flat-Box-4-768.pdf",""
"Level5","Shoulder Screw","N/A","Shoulder Screw","$7.19","10-inch-Mega-Flat-Box-4-768.pdf","11 @ 10-inch-Mega-Flat-Box-4-768.pdf",""
"Level5","FB MEGA Side Plate - Left","N/A","FB MEGA Side Plate - Left","$48.00","10-inch-Mega-Flat-Box-4-768.pdf","12 @ 10-inch-Mega-Flat-Box-4-768.pdf",""
"Level5","Repair Clip","N/A","Repair Clip","$1.79","10-inch-Mega-Flat-Box-4-768.pdf","13 @ 10-inch-Mega-Flat-Box-4-768.pdf",""
"Level5","Skid Cover Left Side Universal","N/A","Skid Cover Left Side Universal","$3.14","10-inch-Mega-Flat-Box-4-768.pdf","14 @ 10-inch-Mega-Flat-Box-4-768.pdf",""
"Level5","#6-32 x 1/4 Fillister Head","N/A","#6-32 x 1/4 Fillister Head","$1.79","10-inch-Mega-Flat-Box-4-768.pdf","15 @ 10-inch-Mega-Flat-Box-4-768.pdf",""
"Level5","FB Screw (Side Plate","N/A","FB Screw (Side Plate","$1.00","10-inch-Mega-Flat-Box-4-768.pdf","16 @ 10-inch-Mega-Flat-Box-4-768.pdf",""
"Level5","10in MEGA Bottom Plate","N/A","10in MEGA Bottom Plate","$60.00","10-inch-Mega-Flat-Box-4-768.pdf","17 @ 10-inch-Mega-Flat-Box-4-768.pdf",""
"Level5","FB Pressure Spring Holder","N/A","FB Pressure Spring Holder","$2.00","10-inch-Mega-Flat-Box-4-768.pdf","18 @ 10-inch-Mega-Flat-Box-4-768.pdf",""
"Level5","FB Screw","N/A","FB Screw","$1.00","10-inch-Mega-Flat-Box-4-768.pdf","19 @ 10-inch-Mega-Flat-Box-4-768.pdf",""
"Level5","#10-32 Lock Nut","N/A","#10-32 Lock Nut","$1.79","10-inch-Mega-Flat-Box-4-768.pdf","20 @ 10-inch-Mega-Flat-Box-4-768.pdf",""
"Level5","#10 Brass Washer","N/A","#10 Brass Washer","$1.79","10-inch-Mega-Flat-Box-4-768.pdf","21 @ 10-inch-Mega-Flat-Box-4-768.pdf",""
"Level5","Bearing Nyliner","N/A","Bearing Nyliner","$2.24","10-inch-Mega-Flat-Box-4-768.pdf","22 @ 10-inch-Mega-Flat-Box-4-768.pdf",""
"Level5","#10-32 Hex Head Shoulder Screw","N/A","#10-32 Hex Head Shoulder Screw","$5.84","10-inch-Mega-Flat-Box-4-768.pdf","23 @ 10-inch-Mega-Flat-Box-4-768.pdf",""
"Level5","Nyliner Bearing-Straight","N/A","Nyliner Bearing-Straight","$4.04","10-inch-Mega-Flat-Box-4-768.pdf","24 @ 10-inch-Mega-Flat-Box-4-768.pdf",""
"Level5","FB Box Tire","N/A","FB Box Tire","$2.24","10-inch-Mega-Flat-Box-4-768.pdf","25 @ 10-inch-Mega-Flat-Box-4-768.pdf",""
"Level5","FB Box Wheel, Black","N/A","FB Box Wheel, Black","$8.54","10-inch-Mega-Flat-Box-4-768.pdf","26 @ 10-inch-Mega-Flat-Box-4-768.pdf",""
"Level5","#10 Brass Washer","N/A","#10 Brass Washer","$1.79","10-inch-Mega-Flat-Box-4-768.pdf","27 @ 10-inch-Mega-Flat-Box-4-768.pdf",""
"Level5","10in Axle","N/A","10in Axle","$54.44","10-inch-Mega-Flat-Box-4-768.pdf","28 @ 10-inch-Mega-Flat-Box-4-768.pdf",""
"Level5","#14 Brass Washer","N/A","#14 Brass Washer","$1.79","10-inch-Mega-Flat-Box-4-768.pdf","29 @ 10-inch-Mega-Flat-Box-4-768.pdf",""
"Level5","FB Bolt (holds axle on)","N/A","FB Bolt (holds axle on)","$7.19","10-inch-Mega-Flat-Box-4-768.pdf","30 @ 10-inch-Mega-Flat-Box-4-768.pdf",""
"Level5","FB MEGA Side Plate - Right","N/A","FB MEGA Side Plate - Right","$48.00","10-inch-Mega-Flat-Box-4-768.pdf","31 @ 10-inch-Mega-Flat-Box-4-768.pdf",""
"Level5","Skid Cover Rt Side, Universal","N/A","Skid Cover Rt Side, Universal","$3.14","10-inch-Mega-Flat-Box-4-768.pdf","32 @ 10-inch-Mega-Flat-Box-4-768.pdf",""
"Level5","FB 10in Mental Hinge","N/A","FB 10in Mental Hinge","N/A","10-inch-Mega-Flat-Box-4-768.pdf","33 @ 10-inch-Mega-Flat-Box-4-768.pdf",""
"Level5","FB Screw","N/A","FB Screw","$1.00","10-inch-Mega-Flat-Box-4-768.pdf","34 @ 10-inch-Mega-Flat-Box-4-768.pdf",""
"Level5","10in Pressure Plate","N/A","10in Pressure Plate","$65.00","10-inch-Mega-Flat-Box-4-768.pdf","35 @ 10-inch-Mega-Flat-Box-4-768.pdf",""
"Level5","Pressure Plate Nut","N/A","Pressure Plate Nut","$4.49","10-inch-Mega-Flat-Box-4-768.pdf","36 @ 10-inch-Mega-Flat-Box-4-768.pdf",""
"Level5","T-Nut","N/A","T-Nut","$7.19","10-inch-Mega-Flat-Box-4-768.pdf","37 @ 10-inch-Mega-Flat-Box-4-768.pdf",""
"Level5","AT Wing Nut","N/A","AT Wing Nut","$1.79","10-inch-Mega-Flat-Box-4-768.pdf","38 @ 10-inch-Mega-Flat-Box-4-768.pdf",""
"Level5","#10-32 X 1in SHC Screw","N/A","#10-32 X 1in SHC Screw","$1.79","10-inch-Mega-Flat-Box-4-768.pdf","39 @ 10-inch-Mega-Flat-Box-4-768.pdf",""
"Level5","Lightweight Pressure Plate Spring","N/A","Lightweight Pressure Plate Spring","$7.19","10-inch-Mega-Flat-Box-4-768.pdf","40 @ 10-inch-Mega-Flat-Box-4-768.pdf",""
"Level5","Spring Anchor","N/A","Spring Anchor","$5.84","10-inch-Mega-Flat-Box-4-768.pdf","41 @ 10-inch-Mega-Flat-Box-4-768.pdf",""
"Level5","8-32 X 3/8, BHC Screw","N/A","8-32 X 3/8, BHC Screw","$1.79","10-inch-Mega-Flat-Box-4-768.pdf","42 @ 10-inch-Mega-Flat-Box-4-768.pdf",""
"Level5","Flat Box Seal, 10in","N/A","Flat Box Seal, 10in","$47.69","10-inch-Mega-Flat-Box-4-768.pdf","43 @ 10-inch-Mega-Flat-Box-4-768.pdf",""
"Level5","Dial Assembly","N/A","Dial Assembly","$27.44","10-inch-Mega-Flat-Box-4-768.pdf","44 @ 10-inch-Mega-Flat-Box-4-768.pdf",""
"Level5","Crown Spring","N/A","Crown Spring","$8.54","10-inch-Mega-Flat-Box-4-768.pdf","45 @ 10-inch-Mega-Flat-Box-4-768.pdf",""
"Level5","Dial Adjustment Nut","N/A","Dial Adjustment Nut","$5.84","10-inch-Mega-Flat-Box-4-768.pdf","46 @ 10-inch-Mega-Flat-Box-4-768.pdf",""
"Level5","Brass Pins","N/A","Brass Pins","$11.24","10-inch-Mega-Flat-Box-4-768.pdf","47 @ 10-inch-Mega-Flat-Box-4-768.pdf",""
"Level5","FB 12in MEGA Front Plate","9599","FB 12in MEGA Front Plate","$65.00","12-inch-Mega-Box-4-769.pdf","6 @ 12-inch-Mega-Box-4-769.pdf",""
"Level5","12in MEGA Bottom Plate","9622","12in MEGA Bottom Plate","$65.00","12-inch-Mega-Box-4-769.pdf","17 @ 12-inch-Mega-Box-4-769.pdf",""
"Level5","Pump Foot Bracket","9751","Pump Foot Bracket","$120.00","4-771-Pump.pdf; Compound-Pump-4-771.pdf","1 @ 4-771-Pump.pdf; 1 @ Compound-Pump-4-771.pdf",""
"Level5","Wrench","7550","Wrench","$5.39","4-771-Pump.pdf; Compound-Pump-4-771.pdf","2 @ 4-771-Pump.pdf; 2 @ Compound-Pump-4-771.pdf",""
"Level5","Screw","7551","Screw","$0.89","4-771-Pump.pdf; Compound-Pump-4-771.pdf","3 @ 4-771-Pump.pdf; 3 @ Compound-Pump-4-771.pdf",""
"Level5","Wrench Bracket","7554","Wrench Bracket","$5.00","4-771-Pump.pdf; Compound-Pump-4-771.pdf","4 @ 4-771-Pump.pdf; 4 @ Compound-Pump-4-771.pdf",""
"Level5","1/4-20 Lock Nut","7364","1/4-20 Lock Nut","$1.79","4-771-Pump.pdf; Compound-Pump-4-771.pdf","5 @ 4-771-Pump.pdf; 5 @ Compound-Pump-4-771.pdf",""
"Level5","Pump Link","9334","Pump Link","$34.19","4-771-Pump.pdf; Compound-Pump-4-771.pdf","6 @ 4-771-Pump.pdf; 6 @ Compound-Pump-4-771.pdf",""
"Level5","Black Plastic Washer (Link)","7553","Black Plastic Washer (Link)","$3.14","4-771-Pump.pdf; Compound-Pump-4-771.pdf","7 @ 4-771-Pump.pdf; 7 @ Compound-Pump-4-771.pdf",""
"Level5","Metal Link Washer","7555","Metal Link Washer","$1.79","4-771-Pump.pdf; Compound-Pump-4-771.pdf","8 @ 4-771-Pump.pdf; 8 @ Compound-Pump-4-771.pdf",""
"Level5","1/4-20x2 Hex Head Screw","7363","1/4-20x2 Hex Head Screw","$4.49","4-771-Pump.pdf; Compound-Pump-4-771.pdf","9 @ 4-771-Pump.pdf; 9 @ Compound-Pump-4-771.pdf",""
"Level5","Quick Release Pin","7622","Quick Release Pin","$20.24","4-771-Pump.pdf; Compound-Pump-4-771.pdf","10 @ 4-771-Pump.pdf; 10 @ Compound-Pump-4-771.pdf; 11 @ Compound-Pump-4-771.pdf",""
"Level5","Pump Handle Nut","7339","Pump Handle Nut","N/A","4-771-Pump.pdf","11 @ 4-771-Pump.pdf",""
"Level5","Handle Ball","7347","Handle Ball","$23.39","4-771-Pump.pdf; Compound-Pump-4-771.pdf","12 @ 4-771-Pump.pdf; 12 @ Compound-Pump-4-771.pdf",""
"Level5","Pumpball Screw","7128","Pumpball Screw","$1.79","4-771-Pump.pdf; Compound-Pump-4-771.pdf","13 @ 4-771-Pump.pdf; 13 @ Compound-Pump-4-771.pdf",""
"Level5","Pump Handle","7738","Pump Handle","N/A","4-771-Pump.pdf; Compound-Pump-4-771.pdf","14 @ 4-771-Pump.pdf; 14 @ Compound-Pump-4-771.pdf",""
"Level5","5/16-18 x 7/8 Hex Head Screw","7341","5/16-18 x 7/8 Hex Head Screw","$3.00","4-771-Pump.pdf; Compound-Pump-4-771.pdf","15 @ 4-771-Pump.pdf; 15 @ Compound-Pump-4-771.pdf",""
"Level5","5/16 Lockwasher","7342","5/16 Lockwasher","$1.00","4-771-Pump.pdf; Compound-Pump-4-771.pdf","16 @ 4-771-Pump.pdf; 16 @ Compound-Pump-4-771.pdf",""
"Level5","Pump O-Ring","7633","Pump O-Ring","$3.14","4-771-Pump.pdf; Compound-Pump-4-771.pdf","17 @ 4-771-Pump.pdf; 17 @ Compound-Pump-4-771.pdf",""
"Level5","Pump Head","9635","Pump Head","$114.74","4-771-Pump.pdf; Compound-Pump-4-771.pdf","18 @ 4-771-Pump.pdf; 18 @ Compound-Pump-4-771.pdf",""
"Level5","U-Seal","7324","U-Seal","$4.49","4-771-Pump.pdf; Compound-Pump-4-771.pdf","19 @ 4-771-Pump.pdf; 19 @ Compound-Pump-4-771.pdf",""
"Level5","Gland","7323","Gland","$32.84","4-771-Pump.pdf; Compound-Pump-4-771.pdf","20 @ 4-771-Pump.pdf; 20 @ Compound-Pump-4-771.pdf",""
"Level5","Bushing Liner","7345","Bushing Liner","$3.14","4-771-Pump.pdf; Compound-Pump-4-771.pdf","21 @ 4-771-Pump.pdf; 21 @ Compound-Pump-4-771.pdf",""
"Level5","1/4-20 x 5/8 Socket Head Screw","7325","1/4-20 x 5/8 Socket Head Screw","$1.79","4-771-Pump.pdf; Compound-Pump-4-771.pdf","22 @ 4-771-Pump.pdf; 22 @ Compound-Pump-4-771.pdf",""
"Level5","5/16-24 Hex Head","7326","5/16-24 Hex Head","$1.79","4-771-Pump.pdf; Compound-Pump-4-771.pdf","23 @ 4-771-Pump.pdf; 23 @ Compound-Pump-4-771.pdf",""
"Level5","5-16-24 x 1 7/16 Std Screw","7352","5-16-24 x 1 7/16 Std Screw","$11.24","4-771-Pump.pdf; Compound-Pump-4-771.pdf","24 @ 4-771-Pump.pdf; 24 @ Compound-Pump-4-771.pdf",""
"Level5","Gasket","7362","Gasket","$5.84","4-771-Pump.pdf; Compound-Pump-4-771.pdf","25 @ 4-771-Pump.pdf; 25 @ Compound-Pump-4-771.pdf",""
"Level5","Filler Body","7355","Filler Body","$54.44","4-771-Pump.pdf; Compound-Pump-4-771.pdf","26 @ 4-771-Pump.pdf; 26 @ Compound-Pump-4-771.pdf",""
"Level5","Special Nut","7353","Special Nut","$11.24","4-771-Pump.pdf; Compound-Pump-4-771.pdf","27 @ 4-771-Pump.pdf; 27 @ Compound-Pump-4-771.pdf",""
"Level5","Filler O'Ring","7350","Filler O'Ring","$1.79","4-771-Pump.pdf; Compound-Pump-4-771.pdf","28 @ 4-771-Pump.pdf; 28 @ Compound-Pump-4-771.pdf",""
"Level5","Chain Assembly (W/ 1 S Hook)","7358","Chain Assembly (W/ 1 S Hook)","$20.24","4-771-Pump.pdf; Compound-Pump-4-771.pdf","30 @ 4-771-Pump.pdf; 30 @ Compound-Pump-4-771.pdf",""
"Level5","Discharge Tube","7356","Discharge Tube","$27.44","4-771-Pump.pdf; Compound-Pump-4-771.pdf","31 @ 4-771-Pump.pdf; 31 @ Compound-Pump-4-771.pdf",""
"Level5","Piston Rod","7321","Piston Rod","$58.49","4-771-Pump.pdf; Compound-Pump-4-771.pdf","32 @ 4-771-Pump.pdf; 32 @ Compound-Pump-4-771.pdf",""
"Level5","Valve Disc","7329","Valve Disc","$8.54","4-771-Pump.pdf; Compound-Pump-4-771.pdf","33 @ 4-771-Pump.pdf; 33 @ Compound-Pump-4-771.pdf",""
"Level5","Retainer","7359","Retainer","$9.89","4-771-Pump.pdf; Compound-Pump-4-771.pdf","34 @ 4-771-Pump.pdf; 34 @ Compound-Pump-4-771.pdf",""
"Level5","Piston Cups","7328","Piston Cups","$12.59","4-771-Pump.pdf; Compound-Pump-4-771.pdf","35 @ 4-771-Pump.pdf; 35 @ Compound-Pump-4-771.pdf",""
"Level5","Retainer, Large","7327","Retainer, Large","$13.94","4-771-Pump.pdf; Compound-Pump-4-771.pdf","36 @ 4-771-Pump.pdf; 36 @ Compound-Pump-4-771.pdf",""
"Level5","Lock Clip","7360","Lock Clip","$4.49","4-771-Pump.pdf; Compound-Pump-4-771.pdf","37 @ 4-771-Pump.pdf; 37 @ Compound-Pump-4-771.pdf",""
"Level5","3/8-16 Lock Nut","7343","3/8-16 Lock Nut","$1.79","4-771-Pump.pdf; Compound-Pump-4-771.pdf","38 @ 4-771-Pump.pdf; 38 @ Compound-Pump-4-771.pdf",""
"Level5","8-32 x 3/16 BH Screw","7625","8-32 x 3/16 BH Screw","$1.79","4-771-Pump.pdf; Compound-Pump-4-771.pdf","39 @ 4-771-Pump.pdf; 39 @ Compound-Pump-4-771.pdf",""
"Level5","Pump Tube","9624","Pump Tube","$162.44","4-771-Pump.pdf; Compound-Pump-4-771.pdf","41 @ 4-771-Pump.pdf; 41 @ Compound-Pump-4-771.pdf",""
"Level5","Metal Washer","7556","Metal Washer","$1.79","4-771-Pump.pdf; Compound-Pump-4-771.pdf","43 @ 4-771-Pump.pdf; 43 @ Compound-Pump-4-771.pdf",""
"Level5","Foot Valve Spacer","7557","Foot Valve Spacer","$7.19","4-771-Pump.pdf; Compound-Pump-4-771.pdf","44 @ 4-771-Pump.pdf; 44 @ Compound-Pump-4-771.pdf",""
"Level5","Pin","7621","Pin","$20.69","4-771-Pump.pdf; Compound-Pump-4-771.pdf","45 @ 4-771-Pump.pdf; 45 @ Compound-Pump-4-771.pdf",""
"Level5","Pump Tube Foot","9330","Pump Tube Foot","$17.09","4-771-Pump.pdf; Compound-Pump-4-771.pdf","46 @ 4-771-Pump.pdf; 46 @ Compound-Pump-4-771.pdf",""
"Level5","Screw","7558","Screw","$0.89","4-771-Pump.pdf; Compound-Pump-4-771.pdf","47 @ 4-771-Pump.pdf; 47 @ Compound-Pump-4-771.pdf",""
"Level5","Screen for New Pump","9348","Screen for New Pump","$5.39","4-771-Pump.pdf; Compound-Pump-4-771.pdf","48 @ 4-771-Pump.pdf; 48 @ Compound-Pump-4-771.pdf",""
"Level5","Pump Foot Valve Assembly","9331","Pump Foot Valve Assembly","$74.69","4-771-Pump.pdf","49 @ 4-771-Pump.pdf",""
"Level5","CF Screw 6-32x15","9510","CF Screw 6-32x15","$4.49","2.5-inch-Corner-Finisher-4-732.pdf; 4-734-3.5-Corner-Finisher.pdf; 4-735-4-Corner-Finisher.pdf; 3-inch-Corner-Finisher-4-733.pdf","1 @ 2.5-inch-Corner-Finisher-4-732.pdf; 1 @ 4-734-3.5-Corner-Finisher.pdf; 1 @ 4-735-4-Corner-Finisher.pdf; 1 @ 3-inch-Corner-Finisher-4-733.pdf",""
"Level5","CF SS Flat Washer","9511","CF SS Flat Washer","$4.49","2.5-inch-Corner-Finisher-4-732.pdf; 4-734-3.5-Corner-Finisher.pdf; 4-735-4-Corner-Finisher.pdf; 3-inch-Corner-Finisher-4-733.pdf","2 @ 2.5-inch-Corner-Finisher-4-732.pdf; 2 @ 4-734-3.5-Corner-Finisher.pdf; 2 @ 4-735-4-Corner-Finisher.pdf; 2 @ 3-inch-Corner-Finisher-4-733.pdf",""
"Level5","CF Rubber Tire","9512","CF Rubber Tire","$1.79","2.5-inch-Corner-Finisher-4-732.pdf; 4-734-3.5-Corner-Finisher.pdf; 4-735-4-Corner-Finisher.pdf; 3-inch-Corner-Finisher-4-733.pdf","3 @ 2.5-inch-Corner-Finisher-4-732.pdf; 3 @ 4-734-3.5-Corner-Finisher.pdf; 3 @ 4-735-4-Corner-Finisher.pdf; 3 @ 3-inch-Corner-Finisher-4-733.pdf",""
"Level5","CF Wheel Bushing","9513","CF Wheel Bushing","$5.84","2.5-inch-Corner-Finisher-4-732.pdf; 4-734-3.5-Corner-Finisher.pdf; 4-735-4-Corner-Finisher.pdf; 3-inch-Corner-Finisher-4-733.pdf","4 @ 2.5-inch-Corner-Finisher-4-732.pdf; 4 @ 4-734-3.5-Corner-Finisher.pdf; 4 @ 4-735-4-Corner-Finisher.pdf; 4 @ 3-inch-Corner-Finisher-4-733.pdf",""
"Level5","Finisher Wheels","9514","Finisher Wheels","$12.59","2.5-inch-Corner-Finisher-4-732.pdf; 4-734-3.5-Corner-Finisher.pdf; 4-735-4-Corner-Finisher.pdf; 3-inch-Corner-Finisher-4-733.pdf","5 @ 2.5-inch-Corner-Finisher-4-732.pdf; 5 @ 4-734-3.5-Corner-Finisher.pdf; 5 @ 4-735-4-Corner-Finisher.pdf; 5 @ 3-inch-Corner-Finisher-4-733.pdf",""
"Level5","CF Slotted Screw 8-32 x 6.35","7190","CF Slotted Screw 8-32 x 6.35","$1.79","2.5-inch-Corner-Finisher-4-732.pdf; 4-734-3.5-Corner-Finisher.pdf; 4-735-4-Corner-Finisher.pdf; 3-inch-Corner-Finisher-4-733.pdf","6 @ 2.5-inch-Corner-Finisher-4-732.pdf; 8 @ 4-734-3.5-Corner-Finisher.pdf; 8 @ 4-735-4-Corner-Finisher.pdf; 8 @ 3-inch-Corner-Finisher-4-733.pdf",""
"Level5","CF Bottom Clip 2.5in & 3in","9192","CF Bottom Clip 2.5in & 3in","$15.29","2.5-inch-Corner-Finisher-4-732.pdf; 3-inch-Corner-Finisher-4-733.pdf","7 @ 2.5-inch-Corner-Finisher-4-732.pdf; 9 @ 3-inch-Corner-Finisher-4-733.pdf",""
"Level5","CF 2.5in Body","9702","CF 2.5in Body","N/A","2.5-inch-Corner-Finisher-4-732.pdf","8 @ 2.5-inch-Corner-Finisher-4-732.pdf",""
"Level5","CF 2.5in Left Frame","9714","CF 2.5in Left Frame","$82.00","2.5-inch-Corner-Finisher-4-732.pdf","9 @ 2.5-inch-Corner-Finisher-4-732.pdf",""
"Level5","CF 2.5in and 3in Skid","9189","CF 2.5in and 3in Skid","$20.69","2.5-inch-Corner-Finisher-4-732.pdf; 3-inch-Corner-Finisher-4-733.pdf","10 @ 2.5-inch-Corner-Finisher-4-732.pdf; 12 @ 3-inch-Corner-Finisher-4-733.pdf",""
"Level5","CF 6-32 x 1/8 SS Hex","9191","CF 6-32 x 1/8 SS Hex","$1.79","2.5-inch-Corner-Finisher-4-732.pdf; 4-734-3.5-Corner-Finisher.pdf; 4-735-4-Corner-Finisher.pdf; 3-inch-Corner-Finisher-4-733.pdf","11 @ 2.5-inch-Corner-Finisher-4-732.pdf; 13 @ 4-734-3.5-Corner-Finisher.pdf; 13 @ 4-735-4-Corner-Finisher.pdf; 13 @ 3-inch-Corner-Finisher-4-733.pdf",""
"Level5","CF 2.5in Blade","9706","CF 2.5in Blade","$24.74","2.5-inch-Corner-Finisher-4-732.pdf","12 @ 2.5-inch-Corner-Finisher-4-732.pdf",""
"Level5","CF Frame Tabs","9509","CF Frame Tabs","$3.14","2.5-inch-Corner-Finisher-4-732.pdf; 4-734-3.5-Corner-Finisher.pdf; 4-735-4-Corner-Finisher.pdf; 3-inch-Corner-Finisher-4-733.pdf","13 @ 2.5-inch-Corner-Finisher-4-732.pdf; 7 @ 4-734-3.5-Corner-Finisher.pdf; 15 @ 4-734-3.5-Corner-Finisher.pdf; 15 @ 4-735-4-Corner-Finisher.pdf; 15 @ 3-inch-Corner-Finisher-4-733.pdf",""
"Level5","CF Screw","9508","CF Screw","$1.79","2.5-inch-Corner-Finisher-4-732.pdf; 4-735-4-Corner-Finisher.pdf; 3-inch-Corner-Finisher-4-733.pdf","14 @ 2.5-inch-Corner-Finisher-4-732.pdf; 7 @ 4-735-4-Corner-Finisher.pdf; 7 @ 3-inch-Corner-Finisher-4-733.pdf",""
"Level5","CF Top Clip 2.5in & 3in","9195","CF Top Clip 2.5in & 3in","$8.54","2.5-inch-Corner-Finisher-4-732.pdf; 3-inch-Corner-Finisher-4-733.pdf","15 @ 2.5-inch-Corner-Finisher-4-732.pdf; 17 @ 3-inch-Corner-Finisher-4-733.pdf",""
"Level5","CF 2.5in Spring","9524","CF 2.5in Spring","$8.00","2.5-inch-Corner-Finisher-4-732.pdf","16 @ 2.5-inch-Corner-Finisher-4-732.pdf",""
"Level5","CF Ball Locking Clip","7741","CF Ball Locking Clip","$23.39","2.5-inch-Corner-Finisher-4-732.pdf; 4-734-3.5-Corner-Finisher.pdf; 4-735-4-Corner-Finisher.pdf; 3-inch-Corner-Finisher-4-733.pdf","17 @ 2.5-inch-Corner-Finisher-4-732.pdf; 20 @ 4-734-3.5-Corner-Finisher.pdf; 20 @ 4-735-4-Corner-Finisher.pdf; 20 @ 3-inch-Corner-Finisher-4-733.pdf",""
"Level5","CF Lock Clip Spring","7740","CF Lock Clip Spring","$1.79","2.5-inch-Corner-Finisher-4-732.pdf; 4-734-3.5-Corner-Finisher.pdf; 4-735-4-Corner-Finisher.pdf; 3-inch-Corner-Finisher-4-733.pdf","18 @ 2.5-inch-Corner-Finisher-4-732.pdf; 6 @ 4-734-3.5-Corner-Finisher.pdf; 6 @ 4-735-4-Corner-Finisher.pdf; 6 @ 3-inch-Corner-Finisher-4-733.pdf",""
"Level5","CF Locking Clip Tab","7742","CF Locking Clip Tab","$15.29","2.5-inch-Corner-Finisher-4-732.pdf; 4-734-3.5-Corner-Finisher.pdf; 4-735-4-Corner-Finisher.pdf; 3-inch-Corner-Finisher-4-733.pdf","19 @ 2.5-inch-Corner-Finisher-4-732.pdf; 21 @ 4-734-3.5-Corner-Finisher.pdf; 21 @ 4-735-4-Corner-Finisher.pdf; 21 @ 3-inch-Corner-Finisher-4-733.pdf",""
"Level5","Insert Socket","7183","Insert Socket","$27.44","2.5-inch-Corner-Finisher-4-732.pdf; 4-734-3.5-Corner-Finisher.pdf; 4-735-4-Corner-Finisher.pdf; 3-inch-Corner-Finisher-4-733.pdf","21 @ 2.5-inch-Corner-Finisher-4-732.pdf; 23 @ 4-734-3.5-Corner-Finisher.pdf; 23 @ 4-735-4-Corner-Finisher.pdf; 23 @ 3-inch-Corner-Finisher-4-733.pdf",""
"Level5","CF 6-32 X 1/4 Bind Head Screw SST","7312","CF 6-32 X 1/4 Bind Head Screw SST","$1.79","2.5-inch-Corner-Finisher-4-732.pdf; 4-734-3.5-Corner-Finisher.pdf; 4-735-4-Corner-Finisher.pdf; 3-inch-Corner-Finisher-4-733.pdf; 2-inch-Nail-Spotter-4-754-old-style.pdf","22 @ 2.5-inch-Corner-Finisher-4-732.pdf; 24 @ 4-734-3.5-Corner-Finisher.pdf; 24 @ 4-735-4-Corner-Finisher.pdf; 24 @ 3-inch-Corner-Finisher-4-733.pdf; 8 @ 2-inch-Nail-Spotter-4-754-old-style.pdf",""
"Level5","CF 2.5in Right Frame","9708","CF 2.5in Right Frame","$111.14","2.5-inch-Corner-Finisher-4-732.pdf","23 @ 2.5-inch-Corner-Finisher-4-732.pdf",""
"Level5","CF Buttom Clip 3.5in & 4in","9196","CF Buttom Clip 3.5in & 4in","$15.29","4-734-3.5-Corner-Finisher.pdf; 4-735-4-Corner-Finisher.pdf","9 @ 4-734-3.5-Corner-Finisher.pdf; 9 @ 4-735-4-Corner-Finisher.pdf",""
"Level5","CF 3.5in Body","9807","CF 3.5in Body","$129.99","4-734-3.5-Corner-Finisher.pdf","10 @ 4-734-3.5-Corner-Finisher.pdf",""
"Level5","CF 3.5in Left Frame","9803","CF 3.5in Left Frame","$27.44","4-734-3.5-Corner-Finisher.pdf","11 @ 4-734-3.5-Corner-Finisher.pdf",""
"Level5","CF 3.5in & 4in Skids","9525","CF 3.5in & 4in Skids","$22.04","4-734-3.5-Corner-Finisher.pdf; 4-735-4-Corner-Finisher.pdf","12 @ 4-734-3.5-Corner-Finisher.pdf; 12 @ 4-735-4-Corner-Finisher.pdf",""
"Level5","CF 3.5in Blade","9815","CF 3.5in Blade","$40.94","4-734-3.5-Corner-Finisher.pdf","14 @ 4-734-3.5-Corner-Finisher.pdf",""
"Level5","Spring Tension Pin -CF","9501","Spring Tension Pin -CF","$7.19","4-734-3.5-Corner-Finisher.pdf; 4-735-4-Corner-Finisher.pdf; 3-inch-Corner-Finisher-4-733.pdf","16 @ 4-734-3.5-Corner-Finisher.pdf; 16 @ 4-735-4-Corner-Finisher.pdf; 16 @ 3-inch-Corner-Finisher-4-733.pdf",""
"Level5","CF Top Clip 3.5in & 4in","9197","CF Top Clip 3.5in & 4in","$8.54","4-734-3.5-Corner-Finisher.pdf; 4-735-4-Corner-Finisher.pdf","17 @ 4-734-3.5-Corner-Finisher.pdf; 17 @ 4-735-4-Corner-Finisher.pdf",""
"Level5","CF Spring (Small)","9522","CF Spring (Small)","$11.24","4-734-3.5-Corner-Finisher.pdf","18 @ 4-734-3.5-Corner-Finisher.pdf",""
"Level5","CF 3.5in Spring (Big)","9523","CF 3.5in Spring (Big)","$12.59","4-734-3.5-Corner-Finisher.pdf","19 @ 4-734-3.5-Corner-Finisher.pdf",""
"Level5","CF 3.5in Right Frame","9817","CF 3.5in Right Frame","$27.44","4-734-3.5-Corner-Finisher.pdf","25 @ 4-734-3.5-Corner-Finisher.pdf",""
"Level5","4in CF Body","7546","4in CF Body","N/A","4-735-4-Corner-Finisher.pdf","10 @ 4-735-4-Corner-Finisher.pdf",""
"Level5","4in CF Left Frame","7544","4in CF Left Frame","$100.00","4-735-4-Corner-Finisher.pdf","11 @ 4-735-4-Corner-Finisher.pdf",""
"Level5","4in Blade-Corner Finisher","9816","4in Blade-Corner Finisher","$47.69","4-735-4-Corner-Finisher.pdf","14 @ 4-735-4-Corner-Finisher.pdf",""
"Level5","4in Small Spring- CF","9526","4in Small Spring- CF","$11.24","4-735-4-Corner-Finisher.pdf","18 @ 4-735-4-Corner-Finisher.pdf",""
"Level5","4in Large Spring - CF","9527","4in Large Spring - CF","$12.59","4-735-4-Corner-Finisher.pdf","19 @ 4-735-4-Corner-Finisher.pdf",""
"Level5","4in Right Frame","7545","4in Right Frame","$100.00","4-735-4-Corner-Finisher.pdf","25 @ 4-735-4-Corner-Finisher.pdf",""
"Level5","CF 3in Body","9183","CF 3in Body","N/A","3-inch-Corner-Finisher-4-733.pdf","10 @ 3-inch-Corner-Finisher-4-733.pdf",""
"Level5","CF 3in Left Frame","9193","CF 3in Left Frame","$94.00","3-inch-Corner-Finisher-4-733.pdf","11 @ 3-inch-Corner-Finisher-4-733.pdf",""
"Level5","CF 3in Blade","9188","CF 3in Blade","$34.19","3-inch-Corner-Finisher-4-733.pdf","14 @ 3-inch-Corner-Finisher-4-733.pdf",""
"Level5","CF Spring (small)","9520","CF Spring (small)","$5.39","3-inch-Corner-Finisher-4-733.pdf","18 @ 3-inch-Corner-Finisher-4-733.pdf",""
"Level5","CF 3in Spring (Big)","9521","CF 3in Spring (Big)","$5.99","3-inch-Corner-Finisher-4-733.pdf","19 @ 3-inch-Corner-Finisher-4-733.pdf",""
"Level5","CF 3in Right Frame","9194","CF 3in Right Frame","$94.00","3-inch-Corner-Finisher-4-733.pdf","25 @ 3-inch-Corner-Finisher-4-733.pdf",""
"Level5","C.A. Cone","9317","C.A. Cone","$121.94","7-inch-Corner-Applicator-4-701.pdf; 8-inch-Corner-Applicator-4-702-.pdf","2 @ 7-inch-Corner-Applicator-4-701.pdf; 2 @ 8-inch-Corner-Applicator-4-702-.pdf",""
"Level5","02 Rubber","7520","02 Rubber","$3.14","7-inch-Corner-Applicator-4-701.pdf; 8-inch-Corner-Applicator-4-702-.pdf","3 @ 7-inch-Corner-Applicator-4-701.pdf; 3 @ 8-inch-Corner-Applicator-4-702-.pdf",""
"Level5","10 Rubber","7521","10 Rubber","$0.89","7-inch-Corner-Applicator-4-701.pdf; 8-inch-Corner-Applicator-4-702-.pdf","5 @ 7-inch-Corner-Applicator-4-701.pdf; 5 @ 8-inch-Corner-Applicator-4-702-.pdf",""
"Level5","Flat Black Rubber","7522","Flat Black Rubber","$8.54","7-inch-Corner-Applicator-4-701.pdf; 8-inch-Corner-Applicator-4-702-.pdf","6 @ 7-inch-Corner-Applicator-4-701.pdf; 6 @ 8-inch-Corner-Applicator-4-702-.pdf",""
"Level5","#10-32 X1/2in , BHC Screw","8261","#10-32 X1/2in , BHC Screw","$1.79","7-inch-Corner-Applicator-4-701.pdf; 8-inch-Corner-Applicator-4-702-.pdf","7 @ 7-inch-Corner-Applicator-4-701.pdf; 7 @ 8-inch-Corner-Applicator-4-702-.pdf",""
"Level5","7in Applicator Pressure Plate","9318","7in Applicator Pressure Plate","$27.44","7-inch-Corner-Applicator-4-701.pdf","8 @ 7-inch-Corner-Applicator-4-701.pdf",""
"Level5","5/16 - 18 3/4 Thumbscrew, SS","7378","5/16 - 18 3/4 Thumbscrew, SS","$7.19","7-inch-Corner-Applicator-4-701.pdf; 8-inch-Corner-Applicator-4-702-.pdf","9 @ 7-inch-Corner-Applicator-4-701.pdf; 9 @ 8-inch-Corner-Applicator-4-702-.pdf",""
"Level5","Bearing, 5L7D-642","7409","Bearing, 5L7D-642","$3.14","7-inch-Corner-Applicator-4-701.pdf; 8-inch-Corner-Applicator-4-702-.pdf; Corner-Roller-4-707.pdf","10 @ 7-inch-Corner-Applicator-4-701.pdf; 10 @ 8-inch-Corner-Applicator-4-702-.pdf; 4 @ Corner-Roller-4-707.pdf",""
"Level5","Pivot Bearing","9315","Pivot Bearing","$13.94","7-inch-Corner-Applicator-4-701.pdf; 8-inch-Corner-Applicator-4-702-.pdf","11 @ 7-inch-Corner-Applicator-4-701.pdf; 11 @ 8-inch-Corner-Applicator-4-702-.pdf",""
"Level5","Corner Applicator Bracket","9314","Corner Applicator Bracket","$40.94","7-inch-Corner-Applicator-4-701.pdf; 8-inch-Corner-Applicator-4-702-.pdf","12 @ 7-inch-Corner-Applicator-4-701.pdf; 12 @ 8-inch-Corner-Applicator-4-702-.pdf",""
"Level5","Wiper Seal 7in","9312","Wiper Seal 7in","$24.74","7-inch-Corner-Applicator-4-701.pdf","13 @ 7-inch-Corner-Applicator-4-701.pdf",""
"Level5","Valve Sleeve","7414","Valve Sleeve","$20.00","7-inch-Corner-Applicator-4-701.pdf; 8-inch-Corner-Applicator-4-702-.pdf","15 @ 7-inch-Corner-Applicator-4-701.pdf; 15 @ 8-inch-Corner-Applicator-4-702-.pdf",""
"Level5","Valve Holder","8316","Valve Holder","$18.00","7-inch-Corner-Applicator-4-701.pdf; 8-inch-Corner-Applicator-4-702-.pdf","18 @ 7-inch-Corner-Applicator-4-701.pdf; 18 @ 8-inch-Corner-Applicator-4-702-.pdf",""
"Level5","7in Applicator Body","8310","7in Applicator Body","N/A","7-inch-Corner-Applicator-4-701.pdf","22 @ 7-inch-Corner-Applicator-4-701.pdf",""
"Level5","8in Applicator Pressure Plate","9319","8in Applicator Pressure Plate","$34.19","8-inch-Corner-Applicator-4-702-.pdf","8 @ 8-inch-Corner-Applicator-4-702-.pdf",""
"Level5","8in App. Gasket","9313","8in App. Gasket","$24.74","8-inch-Corner-Applicator-4-702-.pdf","13 @ 8-inch-Corner-Applicator-4-702-.pdf",""
"Level5","8in Applicator Body","8311","8in Applicator Body","N/A","8-inch-Corner-Applicator-4-702-.pdf","22 @ 8-inch-Corner-Applicator-4-702-.pdf",""
"Level5","1/4-20x1-1/4in HH Screw","7203","1/4-20x1-1/4in HH Screw","$4.49","Corner-Roller-4-707.pdf","1 @ Corner-Roller-4-707.pdf",""
"Level5","Roller Wheel","7225","Roller Wheel","$13.94","Corner-Roller-4-707.pdf","3 @ Corner-Roller-4-707.pdf",""
"Level5","Roller Bushing","7202","Roller Bushing","$3.14","Corner-Roller-4-707.pdf","5 @ Corner-Roller-4-707.pdf",""
"Level5","Washer","7221","Washer","N/A","Corner-Roller-4-707.pdf","6 @ Corner-Roller-4-707.pdf",""
"Level5","Trust Washer","7200","Trust Washer","$4.49","Corner-Roller-4-707.pdf","7 @ Corner-Roller-4-707.pdf",""
"Level5","8-32 x 5/16 Setscrew","7069","8-32 x 5/16 Setscrew","$3.59","Corner-Roller-4-707.pdf","8 @ Corner-Roller-4-707.pdf",""
"Level5","Corner Roller Body","7421","Corner Roller Body","N/A","Corner-Roller-4-707.pdf","9 @ Corner-Roller-4-707.pdf",""
"Level5","Swivel Coupling Pin","7199","Swivel Coupling Pin","$8.00","Corner-Roller-4-707.pdf","10 @ Corner-Roller-4-707.pdf",""
"Level5","Swivel Axle","7206","Swivel Axle","$11.24","Corner-Roller-4-707.pdf","11 @ Corner-Roller-4-707.pdf",""
"Level5","Swivel Assembly","7204","Swivel Assembly","$30.00","Corner-Roller-4-707.pdf","12 @ Corner-Roller-4-707.pdf",""
"Level5","Coupling","7205","Coupling","$45.00","Corner-Roller-4-707.pdf","13 @ Corner-Roller-4-707.pdf",""
"Level5","NS Left Side Plate","7940","NS Left Side Plate","$40.00","4-754-4-755-N.Spotter-Final.pdf","7 @ 4-754-4-755-N.Spotter-Final.pdf",""
"Level5","2in NS Rubber Shim","7941","2in NS Rubber Shim","$3.00","4-754-4-755-N.Spotter-Final.pdf","8 @ 4-754-4-755-N.Spotter-Final.pdf",""
"Level5","3in NS Rubber Shim","7942","3in NS Rubber Shim","$3.25","4-754-4-755-N.Spotter-Final.pdf","9 @ 4-754-4-755-N.Spotter-Final.pdf",""
"Level5","NS Spring Anchor","7943","NS Spring Anchor","$4.00","4-754-4-755-N.Spotter-Final.pdf","10 @ 4-754-4-755-N.Spotter-Final.pdf",""
"Level5","NS Rubber Tire","7944","NS Rubber Tire","$4.49","4-754-4-755-N.Spotter-Final.pdf","11 @ 4-754-4-755-N.Spotter-Final.pdf",""
"Level5","NS Wheel","7945","NS Wheel","$3.14","4-754-4-755-N.Spotter-Final.pdf","12 @ 4-754-4-755-N.Spotter-Final.pdf",""
"Level5","2in NS Kick Plate","7946","2in NS Kick Plate","$5.00","4-754-4-755-N.Spotter-Final.pdf","13 @ 4-754-4-755-N.Spotter-Final.pdf",""
"Level5","3in NS Kick Plate","7947","3in NS Kick Plate","$5.00","4-754-4-755-N.Spotter-Final.pdf","14 @ 4-754-4-755-N.Spotter-Final.pdf",""
"Level5","2in NS Wheel Axle","7948","2in NS Wheel Axle","$7.50","4-754-4-755-N.Spotter-Final.pdf","15 @ 4-754-4-755-N.Spotter-Final.pdf",""
"Level5","3in NS Wheel Axle","7949","3in NS Wheel Axle","$11.69","4-754-4-755-N.Spotter-Final.pdf","16 @ 4-754-4-755-N.Spotter-Final.pdf",""
"Level5","2in NS Bottom Plate","7950","2in NS Bottom Plate","$16.00","4-754-4-755-N.Spotter-Final.pdf","17 @ 4-754-4-755-N.Spotter-Final.pdf",""
"Level5","3in NS Bottom Plate","7951","3in NS Bottom Plate","$23.00","4-754-4-755-N.Spotter-Final.pdf","18 @ 4-754-4-755-N.Spotter-Final.pdf",""
"Level5","Nail Spotter Washer","7952","Nail Spotter Washer","$1.79","4-754-4-755-N.Spotter-Final.pdf","19 @ 4-754-4-755-N.Spotter-Final.pdf",""
"Level5","2in NS Pressure Plate","7953","2in NS Pressure Plate","$20.00","4-754-4-755-N.Spotter-Final.pdf","20 @ 4-754-4-755-N.Spotter-Final.pdf",""
"Level5","3in NS Pressure Plate","7954","3in NS Pressure Plate","$25.00","4-754-4-755-N.Spotter-Final.pdf","21 @ 4-754-4-755-N.Spotter-Final.pdf",""
"Level5","NS Flat Plastic Washer","7955","NS Flat Plastic Washer","$1.79","4-754-4-755-N.Spotter-Final.pdf","22 @ 4-754-4-755-N.Spotter-Final.pdf",""
"Level5","Nail Spotter Pivot","7956","Nail Spotter Pivot","$10.00","4-754-4-755-N.Spotter-Final.pdf","23 @ 4-754-4-755-N.Spotter-Final.pdf",""
"Level5","NS Right Side Plate","7957","NS Right Side Plate","$40.00","4-754-4-755-N.Spotter-Final.pdf","24 @ 4-754-4-755-N.Spotter-Final.pdf",""
"Level5","Nail Spotter Screw","7958","Nail Spotter Screw","$1.79","4-754-4-755-N.Spotter-Final.pdf","25 @ 4-754-4-755-N.Spotter-Final.pdf",""
"Level5","NS Handle Attachment","7959","NS Handle Attachment","$69.29","4-754-4-755-N.Spotter-Final.pdf","26 @ 4-754-4-755-N.Spotter-Final.pdf",""
"Level5","Nail Spotter Screw","7960","Nail Spotter Screw","$2.69","4-754-4-755-N.Spotter-Final.pdf","27 @ 4-754-4-755-N.Spotter-Final.pdf",""
"Level5","NS Clamp Roll PIn","7961","NS Clamp Roll PIn","$5.84","4-754-4-755-N.Spotter-Final.pdf","28 @ 4-754-4-755-N.Spotter-Final.pdf",""
"Level5","NS Thumb Screw","7962","NS Thumb Screw","$12.59","4-754-4-755-N.Spotter-Final.pdf","29 @ 4-754-4-755-N.Spotter-Final.pdf",""
"Level5","NS Tension Clamp","7963","NS Tension Clamp","$16.64","4-754-4-755-N.Spotter-Final.pdf","30 @ 4-754-4-755-N.Spotter-Final.pdf",""
"Level5","NS Attachment Arms","7964","NS Attachment Arms","$5.84","4-754-4-755-N.Spotter-Final.pdf","31 @ 4-754-4-755-N.Spotter-Final.pdf",""
"Level5","NS Spring","7965","NS Spring","$5.84","4-754-4-755-N.Spotter-Final.pdf","32 @ 4-754-4-755-N.Spotter-Final.pdf",""
"Level5","2in NS Gasket","7966","2in NS Gasket","$54.44","4-754-4-755-N.Spotter-Final.pdf","33 @ 4-754-4-755-N.Spotter-Final.pdf",""
"Level5","3in NS Gasket","7967","3in NS Gasket","$67.94","4-754-4-755-N.Spotter-Final.pdf","34 @ 4-754-4-755-N.Spotter-Final.pdf",""
"Level5","NS Plastic Washer","7968","NS Plastic Washer","$1.00","4-754-4-755-N.Spotter-Final.pdf","35 @ 4-754-4-755-N.Spotter-Final.pdf",""
"Level5","2in NS Blade Bracket","7969","2in NS Blade Bracket","$5.00","4-754-4-755-N.Spotter-Final.pdf","36 @ 4-754-4-755-N.Spotter-Final.pdf",""
"Level5","3in NS Blade Bracket","7970","3in NS Blade Bracket","$5.50","4-754-4-755-N.Spotter-Final.pdf","37 @ 4-754-4-755-N.Spotter-Final.pdf",""
"Level5","2in NS Blade","7971","2in NS Blade","$34.19","4-754-4-755-N.Spotter-Final.pdf","38 @ 4-754-4-755-N.Spotter-Final.pdf",""
"Level5","3in NS Blade","7972","3in NS Blade","$40.94","4-754-4-755-N.Spotter-Final.pdf","39 @ 4-754-4-755-N.Spotter-Final.pdf",""
"Level5","2in NS Facing","7973","2in NS Facing","$15.00","4-754-4-755-N.Spotter-Final.pdf","40 @ 4-754-4-755-N.Spotter-Final.pdf",""
"Level5","3in NS Facing","7974","3in NS Facing","$20.00","4-754-4-755-N.Spotter-Final.pdf","41 @ 4-754-4-755-N.Spotter-Final.pdf",""
"Level5","2in NS Front Plate","7975","2in NS Front Plate","$15.00","4-754-4-755-N.Spotter-Final.pdf","42 @ 4-754-4-755-N.Spotter-Final.pdf",""
"Level5","3in NS Front Plate","7976","3in NS Front Plate","$17.00","4-754-4-755-N.Spotter-Final.pdf","43 @ 4-754-4-755-N.Spotter-Final.pdf",""
"Level5","NS Screw #39","7977","NS Screw #39","$1.00","4-754-4-755-N.Spotter-Final.pdf","44 @ 4-754-4-755-N.Spotter-Final.pdf",""
"Level5","4-40 x 3/8 FH Screw","7628","4-40 x 3/8 FH Screw","$1.00","2-inch-Nail-Spotter-4-754-old-style.pdf","1 @ 2-inch-Nail-Spotter-4-754-old-style.pdf",""
"Level5","Special Rivet","7306","Special Rivet","$4.00","2-inch-Nail-Spotter-4-754-old-style.pdf","2 @ 2-inch-Nail-Spotter-4-754-old-style.pdf",""
"Level5","4-40 x 1/2 FH Screw, SST","7292","4-40 x 1/2 FH Screw, SST","$1.00","2-inch-Nail-Spotter-4-754-old-style.pdf","3 @ 2-inch-Nail-Spotter-4-754-old-style.pdf",""
"Level5","Skid","7291","Skid","$9.00","2-inch-Nail-Spotter-4-754-old-style.pdf","4 @ 2-inch-Nail-Spotter-4-754-old-style.pdf",""
"Level5","Nut Block","7849","Nut Block","$3.00","2-inch-Nail-Spotter-4-754-old-style.pdf","6 @ 2-inch-Nail-Spotter-4-754-old-style.pdf",""
"Level5","2in Body Assembly","7851","2in Body Assembly","$75.00","2-inch-Nail-Spotter-4-754-old-style.pdf","7 @ 2-inch-Nail-Spotter-4-754-old-style.pdf",""
"Level5","2in Hinge Block","7726","2in Hinge Block","$21.00","2-inch-Nail-Spotter-4-754-old-style.pdf","9 @ 2-inch-Nail-Spotter-4-754-old-style.pdf",""
"Level5","Triangle Washer","7464","Triangle Washer","$1.00","2-inch-Nail-Spotter-4-754-old-style.pdf","16 @ 2-inch-Nail-Spotter-4-754-old-style.pdf",""
"Level5","Special Washer","7317","Special Washer","$5.00","2-inch-Nail-Spotter-4-754-old-style.pdf","17 @ 2-inch-Nail-Spotter-4-754-old-style.pdf",""
"Level5","#10 Plastic Washer","7299","#10 Plastic Washer","$3.00","2-inch-Nail-Spotter-4-754-old-style.pdf","18 @ 2-inch-Nail-Spotter-4-754-old-style.pdf",""
"Level5","Connector","7302","Connector","$4.00","2-inch-Nail-Spotter-4-754-old-style.pdf","20 @ 2-inch-Nail-Spotter-4-754-old-style.pdf",""
"Level5","Pressure Plate Tab","7850","Pressure Plate Tab","$4.00","2-inch-Nail-Spotter-4-754-old-style.pdf","22 @ 2-inch-Nail-Spotter-4-754-old-style.pdf",""
"Level5","10-32 X 5/8 RHMS","7642","10-32 X 5/8 RHMS","$1.00","2-inch-Nail-Spotter-4-754-old-style.pdf","23 @ 2-inch-Nail-Spotter-4-754-old-style.pdf",""
"Level5","2in Insert","7728","2in Insert","$4.00","2-inch-Nail-Spotter-4-754-old-style.pdf","25 @ 2-inch-Nail-Spotter-4-754-old-style.pdf",""
"Level5","Spring","7303","Spring","$7.19","2-inch-Nail-Spotter-4-754-old-style.pdf","26 @ 2-inch-Nail-Spotter-4-754-old-style.pdf",""
"Level5","2in Wiper","7727","2in Wiper","$23.39","2-inch-Nail-Spotter-4-754-old-style.pdf","27 @ 2-inch-Nail-Spotter-4-754-old-style.pdf",""
"Level5","Adjustable Stop","7310","Adjustable Stop","$4.00","2-inch-Nail-Spotter-4-754-old-style.pdf","28 @ 2-inch-Nail-Spotter-4-754-old-style.pdf",""
"Level5","Serrated Hex Flange Nut","8179","Serrated Hex Flange Nut","$1.00","2-inch-Nail-Spotter-4-754-old-style.pdf","29 @ 2-inch-Nail-Spotter-4-754-old-style.pdf",""
"Level5","2in Nail Spotter Blade","7290","2in Nail Spotter Blade","$16.64","2-inch-Nail-Spotter-4-754-old-style.pdf","30 @ 2-inch-Nail-Spotter-4-754-old-style.pdf",""
"Level5","Blade Clamp Assembly","7311","Blade Clamp Assembly","$32.00","2-inch-Nail-Spotter-4-754-old-style.pdf","31 @ 2-inch-Nail-Spotter-4-754-old-style.pdf",""
"Level5","6-32 x 1/8 RH Screw, SST","7295","6-32 x 1/8 RH Screw, SST","$1.00","2-inch-Nail-Spotter-4-754-old-style.pdf","32 @ 2-inch-Nail-Spotter-4-754-old-style.pdf",""
"Level5","2in Facing","7725","2in Facing","$14.00","2-inch-Nail-Spotter-4-754-old-style.pdf","33 @ 2-inch-Nail-Spotter-4-754-old-style.pdf",""
"Level5","2in Press Plate Assembly","7729","2in Press Plate Assembly","$90.00","2-inch-Nail-Spotter-4-754-old-style.pdf","34 @ 2-inch-Nail-Spotter-4-754-old-style.pdf",""
"Level5","Cone Assembly w/Ball","7910","Cone Assembly w/Ball","$81.44","4-741-Tube.pdf","1 @ 4-741-Tube.pdf",""
"Level5","Cone O'Ring","7911","Cone O'Ring","$3.14","4-741-Tube.pdf","2 @ 4-741-Tube.pdf",""
"Level5","Screw (#3)","7912","Screw (#3)","$1.79","4-741-Tube.pdf","3 @ 4-741-Tube.pdf",""
"Level5","Metal Band","7913","Metal Band","$16.64","4-741-Tube.pdf","4 @ 4-741-Tube.pdf",""
"Level5","Latch","7914","Latch","$12.00","4-741-Tube.pdf","5 @ 4-741-Tube.pdf",""
"Level5","Screw (#6)","7915","Screw (#6)","$1.00","4-741-Tube.pdf","6 @ 4-741-Tube.pdf; 8 @ 4-741-Tube.pdf",""
"Level5","Band Connector","7916","Band Connector","$12.00","4-741-Tube.pdf","7 @ 4-741-Tube.pdf",""
"Level5","Outer Tube","7917","Outer Tube","$115.00","4-741-Tube.pdf","9 @ 4-741-Tube.pdf",""
"Level5","Stopper O'Ring","7918","Stopper O'Ring","$5.84","4-741-Tube.pdf","10 @ 4-741-Tube.pdf",""
"Level5","Bottm Cap","7919","Bottm Cap","$17.00","4-741-Tube.pdf","11 @ 4-741-Tube.pdf",""
"Level5","Plunger Cup Bolt","7920","Plunger Cup Bolt","$4.00","4-741-Tube.pdf","12 @ 4-741-Tube.pdf",""
"Level5","Metal Washer","7921","Metal Washer","$3.00","4-741-Tube.pdf","13 @ 4-741-Tube.pdf",""
"Level5","Plunger Cup","7922","Plunger Cup","$16.64","4-741-Tube.pdf","14 @ 4-741-Tube.pdf",""
"Level5","Plastic Plunger","7923","Plastic Plunger","$10.00","4-741-Tube.pdf","15 @ 4-741-Tube.pdf",""
"Level5","Plunger Cup Base","7924","Plunger Cup Base","$12.00","4-741-Tube.pdf","16 @ 4-741-Tube.pdf",""
"Level5","Red Plunger Tube","7925","Red Plunger Tube","$50.00","4-741-Tube.pdf","17 @ 4-741-Tube.pdf",""
"Level5","Foam Stopper","7926","Foam Stopper","$3.00","4-741-Tube.pdf","18 @ 4-741-Tube.pdf",""
"Level5","Screw (#19)","7927","Screw (#19)","$1.00","4-741-Tube.pdf","19 @ 4-741-Tube.pdf",""
"Level5","Spade Handle","7928","Spade Handle","$45.00","4-741-Tube.pdf","20 @ 4-741-Tube.pdf",""
"TapeTech","10"" BOX BLADE 10 PACK - 250001-10","250001-10","10"" BOX BLADE 10 PACK","N/A","","","https://cdn11.bigcommerce.com/s-dbb3r9a7se/images/stencil/1280w/products/4653/6236/80001B05-1682525447-114629__96773.1757535703.png; https://www.alstapingtools.com/10-box-blade-10-pack-250001-10/"
"TapeTech","12"" Stainless Steel Drywall Flat Box Blades - 10 Pack - 300001-10","300001-10","12"" Stainless Steel Drywall Flat Box Blades - 10 Pack - NEW This 10-pack of 12"" stainless steel flat box blades is designed to fit most major flat box brands. Each blade features buffed edges on both ends, allowing you to flip the blade once for extended use before replacement—helping you get maximum life out of every blade.","N/A","","","https://cdn11.bigcommerce.com/s-dbb3r9a7se/images/stencil/1280w/products/4652/6235/8000108E-1519623869-114629__72088.1757535559.png; https://www.alstapingtools.com/12-stainless-steel-drywall-flat-box-blades-10-pack-300001-10/"
"TapeTech","Taper Tube Non-Oem - 056248","56248","","N/A","","","https://cdn11.bigcommerce.com/s-dbb3r9a7se/stencil/382d9e80-277d-013e-e48e-4a4f5670f649/e/04e821c0-e5dd-013e-f544-2ec1a3f21564/img/ProductDefault.svg; https://www.alstapingtools.com/taper-tube-non-oem-056248/"
"TapeTech","Flanged Bearing (Long Hub) - 051151","51151","","N/A","","","https://cdn11.bigcommerce.com/s-dbb3r9a7se/stencil/382d9e80-277d-013e-e48e-4a4f5670f649/e/04e821c0-e5dd-013e-f544-2ec1a3f21564/img/ProductDefault.svg; https://www.alstapingtools.com/flanged-bearing-long-hub-051151/"
"TapeTech","200769 - Latch","200769","","N/A","","","https://cdn11.bigcommerce.com/s-dbb3r9a7se/stencil/382d9e80-277d-013e-e48e-4a4f5670f649/e/04e821c0-e5dd-013e-f544-2ec1a3f21564/img/ProductDefault.svg; https://www.alstapingtools.com/200769-latch/"
"TapeTech","200713 - Dial Post","200713","","N/A","","","https://cdn11.bigcommerce.com/s-dbb3r9a7se/stencil/382d9e80-277d-013e-e48e-4a4f5670f649/e/04e821c0-e5dd-013e-f544-2ec1a3f21564/img/ProductDefault.svg; https://www.alstapingtools.com/200713-dial-post/"
"TapeTech","159014 - Repair Washer","159014","","N/A","","","https://cdn11.bigcommerce.com/s-dbb3r9a7se/stencil/382d9e80-277d-013e-e48e-4a4f5670f649/e/04e821c0-e5dd-013e-f544-2ec1a3f21564/img/ProductDefault.svg; https://www.alstapingtools.com/159014-repair-washer/"
"TapeTech","Plunger Stop Locking Strap - 050403","50403","","N/A","","","https://cdn11.bigcommerce.com/s-dbb3r9a7se/stencil/382d9e80-277d-013e-e48e-4a4f5670f649/e/04e821c0-e5dd-013e-f544-2ec1a3f21564/img/ProductDefault.svg; https://www.alstapingtools.com/plunger-stop-locking-strap-050403/"
"TapeTech","Plunger Roller - 050259","50259","","N/A","","","https://cdn11.bigcommerce.com/s-dbb3r9a7se/stencil/382d9e80-277d-013e-e48e-4a4f5670f649/e/04e821c0-e5dd-013e-f544-2ec1a3f21564/img/ProductDefault.svg; https://www.alstapingtools.com/plunger-roller-050259/"
"TapeTech","Flat Box Wheel Repair Kit - Black","502CN-BLACK","The drywall Flat Box Wheel Repair Kit will fit most brands of boxes.  This kit comes with everything you need to replace your wheels. Will fit Drywall Master, Columbia, NorthStar, Concord, and pre-2016 Tape Tech flat boxes. 2 - Nyliner Bearing 2 - Shoulder Screws 2 - #10 Brass Washers 2 - ""O"" Ring 2 - Box Wheels","N/A","","","https://cdn11.bigcommerce.com/s-dbb3r9a7se/images/stencil/1280w/products/3421/4665/httpwww.alstapingtools.comimagesproductsdetail502cnblack1__44839.1675191944.jpg | https://cdn11.bigcommerce.com/s-dbb3r9a7se/images/stencil/1280w/products/3421/3385/hqdefault_18_13__74971.1675191926.jpg; https://www.alstapingtools.com/flat-box-wheel-repair-kit-black/"
"TapeTech","TapeTech Taper Cable Repair Tool","RTTC-TT","TapeTech Taper Cable Repair Tool RTTC-TT The TapeTech Taper Cable repair Tool is designed to easily fit in your tool box or tool bag and is the correct length for quickly pushing the plunger without damaging the main taper tube. This tool is a must-have to reduce downtime due to worn or broken cables. Stop wasting time looking around your garage or job site and get the right tool for the job.","N/A","","","https://cdn11.bigcommerce.com/s-dbb3r9a7se/images/stencil/1280w/products/665/3764/0002063__60330.1675191931.jpg | https://cdn11.bigcommerce.com/s-dbb3r9a7se/images/stencil/1280w/products/665/4090/0002066__45534.1675191936.jpg | https://cdn11.bigcommerce.com/s-dbb3r9a7se/images/stencil/1280w/products/665/4272/0002065__93862.1675191938.jpg; https://www.alstapingtools.com/tapetech-taper-cable-repair-tool/"
"TapeTech","TapeTech Tool Maintenance Kit","TMK01TT","TapeTech Tool Maintenance Kit TapeTech offers the first and only Tool Maintenance Kit for Automatic Taping and Finishing Tools . The 12-piece kit contains the most common size-specific tools required to perform routine maintenance or advanced repair. The Kit includes Nut Drivers, T-Handle Allen Keys, and custom feeler gauges for calibrating the blades on finishing boxes and corner finishers. The Kit includes a custom, foam-lined case to keep the tools organized and protected during storage or transport. Stop looking high and low for the right-sized tools when you need them. Whether you own or rent Automatic Taping & Finishing Tools, the TapeTech Tool Maintenance Kit is a must-have for all professional drywall finishers.","N/A","","","https://cdn11.bigcommerce.com/s-dbb3r9a7se/images/stencil/1280w/products/646/1759/0002053__46356.1675191903.jpg | https://cdn11.bigcommerce.com/s-dbb3r9a7se/images/stencil/1280w/products/646/928/0002055__58584.1675191891.jpg | https://cdn11.bigcommerce.com/s-dbb3r9a7se/images/stencil/1280w/products/646/1550/0002061__35522.1675191900.jpg | https://cdn11.bigcommerce.com/s-dbb3r9a7se/images/stencil/1280w/products/646/800/0002059__91363.1675191889.jpg | https://cdn11.bigcommerce.com/s-dbb3r9a7se/images/stencil/1280w/products/646/1442/0002057__83921.1675191898.jpg; https://www.alstapingtools.com/tapetech-tool-maintenance-kit/"
"TapeTech","Taper Cleaning Nozzle Adapter","CNA-TT","The TapeTech Cleaning Nozzle Adapter makes cleaning the head of the Automatic Taper easy. The Adapter securely threads on to the Spray Nozzle and fits over the filler valve of the Automatic Taper to thoroughly clean the valve and the head without soaking the user. The Adapter can also be used to quickly clean the filler valve on the MudRunner® or Corner Applicators. Pistol grip nozzles sold separately.","N/A","","","https://cdn11.bigcommerce.com/s-dbb3r9a7se/images/stencil/1280w/products/603/2998/0002071__45320.1675191920.jpg | https://cdn11.bigcommerce.com/s-dbb3r9a7se/images/stencil/1280w/products/603/1973/0001983__65736.1675191906.jpg | https://cdn11.bigcommerce.com/s-dbb3r9a7se/images/stencil/1280w/products/603/2456/0001982__83702.1675191913.jpg; https://www.alstapingtools.com/taper-cleaning-nozzle-adapter/"
"TapeTech","Automatic Drywall Taper Stainless Steel Cutter Pyramid Blade - 10 Pack","050133-10PC","Stainless Steel Pyramid Cutter Blade will fit almost all brands of automatic tapers.  These are not the poor quality blades sold by our competitors that rust and dull easily. These Stainless Blades Fit: TapeTech Ames Bazooka Columbia Drywall Master NorthStar TapeMaster Premier BlueLine USA Concorde G2 Level5 Goldblatt TapePro","N/A","","","https://cdn11.bigcommerce.com/s-dbb3r9a7se/images/stencil/1280w/products/528/1740/bazooka_blade_10__07644.1675191903.jpg; https://www.alstapingtools.com/automatic-drywall-taper-stainless-steel-cutter-pyramid-blade-10-pack/"
"TapeTech","720066 - O-Ring Enclosure","720066F","","N/A","","","https://cdn11.bigcommerce.com/s-dbb3r9a7se/images/stencil/1280w/products/3664/2717/720066f__24678.1675191917.jpg; https://www.alstapingtools.com/720066-o-ring-enclosure/"
"TapeTech","700011 - Foot Valve","700011F","Foot Valve for TapeTech Easy Clean Loading Pump.","N/A","","","https://cdn11.bigcommerce.com/s-dbb3r9a7se/images/stencil/1280w/products/3654/2002/700011f__59589.1675191906.jpg; https://www.alstapingtools.com/700011-foot-valve/"
"TapeTech","700029 - Bushing Liner","700029","BUSHING LINER FOR EASYCLEAN LOADING PUMP","N/A","","","https://cdn11.bigcommerce.com/s-dbb3r9a7se/images/stencil/1280w/products/3650/1712/700029__28491.1675191902.jpg; https://www.alstapingtools.com/700029-bushing-liner/"
"TapeTech","709027 - 3/8-16 Thin Nylock Nut","709027","3/8-16 Thin Nylock Nut is used to attach the piston cup to the piston shaft.","N/A","","","https://cdn11.bigcommerce.com/s-dbb3r9a7se/images/stencil/1280w/products/3647/1652/709027__44414.1675191901.jpg; https://www.alstapingtools.com/709027-3-8-16-thin-nylock-nut/"
"TapeTech","700010F - Valve Disc","700010F","Vavle discs are a common wear part.  If your pump suddenly stoped pumping mud, this is most likely your problem part.","N/A","","","https://cdn11.bigcommerce.com/s-dbb3r9a7se/images/stencil/1280w/products/3640/1118/700010f__71244.1675191894.jpg; https://www.alstapingtools.com/700010f-valve-disc/"
"TapeTech","720003G - Ez Clean Pump Tube","720003G","","N/A","","","https://cdn11.bigcommerce.com/s-dbb3r9a7se/images/stencil/1280w/products/3626/3116/720003g__55097.1675191922.jpg; https://www.alstapingtools.com/720003g-ez-clean-pump-tube/"
"TapeTech","Automatic Drywall Taper Repair Kit (501A)","501A","For Repair or Maintenance of Drywall Master, TapeTech (05TT) and new style Columbia automatic tapers with adjustable brake roller.","N/A","","","https://cdn11.bigcommerce.com/s-dbb3r9a7se/images/stencil/1280w/products/3624/2475/httpwww.alstapingtools.comimagesproductsdetail501a_taper_repair_kit__22677.1675191913.jpg; https://www.alstapingtools.com/automatic-drywall-taper-repair-kit-501a/"
"TapeTech","889051 - 6-32 X 1/2 Pan Head Screw","889051","","N/A","","","https://cdn11.bigcommerce.com/s-dbb3r9a7se/images/stencil/1280w/products/3623/2591/059210_2__95050.1675191915.jpg; https://www.alstapingtools.com/889051-6-32-x-1-2-pan-head-screw/"
"TapeTech","TapeTech Pump Rebuild Kit - 502H","502H","TapeTech Drywall Loading Pump Rebuild Kit 502H Includes: 1-Piston Cup 1-Top Roll up Bushing 1-U-cup 2-Piston Disc Fits TapeTech, Level5 and Drywall Master Loading Pumps.","N/A","","","https://cdn11.bigcommerce.com/s-dbb3r9a7se/images/stencil/1280w/products/3614/3922/httpwww.alstapingtools.comimagesproductsdetail502h_pump_repair_kit__25334.1675191933.jpg; https://www.alstapingtools.com/tapetech-pump-rebuild-kit-502h/"
"TapeTech","700026 - TapeTech Pump Tube","700026","","N/A","","","https://cdn11.bigcommerce.com/s-dbb3r9a7se/stencil/382d9e80-277d-013e-e48e-4a4f5670f649/e/04e821c0-e5dd-013e-f544-2ec1a3f21564/img/ProductDefault.svg; https://www.alstapingtools.com/700026-tapetech-pump-tube/"
"TapeTech","889048 - 1/4 X 5/8 Flat Washer","889048","","N/A","","","https://cdn11.bigcommerce.com/s-dbb3r9a7se/images/stencil/1280w/products/3602/4372/tw_washer_1__12512.1675191940.jpg; https://www.alstapingtools.com/889048-1-4-x-5-8-flat-washer/"
"TapeTech","706020 - TapeTech Pump Foot Bracket","706020F","BRACKET, FOOT UNIVERSAL FOR EASYCLEAN LOADING PUMP","N/A","","","https://cdn11.bigcommerce.com/s-dbb3r9a7se/images/stencil/1280w/products/3600/1059/706020f__06440.1675191893.jpg; https://www.alstapingtools.com/706020-tapetech-pump-foot-bracket/"
"TapeTech","Drip Guard - 050011","050011F","","N/A","","","https://cdn11.bigcommerce.com/s-dbb3r9a7se/images/stencil/1280w/products/3590/385/httpwww.alstapingtools.comimagesproductsthumb050011f__03331.1675191883.jpg | https://cdn11.bigcommerce.com/s-dbb3r9a7se/images/stencil/1280w/products/3590/545/httpwww.alstapingtools.comimagesproductsdetail050011f__23911.1675191886.jpg | https://cdn11.bigcommerce.com/s-dbb3r9a7se/images/stencil/1280w/products/3590/1127/httpwww.alstapingtools.comimagesproductsdisplay050011f__12305.1675191894.jpg; https://www.alstapingtools.com/drip-guard-050011/"
"TapeTech","700004 - Gland","700004F","","N/A","","","https://cdn11.bigcommerce.com/s-dbb3r9a7se/images/stencil/1280w/products/3588/1027/700004f__31312.1675191893.jpg; https://www.alstapingtools.com/700004-gland/"
"TapeTech","700002 - Piston Rod","700002F","PISTON ROD FOR EASYCLEAN LOADING PUMP","N/A","","","https://cdn11.bigcommerce.com/s-dbb3r9a7se/images/stencil/1280w/products/3577/3682/700002f__01725.1675191930.jpg; https://www.alstapingtools.com/700002-piston-rod/"
"TapeTech","709023 - 5/16-18x7/8 Hex Hd Capscrew","709023","CAP HEX 5/16-18 X 7/8"" FOR EASYCLEAN LOADING PUMP","N/A","","","https://cdn11.bigcommerce.com/s-dbb3r9a7se/images/stencil/1280w/products/3570/725/709023-5-16-18x7-8-hex-hd-capscrew-min_50__24232.1675191889.jpg; https://www.alstapingtools.com/709023-5-16-18x7-8-hex-hd-capscrew/"
"TapeTech","SPRING HOLDER","050009F","SPRING HOLDER FOR AUTOMATIC TAPER","N/A","","","https://cdn11.bigcommerce.com/s-dbb3r9a7se/images/stencil/1280w/products/3547/2088/httpwww.alstapingtools.comimagesproductsdetail050009f__19763.1675191908.jpg | https://cdn11.bigcommerce.com/s-dbb3r9a7se/images/stencil/1280w/products/3547/2601/httpwww.alstapingtools.comimagesproductsdisplay050009f__04698.1675191915.jpg | https://cdn11.bigcommerce.com/s-dbb3r9a7se/images/stencil/1280w/products/3547/3093/httpwww.alstapingtools.comimagesproductsthumb050009f__31354.1675191922.jpg; https://www.alstapingtools.com/spring-holder/"
"TapeTech","700008 - Large Retainer","700008","RETAINER, LARGE FOR EASYCLEAN LOADING PUMP","N/A","","","https://cdn11.bigcommerce.com/s-dbb3r9a7se/images/stencil/1280w/products/3546/880/700008_1__24793.1675191891.jpg; https://www.alstapingtools.com/700008-large-retainer/"
"TapeTech","709017 - 10-32 X 3/8 Fill. Hd Screw","709017","","N/A","","","https://cdn11.bigcommerce.com/s-dbb3r9a7se/images/stencil/1280w/products/3524/2580/709017__72622.1675191915.jpg; https://www.alstapingtools.com/709017-10-32-x-3-8-fill-hd-screw/"
"TapeTech","880003 - Tube Lever Bracket","880003","","N/A","","","https://cdn11.bigcommerce.com/s-dbb3r9a7se/stencil/382d9e80-277d-013e-e48e-4a4f5670f649/e/04e821c0-e5dd-013e-f544-2ec1a3f21564/img/ProductDefault.svg; https://www.alstapingtools.com/880003-tube-lever-bracket/"
"TapeTech","TapeTech Pump Wear Parts Kit - 501H","501H","For Repair or Maintenance of the TapeTech 72TT or 73TT Pumps","N/A","","","https://cdn11.bigcommerce.com/s-dbb3r9a7se/images/stencil/1280w/products/3502/4636/httpwww.alstapingtools.comimagesproductsdetail0000286__81512.1675191943.jpg; https://www.alstapingtools.com/tapetech-pump-wear-parts-kit-501h/"
"TapeTech","709012 - Special Washer","709012","WASHER FOR EASYCLEAN LOADING PUMP","N/A","","","https://cdn11.bigcommerce.com/s-dbb3r9a7se/images/stencil/1280w/products/3489/1970/709012__76390.1675191906.jpg; https://www.alstapingtools.com/709012-special-washer/"
"TapeTech","700005 - U-Cup","700005","Replacement TapeTech U-Cup - 700005","N/A","","","https://cdn11.bigcommerce.com/s-dbb3r9a7se/images/stencil/1280w/products/3482/4910/700005__58671.1675191947.jpg; https://www.alstapingtools.com/700005-u-cup/"
"TapeTech","861014 - Gooseneck Spacer","861014","","N/A","","","https://cdn11.bigcommerce.com/s-dbb3r9a7se/stencil/382d9e80-277d-013e-e48e-4a4f5670f649/e/04e821c0-e5dd-013e-f544-2ec1a3f21564/img/ProductDefault.svg; https://www.alstapingtools.com/861014-gooseneck-spacer/"
"TapeTech","400023 - Ball Retainer","400023F","","N/A","","","https://cdn11.bigcommerce.com/s-dbb3r9a7se/images/stencil/1280w/products/3477/906/400023f__99726.1675191891.jpg; https://www.alstapingtools.com/400023-ball-retainer/"
"TapeTech","709055 - 10-24x7/8 Rd Hd Sst Screw","709055","ROUND 10-24 X 7/8"" FOR EASYCLEAN LOADING PUMP","N/A","","","https://cdn11.bigcommerce.com/s-dbb3r9a7se/images/stencil/1280w/products/3456/3344/709055__71993.1675191925.jpg; https://www.alstapingtools.com/709055-10-24x7-8-rd-hd-sst-screw/"
"TapeTech","Cutter Block Clamp - 050137","050137F","Cutter Block Clamp for Automatic Taper # 050137F","N/A","","","https://cdn11.bigcommerce.com/s-dbb3r9a7se/images/stencil/1280w/products/3448/2265/050137-cutter-block-clamp_clean___35900.1675191910.jpg; https://www.alstapingtools.com/cutter-block-clamp-050137/"
"TapeTech","819038 - Grip Adjuster Spring","819038","819038 - Grip Adjuster Spring for TapeTech Extender Handle","N/A","","","https://cdn11.bigcommerce.com/s-dbb3r9a7se/images/stencil/1280w/products/3446/4456/819038__99695.1675191941.jpg; https://www.alstapingtools.com/819038-grip-adjuster-spring/"
"TapeTech","709007 - 5/16-24 Hex Nut","709007","NUT, HEX 5/16-24 FOR EASYCLEAN LOADING PUMP","N/A","","","https://cdn11.bigcommerce.com/s-dbb3r9a7se/images/stencil/1280w/products/3429/3312/709007__29793.1675191925.jpg; https://www.alstapingtools.com/709007-5-16-24-hex-nut/"
"TapeTech","811150 - 1/4 BRASS FLAT WASHER","811150","","N/A","","","https://cdn11.bigcommerce.com/s-dbb3r9a7se/images/stencil/1280w/products/3417/1951/httpwww.alstapingtools.comimagesproductsdetailwasher.2__07557.1675191906.jpg | https://cdn11.bigcommerce.com/s-dbb3r9a7se/images/stencil/1280w/products/3417/2518/httpwww.alstapingtools.comimagesproductsdisplaywasher.2__58667.1675191914.jpg | https://cdn11.bigcommerce.com/s-dbb3r9a7se/images/stencil/1280w/products/3417/2980/httpwww.alstapingtools.comimagesproductsthumbwasher.2__13930.1675191920.jpg; https://www.alstapingtools.com/811150-1-4-brass-flat-washer/"
"TapeTech","354003 - Filler Body Assembly","354003F","","N/A","","","https://cdn11.bigcommerce.com/s-dbb3r9a7se/images/stencil/1280w/products/3411/3064/354064f__87873.1675191921.jpg; https://www.alstapingtools.com/354003-filler-body-assembly/"
"TapeTech","709052 - 1/4-20 Elastic Thin Stopnut","709052","","N/A","","","https://cdn11.bigcommerce.com/s-dbb3r9a7se/images/stencil/1280w/products/3403/4345/709052__26870.1675191939.jpg; https://www.alstapingtools.com/709052-1-4-20-elastic-thin-stopnut/"
"TapeTech","882014 - Locking Clip","882014","882014 - Locking Clip for TapeTech Extender Handle","N/A","","","https://cdn11.bigcommerce.com/s-dbb3r9a7se/images/stencil/1280w/products/3402/2106/882014__90675.1675191908.jpg; https://www.alstapingtools.com/882014-locking-clip/"
"TapeTech","709006 - 1/4-20x5/8 Socket Hd Capscrew","709006","SCREW, CAP SOCKET 1/4-20 X 5/8 FOR EASYCLEAN LOADING PUMP","N/A","","","https://cdn11.bigcommerce.com/s-dbb3r9a7se/images/stencil/1280w/products/3392/1097/709006__27179.1675191894.jpg; https://www.alstapingtools.com/709006-1-4-20x5-8-socket-hd-capscrew/"
"TapeTech","700033 - Coarse Mesh Pump Screen","700033F","SCREEN, COARSE MESH (PLACED ON NEW PUMP) FOR EASYCLEAN LOADING PUMP","N/A","","","https://cdn11.bigcommerce.com/s-dbb3r9a7se/images/stencil/1280w/products/3387/5043/700033f__33973.1675191950.jpg; https://www.alstapingtools.com/700033-coarse-mesh-pump-screen/"
"TapeTech","729051 - 1/4-20 X 2 Hex Hd Capscrew","729051","","N/A","","","https://cdn11.bigcommerce.com/s-dbb3r9a7se/images/stencil/1280w/products/3385/2134/tw_ch_hex__66033.1675191908.jpg; https://www.alstapingtools.com/729051-1-4-20-x-2-hex-hd-capscrew/"
"TapeTech","700032 - Fine Mesh Screen","700032F","","N/A","","","https://cdn11.bigcommerce.com/s-dbb3r9a7se/images/stencil/1280w/products/3379/3533/700032f__29372.1675191928.jpg; https://www.alstapingtools.com/700032-fine-mesh-screen/"
"TapeTech","Trigger Bushing - 051262","051262F","","N/A","","","https://cdn11.bigcommerce.com/s-dbb3r9a7se/images/stencil/1280w/products/3376/2688/050594__50451.1675191916.jpg; https://www.alstapingtools.com/trigger-bushing-051262/"
"TapeTech","140009 - Mudrunner Control Tube","140009G","","N/A","","","https://cdn11.bigcommerce.com/s-dbb3r9a7se/images/stencil/1280w/products/3370/4928/140009g__24723.1675191948.jpg; https://www.alstapingtools.com/140009-mudrunner-control-tube/"
"TapeTech","COVER PLATE (NO LOGO) - 056055F","056055F","","N/A","","","https://cdn11.bigcommerce.com/s-dbb3r9a7se/images/stencil/1280w/products/3369/3352/level5_cover_plate1__27415.1675191925.jpg; https://www.alstapingtools.com/cover-plate-no-logo-056055f/"
"TapeTech","884003 - DISCONTINUED PART Handle Bracket w/ Bushing","884003B","Tapetech has Discontinued this part. TapeTech Extendable Handle Bracket w/ Bushing 884003B","N/A","","","https://cdn11.bigcommerce.com/s-dbb3r9a7se/images/stencil/1280w/products/3365/521/884003b__01843.1675191886.jpg; https://www.alstapingtools.com/884003-discontinued-part-handle-bracket-w-bushing/"
"TapeTech","Corner Roller Wheel Replacement Kit (old style roller wheels)","501RS","Old Style Angle Roller Wheel Kit. 4-Wheels 4-Wheel Bushings 4-""D"" Washers 4-Brass Washers 4- Bolts/Wheel Axel (1/4 x 20 thread) Fits TapeTech Columbia Goldblatt -G2 NorthStar Concorde Tape Master Drywall Master will NOT Fit TapeWorm, Premier or BlueLine","N/A","","","https://cdn11.bigcommerce.com/s-dbb3r9a7se/images/stencil/1280w/products/3364/5511/httpwww.alstapingtools.comimagesproductsdetailal_roller_wheel_kit__56055.1675191962.jpg; https://www.alstapingtools.com/corner-roller-wheel-replacement-kit-old-style-roller-wheels/"
"TapeTech","882001G - Xtender Handle Exterior Tube","882001G","","N/A","","","https://cdn11.bigcommerce.com/s-dbb3r9a7se/images/stencil/1280w/products/3352/2215/882001g__50592.1675191909.jpg; https://www.alstapingtools.com/882001g-xtender-handle-exterior-tube/"
"TapeTech","Tube Protector - 050251","050251F","","N/A","","","https://cdn11.bigcommerce.com/s-dbb3r9a7se/images/stencil/1280w/products/3351/2556/httpwww.alstapingtools.comimagesproductsdetail050251f__48903.1675191914.jpg; https://www.alstapingtools.com/tube-protector-050251/"
"TapeTech","709046 - Locator","709046","","N/A","","","https://cdn11.bigcommerce.com/s-dbb3r9a7se/images/stencil/1280w/products/3346/2340/709046__87793.1675191911.jpg; https://www.alstapingtools.com/709046-locator/"
"TapeTech","352002F - Valve Holder","352002F","","N/A","","","https://cdn11.bigcommerce.com/s-dbb3r9a7se/images/stencil/1280w/products/3321/2973/352002f__48260.1675191920.jpg; https://www.alstapingtools.com/352002f-valve-holder/"
"TapeTech","920002 - Handle Adapter","920002","","N/A","","","https://cdn11.bigcommerce.com/s-dbb3r9a7se/images/stencil/1280w/products/3313/4321/920002__87296.1675191939.jpg; https://www.alstapingtools.com/920002-handle-adapter/"
"TapeTech","Stub Shaft (Trigger) - 050243","050243F","","N/A","","","https://cdn11.bigcommerce.com/s-dbb3r9a7se/images/stencil/1280w/products/3305/1729/httpwww.alstapingtools.comimagesproductsdetail050243f__32102.1675191902.jpg; https://www.alstapingtools.com/stub-shaft-trigger-050243/"
"TapeTech","880042 - Rubber Grip Handle","880042","880042 - Rubber Grip for Xtender Handle","N/A","","","https://cdn11.bigcommerce.com/s-dbb3r9a7se/images/stencil/1280w/products/3276/1931/880042__89226.1675191905.jpg; https://www.alstapingtools.com/880042-rubber-grip-handle/"
"TapeTech","480015F - Stainless Steel Frame (Left)","480015","Stainless Steel Frame (Left) for TapeTech 3"" Angle Head.","N/A","","","https://cdn11.bigcommerce.com/s-dbb3r9a7se/images/stencil/1280w/products/3262/1719/480015f__88543.1675191902.jpg; https://www.alstapingtools.com/480015f-stainless-steel-frame-left/"
"TapeTech","Special Hex Band Nut - 050242","050242F","","N/A","","","https://cdn11.bigcommerce.com/s-dbb3r9a7se/images/stencil/1280w/products/3254/1887/httpwww.alstapingtools.comimagesproductsdetail050242f__07331.1675191905.jpg; https://www.alstapingtools.com/special-hex-band-nut-050242/"
"TapeTech","700049 - Pump Gasket","700049","TapeTech Replacement Pump Gasket","N/A","","","https://cdn11.bigcommerce.com/s-dbb3r9a7se/images/stencil/1280w/products/3247/3334/700049__47791.1675191925.jpg; https://www.alstapingtools.com/700049-pump-gasket/"
"TapeTech","LEVER INSERT  X- HANDLE BRAKE","880032","","N/A","","","https://cdn11.bigcommerce.com/s-dbb3r9a7se/stencil/382d9e80-277d-013e-e48e-4a4f5670f649/e/04e821c0-e5dd-013e-f544-2ec1a3f21564/img/ProductDefault.svg; https://www.alstapingtools.com/lever-insert-x-handle-brake/"
"TapeTech","Automatic Taper Replacement Cables - 3 Pack","054209-3","Theses cables are super strong.  They are the best cables available for your automatic taper.  Made with a higher strand count than standard cables.  This adds 25% more tensile strength for less breakage and downtime. Cables fit the following brands: TapeTech Columbia Drywall Master NorthStar TapeMaster Premier BlueLine USA Concorde G2 Level5 Goldblatt TapePro","N/A","","","https://cdn11.bigcommerce.com/s-dbb3r9a7se/images/stencil/1280w/products/3234/864/cable_3_pk__72418.1675191890.jpg; https://www.alstapingtools.com/automatic-taper-replacement-cables-3-pack/"
"TapeTech","PIVOT PLATE ASSEMBLY (GOLD)","304033G","","N/A","","","https://cdn11.bigcommerce.com/s-dbb3r9a7se/stencil/382d9e80-277d-013e-e48e-4a4f5670f649/e/04e821c0-e5dd-013e-f544-2ec1a3f21564/img/ProductDefault.svg; https://www.alstapingtools.com/pivot-plate-assembly-gold/"
"TapeTech","880007 - Rear Connecting Link","880007F","","N/A","","","https://cdn11.bigcommerce.com/s-dbb3r9a7se/stencil/382d9e80-277d-013e-e48e-4a4f5670f649/e/04e821c0-e5dd-013e-f544-2ec1a3f21564/img/ProductDefault.svg; https://www.alstapingtools.com/880007-rear-connecting-link/"
"TapeTech","882039 - Spring Housing","882039","TapeTech Replacement Spring Housing for Extendable Flat Box Handle","N/A","","","https://cdn11.bigcommerce.com/s-dbb3r9a7se/images/stencil/1280w/products/3217/5023/882039__69353.1675191949.jpg; https://www.alstapingtools.com/882039-spring-housing/"
"TapeTech","700045 - Retainer","700045","RETAINER FOR EASYCLEAN LOADING PUMP","N/A","","","https://cdn11.bigcommerce.com/s-dbb3r9a7se/images/stencil/1280w/products/3213/2515/700045__12705.1675191914.jpg; https://www.alstapingtools.com/700045-retainer/"
"TapeTech","880038 - Connecting Rod","880038","","N/A","","","https://cdn11.bigcommerce.com/s-dbb3r9a7se/images/stencil/1280w/products/3203/4275/880038__27831.1675191938.jpg; https://www.alstapingtools.com/880038-connecting-rod/"
"TapeTech","807193 - 10-32 Lock Nut","807193","Part #807193","N/A","","","https://cdn11.bigcommerce.com/s-dbb3r9a7se/images/stencil/1280w/products/3199/3431/httpwww.alstapingtools.comimagesproductsthumblocknut__19574.1675191926.jpg | https://cdn11.bigcommerce.com/s-dbb3r9a7se/images/stencil/1280w/products/3199/4377/httpwww.alstapingtools.comimagesproductsdetaillocknut__56585.1675191940.jpg | https://cdn11.bigcommerce.com/s-dbb3r9a7se/images/stencil/1280w/products/3199/4731/httpwww.alstapingtools.comimagesproductsdisplaylocknut__12016.1675191945.jpg; https://www.alstapingtools.com/807193-10-32-lock-nut/"
"TapeTech","Control Tube Bracket - 050221F","050221F","","N/A","","","https://cdn11.bigcommerce.com/s-dbb3r9a7se/images/stencil/1280w/products/3198/3961/httpwww.alstapingtools.comimagesproductsdetail050221f__44193.1675191934.jpg; https://www.alstapingtools.com/control-tube-bracket-050221f/"
"TapeTech","O-Ring Housing - 050039","050039F","","N/A","","","https://cdn11.bigcommerce.com/s-dbb3r9a7se/images/stencil/1280w/products/3194/2152/httpwww.alstapingtools.comimagesproductsdetail050039f__58379.1675191909.jpg; https://www.alstapingtools.com/o-ring-housing-050039/"
"TapeTech","880006F - Master Link","880006F","TapeTech Xtender Box Handle Replacement Master Link #880006","N/A","","","https://cdn11.bigcommerce.com/s-dbb3r9a7se/images/stencil/1280w/products/3189/1840/880006f__45863.1675191904.jpg | https://cdn11.bigcommerce.com/s-dbb3r9a7se/images/stencil/1280w/products/3189/944/ttt880006f_l__74157.1675191891.jpg; https://www.alstapingtools.com/880006f-master-link/"
"TapeTech","659021 - 10-32 X 3/4 Rd Hd Sst Screw","659021","","N/A","","","https://cdn11.bigcommerce.com/s-dbb3r9a7se/images/stencil/1280w/products/3188/629/709055_1__26026.1675191887.jpg; https://www.alstapingtools.com/659021-10-32-x-3-4-rd-hd-sst-screw/"
"TapeTech","882013 - Locking Pin","882013","882013 Locking Pin for TapeTech Extender Handle","N/A","","","https://cdn11.bigcommerce.com/s-dbb3r9a7se/images/stencil/1280w/products/3182/5006/882013__95291.1675191949.jpg; https://www.alstapingtools.com/882013-locking-pin/"
"TapeTech","TapeTech Taper Repair Tune Up Kit - 502A","502A","TapeTech Taper Repair Tune Up Kit for ""light"" rebuilds of an automatic drywall taper.  This kit comes in handy when your taper starts to leak mud around the head.","N/A","","","https://cdn11.bigcommerce.com/s-dbb3r9a7se/images/stencil/1280w/products/3178/3323/httpwww.alstapingtools.comimagesproductsdetail502ataperkit__99683.1675191925.jpg; https://www.alstapingtools.com/tapetech-taper-repair-tune-up-kit-502a/"
"TapeTech","059129 - Cutter Block Pin","059129","","N/A","","","https://cdn11.bigcommerce.com/s-dbb3r9a7se/images/stencil/1280w/products/3170/3912/059129__15051.1675191933.jpg; https://www.alstapingtools.com/059129-cutter-block-pin/"
"TapeTech","882002 - Profile Extrusion","882002","TapeTech Replacement Extrusion Assembly #882002","N/A","","","https://cdn11.bigcommerce.com/s-dbb3r9a7se/images/stencil/1280w/products/3156/5325/882002__44944.1675191957.jpg; https://www.alstapingtools.com/882002-profile-extrusion/"
"TapeTech","889055 - Nylon Spacer","889055","Nylon Spacer for TapeTech Extender Handle.","N/A","","","https://cdn11.bigcommerce.com/s-dbb3r9a7se/images/stencil/1280w/products/3141/3645/889055__50355.1675191929.jpg; https://www.alstapingtools.com/889055-nylon-spacer/"
"TapeTech","Sprocket Driver Assembly","054114f-IT","Sprocket Driver Assembly #054114F","N/A","","","https://cdn11.bigcommerce.com/s-dbb3r9a7se/images/stencil/1280w/products/3139/845/httpwww.alstapingtools.comimagesproductsdisplaytapetech054114__20714.1675191890.jpg | https://cdn11.bigcommerce.com/s-dbb3r9a7se/images/stencil/1280w/products/3139/1696/httpwww.alstapingtools.comimagesproductsthumbtapetech054114__93740.1675191902.jpg | https://cdn11.bigcommerce.com/s-dbb3r9a7se/images/stencil/1280w/products/3139/1780/httpwww.alstapingtools.comimagesproductsdetailtapetech054114__10526.1675191903.jpg; https://www.alstapingtools.com/sprocket-driver-assembly/"
"TapeTech","Control Tube Roller Bushing - 050214","050214F","050214 - Control Tube Roller Bushing","N/A","","","https://cdn11.bigcommerce.com/s-dbb3r9a7se/images/stencil/1280w/products/3102/2293/httpwww.alstapingtools.comimagesproductsdetail050214f__84156.1675191911.jpg; https://www.alstapingtools.com/control-tube-roller-bushing-050214/"
"TapeTech","499024 - Washer, 188IDX,038OD","499024","","N/A","","","https://cdn11.bigcommerce.com/s-dbb3r9a7se/images/stencil/1280w/products/3093/1676/499024__16518.1675191902.jpg; https://www.alstapingtools.com/499024-washer-188idx-038od/"
"TapeTech","728001 - Pump Head Assembly","728001F","","N/A","","","https://cdn11.bigcommerce.com/s-dbb3r9a7se/images/stencil/1280w/products/3083/570/728001f__40497.1675191886.jpg; https://www.alstapingtools.com/728001-pump-head-assembly/"
"TapeTech","880024 - BRACKET, FRONT FOOT","880024","","N/A","","","https://cdn11.bigcommerce.com/s-dbb3r9a7se/stencil/382d9e80-277d-013e-e48e-4a4f5670f649/e/04e821c0-e5dd-013e-f544-2ec1a3f21564/img/ProductDefault.svg; https://www.alstapingtools.com/880024-bracket-front-foot/"
"TapeTech","Post (Socket) - 050240","050240","POST (SOCKET) FOR AUTOMATIC TAPER","N/A","","","https://cdn11.bigcommerce.com/s-dbb3r9a7se/images/stencil/1280w/products/3066/2190/httpwww.alstapingtools.comimagesproductsdetail050240__53560.1675191909.jpg; https://www.alstapingtools.com/post-socket-050240/"
"TapeTech","700015F - Link","700015F","LINK FOR EASYCLEAN LOADING PUMP","N/A","","","https://cdn11.bigcommerce.com/s-dbb3r9a7se/images/stencil/1280w/products/3052/3650/700015f__71226.1675191930.jpg; https://www.alstapingtools.com/700015f-link/"
"TapeTech","Guide Roller - 050226","50226","","N/A","","","https://cdn11.bigcommerce.com/s-dbb3r9a7se/images/stencil/1280w/products/3045/685/httpwww.alstapingtools.comimagesproductsdetail050226__45336.1675191888.jpg; https://www.alstapingtools.com/guide-roller-050226/"
"TapeTech","801009 - Coupling Pin","801009","","N/A","","","https://cdn11.bigcommerce.com/s-dbb3r9a7se/stencil/382d9e80-277d-013e-e48e-4a4f5670f649/e/04e821c0-e5dd-013e-f544-2ec1a3f21564/img/ProductDefault.svg | https://cdn11.bigcommerce.com/s-dbb3r9a7se/stencil/382d9e80-277d-013e-e48e-4a4f5670f649/e/04e821c0-e5dd-013e-f544-2ec1a3f21564/img/loading.svg; https://www.alstapingtools.com/801009-coupling-pin/"
"TapeTech","700036 - 5/16-24 X 1-7/16 Stud","700036","5/16-24 X 1-7/16"" FOR EASYCLEAN LOADING PUMP","N/A","","","https://cdn11.bigcommerce.com/s-dbb3r9a7se/images/stencil/1280w/products/3035/1742/700036__85680.1675191903.jpg; https://www.alstapingtools.com/700036-5-16-24-x-1-7-16-stud/"
"TapeTech","059122 - #6 X 5/16 Self Tap Screw","059122","BIND TYPE Z SELF TAP #6 X 5/16"" FOR AUTOMATIC TAPER","N/A","","","https://cdn11.bigcommerce.com/s-dbb3r9a7se/images/stencil/1280w/products/3025/2012/059122__70767.1675191906.jpg; https://www.alstapingtools.com/059122-6-x-5-16-self-tap-screw/"
"TapeTech","Driver Shaft - 050110","050110F","050110 Driver Shaft for Automatic Drywall Taper.  Fits TapeTech, NorthStar, Level 5 and many more.","N/A","","","https://cdn11.bigcommerce.com/s-dbb3r9a7se/images/stencil/1280w/products/3019/4484/050110f__67326.1675191941.jpg; https://www.alstapingtools.com/driver-shaft-050110/"
"TapeTech","724018F - Handle Assy. W/ Ball","724018F","","N/A","","","https://cdn11.bigcommerce.com/s-dbb3r9a7se/images/stencil/1280w/products/3009/4432/726018_1__58006.1675191940.jpg; https://www.alstapingtools.com/724018f-handle-assy-w-ball/"
"TapeTech","059108 - Drive Dog Roller","059108","DRIVE DOG ROLLER FOR AUTOMATIC TAPER","N/A","","","https://cdn11.bigcommerce.com/s-dbb3r9a7se/images/stencil/1280w/products/3008/1230/212089__00988.1675191895.jpg; https://www.alstapingtools.com/059108-drive-dog-roller/"
"TapeTech","889052 - 6-32 X 1/4"" Hex Cap Screw","889052","","N/A","","","https://cdn11.bigcommerce.com/s-dbb3r9a7se/images/stencil/1280w/products/3005/1863/709023_1__00223.1675191904.jpg; https://www.alstapingtools.com/889052-6-32-x-1-4-hex-cap-screw/"
"TapeTech","880033 - BRAKE CONTROL ARM","880033","","N/A","","","https://cdn11.bigcommerce.com/s-dbb3r9a7se/stencil/382d9e80-277d-013e-e48e-4a4f5670f649/e/04e821c0-e5dd-013e-f544-2ec1a3f21564/img/ProductDefault.svg; https://www.alstapingtools.com/880033-brake-control-arm/"
"TapeTech","880028 - Compression Spring","880028","880028 - Compression Spring","N/A","","","https://cdn11.bigcommerce.com/s-dbb3r9a7se/images/stencil/1280w/products/2966/1895/880028__07732.1675191905.jpg; https://www.alstapingtools.com/880028-compression-spring/"
"TapeTech","129061 - E-Clip #25 for Mudrunner","129061","","N/A","","","https://cdn11.bigcommerce.com/s-dbb3r9a7se/images/stencil/1280w/products/2960/811/129061__18809.1675191890.jpg; https://www.alstapingtools.com/129061-e-clip-25-for-mudrunner/"
"TapeTech","749406 - Rotary Latch for Bazooka Pump","749406","Rotary Latch for the discontinued TapeTech Bazooka Pump B75TT & B74TT.","N/A","","","https://cdn11.bigcommerce.com/s-dbb3r9a7se/images/stencil/1280w/products/2934/5147/749406__05568.1675191952.jpg; https://www.alstapingtools.com/749406-rotary-latch-for-bazooka-pump/"
"TapeTech","Control Tube Roller - 050215","050215","Control Tube Roller for older style TapeTech Tapers","N/A","","","https://cdn11.bigcommerce.com/s-dbb3r9a7se/images/stencil/1280w/products/2927/1815/httpwww.alstapingtools.comimagesproductsdetail050215__55410.1675191904.jpg; https://www.alstapingtools.com/control-tube-roller-050215/"
"TapeTech","729009 - Wiper U-Cup","729009","","N/A","","","https://cdn11.bigcommerce.com/s-dbb3r9a7se/images/stencil/1280w/products/2915/5219/729009-hires-lores__53200.1675191954.jpg; https://www.alstapingtools.com/729009-wiper-u-cup/"
"TapeTech","TapeTech Taper Control Arm Flange - 050411B","050411B","","N/A","","","https://cdn11.bigcommerce.com/s-dbb3r9a7se/images/stencil/1280w/products/2889/3596/050411b__47685.1675191929.jpg; https://www.alstapingtools.com/tapetech-taper-control-arm-flange-050411b/"
"TapeTech","720045 - Piston","720045","","N/A","","","https://cdn11.bigcommerce.com/s-dbb3r9a7se/stencil/382d9e80-277d-013e-e48e-4a4f5670f649/e/04e821c0-e5dd-013e-f544-2ec1a3f21564/img/ProductDefault.svg | https://cdn11.bigcommerce.com/s-dbb3r9a7se/stencil/382d9e80-277d-013e-e48e-4a4f5670f649/e/04e821c0-e5dd-013e-f544-2ec1a3f21564/img/loading.svg; https://www.alstapingtools.com/720045-piston/"
"TapeTech","TapeTech EasyClean Cover Plate Conversion Kit","EZCOVER07","This TapeTech EasyClean Cover Plate Conversion Kit can be used to convert almost all brands of automatic tapers to the EasyClean style that can be easily removed.","N/A","","","https://cdn11.bigcommerce.com/s-dbb3r9a7se/images/stencil/1280w/products/2857/3794/ezcover07-hires-lores__06529.1675191931.jpg; https://www.alstapingtools.com/tapetech-easyclean-cover-plate-conversion-kit/"
"TapeTech","809729 Spring Pin, 1/4"" X 7/8""","809729","","N/A","","","https://cdn11.bigcommerce.com/s-dbb3r9a7se/images/stencil/1280w/products/2849/415/809729__49278.1675191884.jpg; https://www.alstapingtools.com/809729-spring-pin-1-4-x-7-8/"
"TapeTech","762011 - Foot Valve","762011","This part replaces part # 722011","N/A","","","https://cdn11.bigcommerce.com/s-dbb3r9a7se/images/stencil/1280w/products/2838/502/762011-lo__18089.1675191885.jpg; https://www.alstapingtools.com/762011-foot-valve/"
"TapeTech","149028 - MudRunner Nylon Bushing #6","149028","149028 TapeTech Mudrunner Replacement Nylon Bushing #6","N/A","","","https://cdn11.bigcommerce.com/s-dbb3r9a7se/images/stencil/1280w/products/2827/2189/149028__17541.1675191909.jpg; https://www.alstapingtools.com/149028-mudrunner-nylon-bushing-6/"
"TapeTech","920003 - Ball Coupling","920003","","N/A","","","https://cdn11.bigcommerce.com/s-dbb3r9a7se/images/stencil/1280w/products/2812/877/920003__83243.1675191891.jpg; https://www.alstapingtools.com/920003-ball-coupling/"
"TapeTech","402033 Ball Coupling - Threaded Angle Head Ball","402033","","N/A","","","https://cdn11.bigcommerce.com/s-dbb3r9a7se/images/stencil/1280w/products/2811/2646/ball_for_angle__98743.1675191916.jpg; https://www.alstapingtools.com/402033-ball-coupling-threaded-angle-head-ball/"
"TapeTech","344002 - 15"" Blade Holder Assembly","344002","","N/A","","","https://cdn11.bigcommerce.com/s-dbb3r9a7se/images/stencil/1280w/products/2790/1437/344002-hires-lores__61451.1675191898.jpg; https://www.alstapingtools.com/344002-15-blade-holder-assembly/"
"TapeTech","499025 - 6-32 X 1/2"" Bind Head Screw","499025","499025 - 6-32 X 1/2"" Bind Head Screw","N/A","","","https://cdn11.bigcommerce.com/s-dbb3r9a7se/images/stencil/1280w/products/2784/654/499025__00007.1675191887.jpg; https://www.alstapingtools.com/499025-6-32-x-1-2-bind-head-screw/"
"TapeTech","156001 - TapeTech Corner Roller Head Casting","156001F","","N/A","","","https://cdn11.bigcommerce.com/s-dbb3r9a7se/images/stencil/1280w/products/2778/4595/156001f__11001.1675191943.jpg; https://www.alstapingtools.com/156001-tapetech-corner-roller-head-casting/"
"TapeTech","Spacer Rod DISCONTINUED - 050152","050152F","This Spacer Rod has been Discontinued by TapeTech. It is replaced by #052152 that replaces both tie rods with 1 piece.","N/A","","","https://cdn11.bigcommerce.com/s-dbb3r9a7se/images/stencil/1280w/products/2771/1551/httpwww.alstapingtools.comimagesproductsdetail050152f__02178.1675191900.jpg; https://www.alstapingtools.com/spacer-rod-discontinued-050152/"
"TapeTech","190033 -  Xtender Adjuster","190033","190033 - TapeTech Xtender Adjuster for the extendable TapeTech flat box handle. # 4585","N/A","","","https://cdn11.bigcommerce.com/s-dbb3r9a7se/images/stencil/1280w/products/2764/4601/httpwww.alstapingtools.comimagesproductsdetail190033__35826.1675191943.jpg; https://www.alstapingtools.com/190033-xtender-adjuster/"
"TapeTech","340001 - 15"" Stainless Steel Blade","340001","","N/A","","","https://cdn11.bigcommerce.com/s-dbb3r9a7se/images/stencil/1280w/products/2763/2203/340001-hires-lores__81643.1675191909.jpg; https://www.alstapingtools.com/340001-15-stainless-steel-blade/"
"TapeTech","700037 - Special Nut","700037","Special nut used on a TapeTech pump to attach the gooseneck or filler attachment to the pump.","N/A","","","https://cdn11.bigcommerce.com/s-dbb3r9a7se/images/stencil/1280w/products/2755/2130/700037__93422.1675191908.jpg; https://www.alstapingtools.com/700037-special-nut/"
"TapeTech","809733 Shim, 1"" OD X 5/8"" X .005""","809733","","N/A","","","https://cdn11.bigcommerce.com/s-dbb3r9a7se/images/stencil/1280w/products/2752/3669/809733__95096.1675191930.jpg; https://www.alstapingtools.com/809733-shim-1-od-x-5-8-x-005/"
"TapeTech","Control Extension Support - 050232","050232","050232 - Control Extension Support for Automatic Taper","N/A","","","https://cdn11.bigcommerce.com/s-dbb3r9a7se/images/stencil/1280w/products/2738/2925/httpwww.alstapingtools.comimagesproductsdetail050232__09377.1675191920.jpg; https://www.alstapingtools.com/control-extension-support-050232/"
"TapeTech","Cutter Bock - 051135","051135F","","N/A","","","https://cdn11.bigcommerce.com/s-dbb3r9a7se/stencil/382d9e80-277d-013e-e48e-4a4f5670f649/e/04e821c0-e5dd-013e-f544-2ec1a3f21564/img/ProductDefault.svg | https://cdn11.bigcommerce.com/s-dbb3r9a7se/stencil/382d9e80-277d-013e-e48e-4a4f5670f649/e/04e821c0-e5dd-013e-f544-2ec1a3f21564/img/loading.svg; https://www.alstapingtools.com/cutter-bock-051135/"
"TapeTech","150011 - Roller Bushing","150011F","","N/A","","","https://cdn11.bigcommerce.com/s-dbb3r9a7se/images/stencil/1280w/products/2715/2854/bush11__23986.1675191918.jpg; https://www.alstapingtools.com/150011-roller-bushing/"
"TapeTech","190034 - Handle Coupler","190034","190034 TapeTech Extender Handle Coupler","N/A","","","https://cdn11.bigcommerce.com/s-dbb3r9a7se/images/stencil/1280w/products/2703/3303/httpwww.alstapingtools.comimagesproductsdetail190034.1__43659.1675191925.jpg; https://www.alstapingtools.com/190034-handle-coupler/"
"TapeTech","Tape Roll Keeper - 058241","058241","058241 Tape Roll  Keeper for Automatic Taper","N/A","","","https://cdn11.bigcommerce.com/s-dbb3r9a7se/images/stencil/1280w/products/2694/2676/httpwww.alstapingtools.comimagesproductsdetail057352__91664.1675191916.jpg; https://www.alstapingtools.com/tape-roll-keeper-058241/"
"TapeTech","059117 - #8 X 5/16 Self Tap Screw","059117","","N/A","","","https://cdn11.bigcommerce.com/s-dbb3r9a7se/images/stencil/1280w/products/2688/5364/059252__22273.1675191958.jpg; https://www.alstapingtools.com/059117-8-x-5-16-self-tap-screw/"
"TapeTech","TapeTech 501ACF Taper Wear Parts Kit - CF","501ACF","For repair and replacement of common wear parts on your TapeTech Continuous Flow Bazooka such as the pyramid blade, needle gooser, etc.","N/A","","","https://cdn11.bigcommerce.com/s-dbb3r9a7se/images/stencil/1280w/products/2683/5100/images__04150.1675191951.jpg; https://www.alstapingtools.com/tapetech-501acf-taper-wear-parts-kit-cf/"
"TapeTech","340009 - Shim","340009","","N/A","","","https://cdn11.bigcommerce.com/s-dbb3r9a7se/images/stencil/1280w/products/2672/4598/340009-hires-lores__71499.1675191943.jpg; https://www.alstapingtools.com/340009-shim/"
"TapeTech","140008 - Needle Pullrod","140008","Needle Pull Rod for TapeTech Mudrunner","N/A","","","https://cdn11.bigcommerce.com/s-dbb3r9a7se/images/stencil/1280w/products/2655/4778/140008__44520.1675191945.jpg; https://www.alstapingtools.com/140008-needle-pullrod/"
"TapeTech","140012 - Mudrunner Wiper Slide","140012","TapeTech Mudrunner Wiper Slide #140012","N/A","","","https://cdn11.bigcommerce.com/s-dbb3r9a7se/images/stencil/1280w/products/2613/1066/140012__35621.1675191893.jpg; https://www.alstapingtools.com/140012-mudrunner-wiper-slide/"
"TapeTech","Small Sprocket - 052125","052125F","","N/A","","","https://cdn11.bigcommerce.com/s-dbb3r9a7se/images/stencil/1280w/products/2589/1257/050125__76784.1675191896.jpg; https://www.alstapingtools.com/small-sprocket-052125/"
"TapeTech","199010 - 8-32 X 3/8 Set Screw Fl. Point Hex. Soc.","199010","199010 TapeTech Xtender Handle Flat Set Screw 8-32 X 3/8""","N/A","","","https://cdn11.bigcommerce.com/s-dbb3r9a7se/images/stencil/1280w/products/2546/4153/199010_1__78942.1675191937.jpg; https://www.alstapingtools.com/199010-8-32-x-3-8-set-screw-fl-point-hex-soc/"
"TapeTech","340026 - Wiper 15""","340026","","N/A","","","https://cdn11.bigcommerce.com/s-dbb3r9a7se/images/stencil/1280w/products/2539/2248/300026f_2__92785.1675191910.jpg; https://www.alstapingtools.com/340026-wiper-15/"
"TapeTech","Valve - 050064F","050064F","TapeTech Replacement Valve","N/A","","","https://cdn11.bigcommerce.com/s-dbb3r9a7se/images/stencil/1280w/products/2536/421/tapetech_050064__45171.1675191884.jpg; https://www.alstapingtools.com/valve-050064f/"
"TapeTech","729063 - 8-32 X 3/16 Bind Hd Sst Screw","729063","SCREW, BIND 8-32 X 3/16 FOR EASYCLEAN LOADING PUMP","N/A","","","https://cdn11.bigcommerce.com/s-dbb3r9a7se/images/stencil/1280w/products/2517/2369/729063__98816.1675191912.jpg; https://www.alstapingtools.com/729063-8-32-x-3-16-bind-hd-sst-screw/"
"TapeTech","345045G - Axle 15""","345045G","","N/A","","","https://cdn11.bigcommerce.com/s-dbb3r9a7se/images/stencil/1280w/products/2512/2206/305045g__72576.1675191909.jpg; https://www.alstapingtools.com/345045g-axle-15/"
"TapeTech","191007 - TapeTech Xtender Handle Connector Rod","191007","TapeTech Xtender Handle Connector Rod is used on the TapeTech extendable flat box handles.  Over time this part can wear out and would need to be replaced.","N/A","","","https://cdn11.bigcommerce.com/s-dbb3r9a7se/images/stencil/1280w/products/2458/4934/httpwww.alstapingtools.comimagesproductsdetail191007.1__06547.1675191948.jpg; https://www.alstapingtools.com/191007-tapetech-xtender-handle-connector-rod/"
"TapeTech","Brake Roller I- 054007","056007","","N/A","","","https://cdn11.bigcommerce.com/s-dbb3r9a7se/images/stencil/1280w/products/2446/3620/056007_1__07981.1675191929.jpg; https://www.alstapingtools.com/brake-roller-i-054007/"
"TapeTech","140015 - Mudrunner Connector","140015","140015 TapeTech Replacement Connector for the Mudrunner.","N/A","","","https://cdn11.bigcommerce.com/s-dbb3r9a7se/images/stencil/1280w/products/2439/3176/140015__81562.1675191923.jpg; https://www.alstapingtools.com/140015-mudrunner-connector/"
"TapeTech","149023 - Round Lip U-Cup","149023","149023 TapeTech Mudrunner Round Lip U-Cup","N/A","","","https://cdn11.bigcommerce.com/s-dbb3r9a7se/images/stencil/1280w/products/2421/598/httpwww.alstapingtools.comimagesproductsdetail149023__36632.1675191887.jpg; https://www.alstapingtools.com/149023-round-lip-u-cup/"
"TapeTech","883014 - Lifter","883014","","N/A","","","https://cdn11.bigcommerce.com/s-dbb3r9a7se/images/stencil/1280w/products/2420/2782/883014__50812.1675191918.jpg; https://www.alstapingtools.com/883014-lifter/"
"TapeTech","199011 - 8-32 Set Hex Nut","199011","","N/A","","","https://cdn11.bigcommerce.com/s-dbb3r9a7se/images/stencil/1280w/products/2417/4115/199011-8-32-set-hex-nut-min_50__82662.1675191936.jpg; https://www.alstapingtools.com/199011-8-32-set-hex-nut/"
"TapeTech","410004 - Pull Pin","410004","","N/A","","","https://cdn11.bigcommerce.com/s-dbb3r9a7se/images/stencil/1280w/products/2415/1151/410004__20064.1675191894.jpg; https://www.alstapingtools.com/410004-pull-pin/"
"TapeTech","880771 Ball Outlet","880771","","N/A","","","https://cdn11.bigcommerce.com/s-dbb3r9a7se/images/stencil/1280w/products/2412/2997/880771__20223.1675191920.jpg; https://www.alstapingtools.com/880771-ball-outlet/"
"TapeTech","883011 - Handle Bracket Lever","883011","","N/A","","","https://cdn11.bigcommerce.com/s-dbb3r9a7se/images/stencil/1280w/products/2394/4250/883011__74979.1675191938.jpg; https://www.alstapingtools.com/883011-handle-bracket-lever/"
"TapeTech","202010 - Crown Spring- 7"" & 10"" Flat Box","202010","202010 Crown Spring- 7"" & 10"" Flat Box","N/A","","","https://cdn11.bigcommerce.com/s-dbb3r9a7se/images/stencil/1280w/products/2376/950/httpwww.alstapingtools.comimagesproductsdetail203010__33100.1675191892.jpg; https://www.alstapingtools.com/202010-crown-spring-7-10-flat-box/"
"TapeTech","729060 - O-Ring (Large)","729060","","N/A","","","https://cdn11.bigcommerce.com/s-dbb3r9a7se/images/stencil/1280w/products/2370/1072/729060__11077.1675191893.jpg; https://www.alstapingtools.com/729060-o-ring-large/"
"TapeTech","410001 - Body","410001","","N/A","","","https://cdn11.bigcommerce.com/s-dbb3r9a7se/images/stencil/1280w/products/2368/4289/410001__91186.1675191938.jpg; https://www.alstapingtools.com/410001-body/"
"TapeTech","Band Post - 050231","050231","Band Post for Automatic Drywall Taper.","N/A","","","https://cdn11.bigcommerce.com/s-dbb3r9a7se/images/stencil/1280w/products/2367/2262/httpwww.alstapingtools.comimagesproductsdetail050231__67771.1675191910.jpg; https://www.alstapingtools.com/band-post-050231/"
"TapeTech","350008 - Wiper for 8"" Angle Box","350008","8"" Corner Angle Box Door Ruber / Wiper fits TapeTech and Drywall Master 8"" angle box. TapeTech-350008 Drywall Master- 8CA-15 Measures 7.25 inches long by 3.0 inches wide.","N/A","","","https://cdn11.bigcommerce.com/s-dbb3r9a7se/images/stencil/1280w/products/2366/1855/httpwww.alstapingtools.comimagesproductsdetail8angleboxwiper__38243.1675191904.jpg; https://www.alstapingtools.com/350008-wiper-for-8-angle-box/"
"TapeTech","100249 - CREASER CONNECTOR, EXTENSION","100249","","N/A","","","https://cdn11.bigcommerce.com/s-dbb3r9a7se/stencil/382d9e80-277d-013e-e48e-4a4f5670f649/e/04e821c0-e5dd-013e-f544-2ec1a3f21564/img/ProductDefault.svg; https://www.alstapingtools.com/100249-creaser-connector-extension/"
"TapeTech","410002 - Outlet","410002","","N/A","","","https://cdn11.bigcommerce.com/s-dbb3r9a7se/images/stencil/1280w/products/2341/1575/410002__76232.1675191900.jpg; https://www.alstapingtools.com/410002-outlet/"
"TapeTech","Complete Replacement Head for Automatic Taper","kdmt-head","This complete automatic taper head will fit on TapeTech, Drywall Master, NorthStar, and Level5 automatic tapers.","N/A","","","https://cdn11.bigcommerce.com/s-dbb3r9a7se/images/stencil/1280w/products/2326/5443/taper_head2__71286.1675191960.jpg | https://cdn11.bigcommerce.com/s-dbb3r9a7se/images/stencil/1280w/products/2326/4933/taper_head1__59290.1675191948.jpg | https://cdn11.bigcommerce.com/s-dbb3r9a7se/images/stencil/1280w/products/2326/5328/taper_head__58266.1675191957.jpg; https://www.alstapingtools.com/complete-replacement-head-for-automatic-taper/"
"TapeTech","Roller Axle Spring - 059010","059010","059010 Roller Axle Spring","N/A","","","https://cdn11.bigcommerce.com/s-dbb3r9a7se/images/stencil/1280w/products/2325/1448/httpwww.alstapingtools.comimagesproductsdetail059010__49170.1675191899.jpg; https://www.alstapingtools.com/roller-axle-spring-059010/"
"TapeTech","880008 - Spacer Bushing","880008","","N/A","","","https://cdn11.bigcommerce.com/s-dbb3r9a7se/images/stencil/1280w/products/2314/4570/149028_1__14233.1675191942.jpg; https://www.alstapingtools.com/880008-spacer-bushing/"
"TapeTech","219006 -  Right Skid Power Assist Boxes","219006","219006 TapeTech Right Skid Power Assist Boxes Catalog # 4727","N/A","","","https://cdn11.bigcommerce.com/s-dbb3r9a7se/images/stencil/1280w/products/2305/1089/httpwww.alstapingtools.comimagesproductsdetail219006__62724.1675191894.jpg; https://www.alstapingtools.com/219006-right-skid-power-assist-boxes/"
"TapeTech","724065 - Quick Release Pin","724065","PIN, QUICK RELEASE FOR EASYCLEAN LOADING PUMP","N/A","","","https://cdn11.bigcommerce.com/s-dbb3r9a7se/images/stencil/1280w/products/2295/1733/724065__92294.1675191902.jpg; https://www.alstapingtools.com/724065-quick-release-pin/"
"TapeTech","149025 - Bind Head Screw 8-32 X 9/16","149025","","N/A","","","https://cdn11.bigcommerce.com/s-dbb3r9a7se/images/stencil/1280w/products/2282/2585/149025__22111.1675191915.jpg; https://www.alstapingtools.com/149025-bind-head-screw-8-32-x-9-16/"
"TapeTech","881005 - Rear Brake Lever","881005","TapeTech Replacement Rear Brake Lever for Xtender handle. Part#880005","N/A","","","https://cdn11.bigcommerce.com/s-dbb3r9a7se/images/stencil/1280w/products/2275/4528/881005__06566.1675191942.jpg; https://www.alstapingtools.com/881005-rear-brake-lever/"
"TapeTech","139009 - Nut, 4-40 Small Pattern, SST Mud Tube","59005-A","","N/A","","","https://cdn11.bigcommerce.com/s-dbb3r9a7se/images/stencil/1280w/products/2271/4044/139009__97645.1675191935.jpg; https://www.alstapingtools.com/139009-nut-4-40-small-pattern-sst-mud-tube/"
"TapeTech","880004 - Rear Brake Lever Bracket","880004","880004 - Rear Brake Lever Bracket for Xtender Handle","N/A","","","https://cdn11.bigcommerce.com/s-dbb3r9a7se/images/stencil/1280w/products/2224/2896/880004__62025.1675191919.jpg; https://www.alstapingtools.com/880004-rear-brake-lever-bracket/"
"TapeTech","Band Adapter - 050233","050233","","N/A","","","https://cdn11.bigcommerce.com/s-dbb3r9a7se/images/stencil/1280w/products/2217/2264/httpwww.alstapingtools.comimagesproductsdetail050233__67492.1675191910.jpg; https://www.alstapingtools.com/band-adapter-050233/"
"TapeTech","406001 - 2"" Head Casting","406001","","N/A","","","https://cdn11.bigcommerce.com/s-dbb3r9a7se/images/stencil/1280w/products/2199/1171/406001__34383.1675191895.jpg; https://www.alstapingtools.com/406001-2-head-casting/"
"TapeTech","Stainless Cutter Pyramid Blade - 056133","050133","Stainless Steel Pyramid Cutter Blade for most brands of automatic tapers Compatible with: TapeTech NorthStar Drywall Master Columbia Level 5 Blue Line Premier **will not fit Tape Worm Tapers","N/A","","","https://cdn11.bigcommerce.com/s-dbb3r9a7se/images/stencil/1280w/products/2195/4429/httpwww.alstapingtools.comimagesproductsdetailpblade__28905.1675191940.jpg; https://www.alstapingtools.com/stainless-cutter-pyramid-blade-056133/"
"TapeTech","TapeTech 6.5"" QuickBox™ QSX Notched Blades 5pk","QB6043-5","TapeTech 6.5"" QuickBox™ QSX Notched Blades 5pk","N/A","","","https://cdn11.bigcommerce.com/s-dbb3r9a7se/images/stencil/1280w/products/2176/2706/qb6043-5__01833.1675191916.jpg; https://www.alstapingtools.com/tapetech-6-5-quickbox-qsx-notched-blades-5pk/"
"TapeTech","502019 - Replacement Seal","502019","TapeTech Replacement Seal for corner box.","N/A","","","https://cdn11.bigcommerce.com/s-dbb3r9a7se/images/stencil/1280w/products/2154/4725/502019__88356.1675191945.jpg; https://www.alstapingtools.com/502019-replacement-seal/"
"TapeTech","059228 - 10-32 X 1 Flat Hd Sst Screw","059228","10-32 X 1 Flat Hd Sst Screw.  TapeTech part# 059228","N/A","","","https://cdn11.bigcommerce.com/s-dbb3r9a7se/images/stencil/1280w/products/2137/4847/httpwww.alstapingtools.comimagesproductsdetail059228__74332.1675191946.jpg; https://www.alstapingtools.com/059228-10-32-x-1-flat-hd-sst-screw/"
"TapeTech","552005 - Connector","552005F","Conector for Angle Box.  Fits most brands including TapeTech, NorthStar, Drywall Master, Columbia, ect.","N/A","","","https://cdn11.bigcommerce.com/s-dbb3r9a7se/images/stencil/1280w/products/2127/3040/552005f__37896.1675191921.jpg; https://www.alstapingtools.com/552005-connector/"
"TapeTech","Taper Replacement Band - 050254","050254","TapeTech Taper Replacement Band.","N/A","","","https://cdn11.bigcommerce.com/s-dbb3r9a7se/images/stencil/1280w/products/2124/537/httpwww.alstapingtools.comimagesproductsdetail050254__25738.1675191886.jpg; https://www.alstapingtools.com/taper-replacement-band-050254/"
"TapeTech","500028 - TapeTech Replacement Wiper for 7"" Angle Box","500028","Measures 6.25 inches long by 3.0 inches wide.","N/A","","","https://cdn11.bigcommerce.com/s-dbb3r9a7se/images/stencil/1280w/products/2086/2523/httpwww.alstapingtools.comimagesproductsdetail350008__42867.1675191914.jpg; https://www.alstapingtools.com/500028-tapetech-replacement-wiper-for-7-angle-box/"
"TapeTech","456001 - 3"" Head Casting","456001","456001 - 3"" Head Casting","N/A","","","https://cdn11.bigcommerce.com/s-dbb3r9a7se/images/stencil/1280w/products/2082/3263/456001__21378.1675191924.jpg; https://www.alstapingtools.com/456001-3-head-casting/"
"TapeTech","350033F - 8"" Seal Holder","350033F","","N/A","","","https://cdn11.bigcommerce.com/s-dbb3r9a7se/images/stencil/1280w/products/2058/475/350033f__27447.1675191885.jpg; https://www.alstapingtools.com/350033f-8-seal-holder/"
"TapeTech","149035 - Mudrunner Rod Wiper","149035","149035 TapeTech Mudrunner Rod Wiper","N/A","","","https://cdn11.bigcommerce.com/s-dbb3r9a7se/images/stencil/1280w/products/2054/1653/httpwww.alstapingtools.comimagesproductsdetail149035__75621.1675191901.jpg; https://www.alstapingtools.com/149035-mudrunner-rod-wiper/"
"TapeTech","500018 - Pleasure Plate 7""","500018","","N/A","","","https://cdn11.bigcommerce.com/s-dbb3r9a7se/images/stencil/1280w/products/2040/3321/500018__52386.1675191925.jpg; https://www.alstapingtools.com/500018-pleasure-plate-7/"
"TapeTech","212022 - TapeTech Flat Box Repair Clip (Power Assist)","212022","Inner shoe for Power Assist Flat Boxes","N/A","","","https://cdn11.bigcommerce.com/s-dbb3r9a7se/images/stencil/1280w/products/2016/672/212022__21039.1675191888.jpg; https://www.alstapingtools.com/212022-tapetech-flat-box-repair-clip-power-assist/"
"TapeTech","059149 - Tenite Bearing","059149","BEARING, O.D. TENITE FOR AUTOMATIC TAPER","N/A","","","https://cdn11.bigcommerce.com/s-dbb3r9a7se/images/stencil/1280w/products/2006/3938/059149__16900.1675191934.jpg; https://www.alstapingtools.com/059149-tenite-bearing/"
"TapeTech","502034 - Corner Box Latch","502034","","N/A","","","https://cdn11.bigcommerce.com/s-dbb3r9a7se/images/stencil/1280w/products/2000/4365/502034__68554.1675191939.jpg; https://www.alstapingtools.com/502034-corner-box-latch/"
"TapeTech","219039 - TapeTech Left Skid for Power Assist Boxes","219039","219039 TapeTech Left Skid for Power Assist Boxes","N/A","","","https://cdn11.bigcommerce.com/s-dbb3r9a7se/images/stencil/1280w/products/1989/3450/httpwww.alstapingtools.comimagesproductsthumb219039__77595.1675191927.jpg | https://cdn11.bigcommerce.com/s-dbb3r9a7se/images/stencil/1280w/products/1989/4442/httpwww.alstapingtools.comimagesproductsdetail219039__65996.1675191941.jpg | https://cdn11.bigcommerce.com/s-dbb3r9a7se/images/stencil/1280w/products/1989/4688/httpwww.alstapingtools.comimagesproductsdisplay219039__33701.1675191944.jpg; https://www.alstapingtools.com/219039-tapetech-left-skid-for-power-assist-boxes/"
"TapeTech","500003F - 7"" Seal Holder","500003F","","N/A","","","https://cdn11.bigcommerce.com/s-dbb3r9a7se/images/stencil/1280w/products/1974/1188/500003f__19733.1675191895.jpg; https://www.alstapingtools.com/500003f-7-seal-holder/"
"TapeTech","Spool Shaft - 050237","050237","SHAFT, SPOOL FOR AUTOMATIC TAPER","N/A","","","https://cdn11.bigcommerce.com/s-dbb3r9a7se/images/stencil/1280w/products/1963/4397/httpwww.alstapingtools.comimagesproductsdetail050237__57326.1675191940.jpg; https://www.alstapingtools.com/spool-shaft-050237/"
"TapeTech","305045G -TapeTech 12 in. Standard Axle for EasyRoll Wheels","305045G","TapeTech 12 in. Standard Axle for EasyRoll Wheels","N/A","","","https://cdn11.bigcommerce.com/s-dbb3r9a7se/images/stencil/1280w/products/1946/4872/305045g_1__16853.1675191947.jpg; https://www.alstapingtools.com/305045g-tapetech-12-in-standard-axle-for-easyroll-wheels/"
"TapeTech","883003 - Handle Bracket","883003","","N/A","","","https://cdn11.bigcommerce.com/s-dbb3r9a7se/images/stencil/1280w/products/1929/670/883003__18919.1675191888.jpg; https://www.alstapingtools.com/883003-handle-bracket/"
"TapeTech","Pressure Plate, 8.5"" QuickBox","QB8002","","N/A","","","https://cdn11.bigcommerce.com/s-dbb3r9a7se/images/stencil/1280w/products/1927/4112/qb8002-lo__46965.1675191936.jpg; https://www.alstapingtools.com/pressure-plate-8-5-quickbox/"
"TapeTech","255045G - TapeTech 10 in. Standard Axle for EasyRoll Wheels","255045g","TapeTech 10 in. Standard Axle for EasyRoll Wheels","N/A","","","https://cdn11.bigcommerce.com/s-dbb3r9a7se/images/stencil/1280w/products/1909/881/255045g__73561.1675191891.jpg; https://www.alstapingtools.com/255045g-tapetech-10-in-standard-axle-for-easyroll-wheels/"
"TapeTech","Extrusion Insert","883020","","N/A","","","https://cdn11.bigcommerce.com/s-dbb3r9a7se/images/stencil/1280w/products/1905/1912/883020__77413.1675191905.jpg; https://www.alstapingtools.com/extrusion-insert/"
"TapeTech","889057 - 5/32 X 7/8 Spring Pin. 18-8 S.S.","889057","","N/A","","","https://cdn11.bigcommerce.com/s-dbb3r9a7se/images/stencil/1280w/products/1897/2329/889057__05262.1675191911.jpg; https://www.alstapingtools.com/889057-5-32-x-7-8-spring-pin-18-8-s-s/"
"TapeTech","Seal for QuickBox","QB6011-A","","N/A","","","https://cdn11.bigcommerce.com/s-dbb3r9a7se/images/stencil/1280w/products/1882/1418/qb6011_1__69739.1675191898.jpg; https://www.alstapingtools.com/seal-for-quickbox/"
"TapeTech","889016 - Roll Pin","889016","","N/A","","","https://cdn11.bigcommerce.com/s-dbb3r9a7se/images/stencil/1280w/products/1866/2277/889016_1__42036.1675191910.jpg; https://www.alstapingtools.com/889016-roll-pin/"
"TapeTech","883005 - Plug","883005","","N/A","","","https://cdn11.bigcommerce.com/s-dbb3r9a7se/images/stencil/1280w/products/1860/1583/883005__78834.1675191900.jpg; https://www.alstapingtools.com/883005-plug/"
"TapeTech","Axle, 7"" Standard, EasyRoll Wheels","205045G","","N/A","","","https://cdn11.bigcommerce.com/s-dbb3r9a7se/images/stencil/1280w/products/1857/2680/205045g__17243.1675191916.jpg; https://www.alstapingtools.com/axle-7-standard-easyroll-wheels/"
"TapeTech","059119 - Drive Dog Holder Pin","059119","Drive Dog Pin for Automatic Taper","N/A","","","https://cdn11.bigcommerce.com/s-dbb3r9a7se/images/stencil/1280w/products/1851/1878/holder__90043.1675191904.jpg; https://www.alstapingtools.com/059119-drive-dog-holder-pin/"
"TapeTech","502006 - Pivot Bearing","502006","502006 TapeTech Pivot Bearing #4857","N/A","","","https://cdn11.bigcommerce.com/s-dbb3r9a7se/images/stencil/1280w/products/1829/1560/502006__63406.1675191900.jpg; https://www.alstapingtools.com/502006-pivot-bearing/"
"TapeTech","190036 - Pin","190036","","N/A","","","https://cdn11.bigcommerce.com/s-dbb3r9a7se/images/stencil/1280w/products/1821/648/190036__82692.1675191887.jpg; https://www.alstapingtools.com/190036-pin/"
"TapeTech","140013 - Mudrunner Control Bushing","140013","","N/A","","","https://cdn11.bigcommerce.com/s-dbb3r9a7se/images/stencil/1280w/products/1819/3280/140013__45022.1675191924.jpg; https://www.alstapingtools.com/140013-mudrunner-control-bushing/"
"TapeTech","883001G - Exterior Tube - Gold","883001G","","N/A","","","https://cdn11.bigcommerce.com/s-dbb3r9a7se/images/stencil/1280w/products/1814/762/883001g__03893.1675191889.jpg; https://www.alstapingtools.com/883001g-exterior-tube-gold/"
"TapeTech","350034 - Pressure Plate for 8"" Angle Box","350034","","N/A","","","https://cdn11.bigcommerce.com/s-dbb3r9a7se/images/stencil/1280w/products/1731/4777/350034__50932.1675191945.jpg; https://www.alstapingtools.com/350034-pressure-plate-for-8-angle-box/"
"TapeTech","TapeTech Piston Assembly Kit","335","Plastic Piston - 050200 1.75 Plunger Cup - 050203 Cup Washer - 050204 Hex Nut, 1/4-20 - 059201 Nut, 1/4-20 Heavy - 059206 Main Cable Assembly - 054209F","N/A","","","https://cdn11.bigcommerce.com/s-dbb3r9a7se/images/stencil/1280w/products/1660/744/tapetech_335__16229.1675191889.jpg; https://www.alstapingtools.com/tapetech-piston-assembly-kit/"
"TapeTech","TapeTech Automatic Taper Repair Kit for 07TT","PK-AT01","This kit contains the basic essentials to keep your TapeTech Taper running like new. 1- 050081 Creaser Return Spring 1- 050115 Drive Dog Spring 10- 050133 Stainless Steel Pyramid Blades 1- 050500 Brake Roller (all metal) 1- 050577 Brake Torsion Spring 3- 059049 Gooser Needles 1- 054209 Cable","N/A","","","https://cdn11.bigcommerce.com/s-dbb3r9a7se/images/stencil/1280w/products/1647/2112/501b_tt1__99142.1675191908.jpg; https://www.alstapingtools.com/tapetech-automatic-taper-repair-kit-for-07tt/"
"TapeTech","Roller Axle, Small - 050418","051418","","N/A","","","https://cdn11.bigcommerce.com/s-dbb3r9a7se/images/stencil/1280w/products/1625/3156/050418__64970.1675191923.jpg; https://www.alstapingtools.com/roller-axle-small-050418/"
"TapeTech","151011 - Inner Roller","151011","","N/A","","","https://cdn11.bigcommerce.com/s-dbb3r9a7se/images/stencil/1280w/products/1620/4997/151011__80751.1675191949.jpg; https://www.alstapingtools.com/151011-inner-roller/"
"TapeTech","196003 - TapeTech Xtender Handle Hinge Assembly","196003","Hinge casting assembly for the repair and maintenance of TapeTech extender handles.","N/A","","","https://cdn11.bigcommerce.com/s-dbb3r9a7se/images/stencil/1280w/products/1612/2358/httpwww.alstapingtools.comimagesproductsdetail196003__84581.1675191911.jpg | https://cdn11.bigcommerce.com/s-dbb3r9a7se/images/stencil/1280w/products/1612/2845/lg-ttt196003_l__32242.1675191918.jpg; https://www.alstapingtools.com/196003-tapetech-xtender-handle-hinge-assembly/"
"TapeTech","151005 - Roller (New Style)","151005","","N/A","","","https://cdn11.bigcommerce.com/s-dbb3r9a7se/images/stencil/1280w/products/1594/1982/151005__79381.1675191906.jpg; https://www.alstapingtools.com/151005-roller-new-style/"
"TapeTech","140039 - Rotary Latch","140039","Mudrunner Rotary Latch #140039","N/A","","","https://cdn11.bigcommerce.com/s-dbb3r9a7se/images/stencil/1280w/products/1562/3381/140039__57080.1675191926.jpg; https://www.alstapingtools.com/140039-rotary-latch/"
"TapeTech","059227 - 10-32 Special Nut","059227","059227 10-32 Special Nut","N/A","","","https://cdn11.bigcommerce.com/s-dbb3r9a7se/images/stencil/1280w/products/1550/445/httpwww.alstapingtools.comimagesproductsdetail059227__45175.1675191884.jpg; https://www.alstapingtools.com/059227-10-32-special-nut/"
"TapeTech","140038 - Mudrunner Lockblock","140038","Lockblock for TapeTech Mudrunner #140038","N/A","","","https://cdn11.bigcommerce.com/s-dbb3r9a7se/images/stencil/1280w/products/1539/5020/140038__73267.1675191949.jpg; https://www.alstapingtools.com/140038-mudrunner-lockblock/"
"TapeTech","TapeTech 2.5"" Corner Finisher Maintenance Kit - 501F25A","501F25A","For Maintenance of the 42TT 2.5"" Corner Finisher","N/A","","","https://cdn11.bigcommerce.com/s-dbb3r9a7se/images/stencil/1280w/products/1530/3317/501f25a-full__42020.1675191925.jpg; https://www.alstapingtools.com/tapetech-2-5-corner-finisher-maintenance-kit-501f25a/"
"TapeTech","145011 - MudRunner Band Assembly","145011","TapeTech Replacement Mudrunner Band Assembly #145011.  Latches sold separately.","N/A","","","https://cdn11.bigcommerce.com/s-dbb3r9a7se/images/stencil/1280w/products/1527/2561/145011__86287.1675191914.jpg; https://www.alstapingtools.com/145011-mudrunner-band-assembly/"
"TapeTech","149031 - Small O-Ring Buna","149031","","N/A","","","https://cdn11.bigcommerce.com/s-dbb3r9a7se/images/stencil/1280w/products/1526/3393/149031__38019.1675191926.jpg; https://www.alstapingtools.com/149031-small-o-ring-buna/"
"TapeTech","140005 - End Cap","140005","","N/A","","","https://cdn11.bigcommerce.com/s-dbb3r9a7se/images/stencil/1280w/products/1499/2836/140005__48834.1675191918.jpg; https://www.alstapingtools.com/140005-end-cap/"
"TapeTech","TapeTech 2"" Corner Finisher Repair Kit - 501F2A","501F2A","For Repair or Maintenance of the TapeTech 40TT 2"" Corner Finisher","N/A","","","https://cdn11.bigcommerce.com/s-dbb3r9a7se/images/stencil/1280w/products/1496/3422/501f2a-full__14284.1675191926.jpg; https://www.alstapingtools.com/tapetech-2-corner-finisher-repair-kit-501f2a/"
"TapeTech","149037 - Mudrunner Binding Screw","149037","","N/A","","","https://cdn11.bigcommerce.com/s-dbb3r9a7se/images/stencil/1280w/products/1490/2711/149037__12200.1675191917.jpg; https://www.alstapingtools.com/149037-mudrunner-binding-screw/"
"TapeTech","059224 - 1/4 Standard Sst Washer","059224","059224 1/4 Standard Sst Washer for Automatic Taper.","N/A","","","https://cdn11.bigcommerce.com/s-dbb3r9a7se/images/stencil/1280w/products/1470/3703/httpwww.alstapingtools.comimagesproductsdetail059224__80842.1675191930.jpg; https://www.alstapingtools.com/059224-1-4-standard-sst-washer/"
"TapeTech","142001 - Mudrunner Tube","142001","TapeTech Mudrunner Replacement Tube (New Style) #142001","N/A","","","https://cdn11.bigcommerce.com/s-dbb3r9a7se/images/stencil/1280w/products/1467/457/142001__60278.1675191885.jpg; https://www.alstapingtools.com/142001-mudrunner-tube/"
"TapeTech","140004 - Tube Adapter","140004","","N/A","","","https://cdn11.bigcommerce.com/s-dbb3r9a7se/images/stencil/1280w/products/1448/3355/140004__36445.1675191925.jpg; https://www.alstapingtools.com/140004-tube-adapter/"
"TapeTech","140019 - Main Tube Cap","140019","","N/A","","","https://cdn11.bigcommerce.com/s-dbb3r9a7se/images/stencil/1280w/products/1425/1614/140019__12025.1675191901.jpg; https://www.alstapingtools.com/140019-main-tube-cap/"
"TapeTech","140006 - Mudrunner Pushrod","140006","140006 TapeTech Pushrod","N/A","","","https://cdn11.bigcommerce.com/s-dbb3r9a7se/images/stencil/1280w/products/1415/4701/140006__89460.1675191944.jpg; https://www.alstapingtools.com/140006-mudrunner-pushrod/"
"TapeTech","811018 - Connector Plate, Notched","811018","","N/A","","","https://cdn11.bigcommerce.com/s-dbb3r9a7se/images/stencil/1280w/products/1407/2849/812018__08478.1675191918.jpg; https://www.alstapingtools.com/811018-connector-plate-notched/"
"TapeTech","140014 - Control Tube Cap","140014","","N/A","","","https://cdn11.bigcommerce.com/s-dbb3r9a7se/images/stencil/1280w/products/1404/3009/140014__10529.1675191921.jpg; https://www.alstapingtools.com/140014-control-tube-cap/"
"TapeTech","Filler Valve Tube - 054059","054059F","","N/A","","","https://cdn11.bigcommerce.com/s-dbb3r9a7se/images/stencil/1280w/products/1402/5077/tapetech_054059__43456.1675191950.jpg | https://cdn11.bigcommerce.com/s-dbb3r9a7se/images/stencil/1280w/products/1402/5514/054064f_1__37457.1675191962.jpg; https://www.alstapingtools.com/filler-valve-tube-054059/"
"TapeTech","356001 - 8"" Housing Assembly (Gold)","356001G","","N/A","","","https://cdn11.bigcommerce.com/s-dbb3r9a7se/images/stencil/1280w/products/1401/4334/356001g__15325.1675191939.jpg; https://www.alstapingtools.com/356001-8-housing-assembly-gold/"
"TapeTech","804855 - Ext Corner Handle with Welded Flange","804855","","N/A","","","https://cdn11.bigcommerce.com/s-dbb3r9a7se/images/stencil/1280w/products/1382/1399/804855__86586.1675191898.jpg; https://www.alstapingtools.com/804855-ext-corner-handle-with-welded-flange/"
"TapeTech","149034 - Nylon Washer","149034","","N/A","","","https://cdn11.bigcommerce.com/s-dbb3r9a7se/images/stencil/1280w/products/1379/1294/149034__94975.1675191896.jpg; https://www.alstapingtools.com/149034-nylon-washer/"
"TapeTech","Cutter Chain - 056142","056142F","","N/A","","","https://cdn11.bigcommerce.com/s-dbb3r9a7se/images/stencil/1280w/products/1369/1954/tapetech_chain__39177.1675191906.jpg; https://www.alstapingtools.com/cutter-chain-056142/"
"TapeTech","140017 - Mudrunner Pushrod Cap","140017","","N/A","","","https://cdn11.bigcommerce.com/s-dbb3r9a7se/images/stencil/1280w/products/1366/4088/140017__32284.1675191936.jpg; https://www.alstapingtools.com/140017-mudrunner-pushrod-cap/"
"TapeTech","306032 - 12"" Radius Plate (Gold)","306032G","","N/A","","","https://cdn11.bigcommerce.com/s-dbb3r9a7se/images/stencil/1280w/products/1365/3141/280132g__06131.1675191922.jpg; https://www.alstapingtools.com/306032-12-radius-plate-gold/"
"TapeTech","059212 - 5-40 Stainless Stopnut","059212","059212 5-40 Stainless Stopnut","N/A","","","https://cdn11.bigcommerce.com/s-dbb3r9a7se/images/stencil/1280w/products/1355/5200/httpwww.alstapingtools.comimagesproductsdetail059212.1__11995.1675191953.jpg; https://www.alstapingtools.com/059212-5-40-stainless-stopnut/"
"TapeTech","149022 - Mudrunner Small U-Cup","149022","","N/A","","","https://cdn11.bigcommerce.com/s-dbb3r9a7se/images/stencil/1280w/products/1354/2060/149022__90154.1675191907.jpg; https://www.alstapingtools.com/149022-mudrunner-small-u-cup/"
"TapeTech","149032 - Large O-Ring Buna","149032","Large O-Ring Buna for TapeTech Mudrunner.","N/A","","","https://cdn11.bigcommerce.com/s-dbb3r9a7se/images/stencil/1280w/products/1348/5281/149032__51350.1675191956.jpg; https://www.alstapingtools.com/149032-large-o-ring-buna/"
"TapeTech","Rubber Pad - 050422","050422","","N/A","","","https://cdn11.bigcommerce.com/s-dbb3r9a7se/stencil/382d9e80-277d-013e-e48e-4a4f5670f649/e/04e821c0-e5dd-013e-f544-2ec1a3f21564/img/ProductDefault.svg; https://www.alstapingtools.com/rubber-pad-050422/"
"TapeTech","149021 - Mudrunner Large U-Cup","149021","","N/A","","","https://cdn11.bigcommerce.com/s-dbb3r9a7se/images/stencil/1280w/products/1332/3420/149021__38863.1675191926.jpg; https://www.alstapingtools.com/149021-mudrunner-large-u-cup/"
"TapeTech","140010 - Ball Outlet","140010","","N/A","","","https://cdn11.bigcommerce.com/s-dbb3r9a7se/images/stencil/1280w/products/1316/5497/140010__10618.1675191962.jpg; https://www.alstapingtools.com/140010-ball-outlet/"
"TapeTech","TapeTech 12"" Flat Box Repair Kit - 501C12","501C-12","12"" Flat Box Repair Kit For Drywall Master / TapeTech / Level5 / NorthStar. SKU: 7609 3 - 12"" Stainless Steel Blades (300001) 2 - Skid Covers, Right Side (209006) 2 - Skid Covers, Left Side (209039)","N/A","","","https://cdn11.bigcommerce.com/s-dbb3r9a7se/images/stencil/1280w/products/1311/3963/501c12-full__88150.1675191934.jpg; https://www.alstapingtools.com/tapetech-12-flat-box-repair-kit-501c12/"
"TapeTech","140007 - Needle Plug","140007","","N/A","","","https://cdn11.bigcommerce.com/s-dbb3r9a7se/images/stencil/1280w/products/1309/1134/140007__34314.1675191894.jpg; https://www.alstapingtools.com/140007-needle-plug/"
"TapeTech","149020 - MudRunner Threaded Gas Spring","149020","","N/A","","","https://cdn11.bigcommerce.com/s-dbb3r9a7se/images/stencil/1280w/products/1300/5015/149020__88040.1675191949.jpg; https://www.alstapingtools.com/149020-mudrunner-threaded-gas-spring/"
"TapeTech","Screw, #8 x 1/2 Fl Hd Self Tapping - QB0005","QB0005","","N/A","","","https://cdn11.bigcommerce.com/s-dbb3r9a7se/images/stencil/1280w/products/1287/3328/qb0005__81974.1675191925.jpg; https://www.alstapingtools.com/screw-8-x-1-2-fl-hd-self-tapping-qb0005/"
"TapeTech","059061 - Valve Spring","059061F","","N/A","","","https://cdn11.bigcommerce.com/s-dbb3r9a7se/images/stencil/1280w/products/1286/2343/tapetech_059061__59388.1675191911.jpg | https://cdn11.bigcommerce.com/s-dbb3r9a7se/stencil/382d9e80-277d-013e-e48e-4a4f5670f649/e/04e821c0-e5dd-013e-f544-2ec1a3f21564/img/loading.svg; https://www.alstapingtools.com/059061-valve-spring/"
"TapeTech","190002 - Block","190002","","N/A","","","https://cdn11.bigcommerce.com/s-dbb3r9a7se/images/stencil/1280w/products/1284/4494/httpwww.alstapingtools.comimagesproductsdetail190002__88518.1675191941.jpg | https://cdn11.bigcommerce.com/s-dbb3r9a7se/stencil/382d9e80-277d-013e-e48e-4a4f5670f649/e/04e821c0-e5dd-013e-f544-2ec1a3f21564/img/loading.svg; https://www.alstapingtools.com/190002-block/"
"TapeTech","TapeTech 7"" Flat Box Repair Kit - 501C7","501C-7","","N/A","","","https://cdn11.bigcommerce.com/s-dbb3r9a7se/images/stencil/1280w/products/1280/1144/501c7-full__27735.1675191894.jpg | https://cdn11.bigcommerce.com/s-dbb3r9a7se/stencil/382d9e80-277d-013e-e48e-4a4f5670f649/e/04e821c0-e5dd-013e-f544-2ec1a3f21564/img/loading.svg; https://www.alstapingtools.com/tapetech-7-flat-box-repair-kit-501c7/"
"TapeTech","TapeTech Roller Wheel Kit for Corner Flushers CFK01TT","CFK01TT","","N/A","","","https://cdn11.bigcommerce.com/s-dbb3r9a7se/images/stencil/1280w/products/1264/957/cfk01tt__89813.1675191892.jpg | https://cdn11.bigcommerce.com/s-dbb3r9a7se/stencil/382d9e80-277d-013e-e48e-4a4f5670f649/e/04e821c0-e5dd-013e-f544-2ec1a3f21564/img/loading.svg; https://www.alstapingtools.com/tapetech-roller-wheel-kit-for-corner-flushers-cfk01tt/"
"TapeTech","Axle - QB0006","qb0006","","N/A","","","https://cdn11.bigcommerce.com/s-dbb3r9a7se/images/stencil/1280w/products/1256/4128/qb0006__36955.1675191936.jpg | https://cdn11.bigcommerce.com/s-dbb3r9a7se/stencil/382d9e80-277d-013e-e48e-4a4f5670f649/e/04e821c0-e5dd-013e-f544-2ec1a3f21564/img/loading.svg; https://www.alstapingtools.com/axle-qb0006/"
"TapeTech","140003 - Tube Cap","140003","","N/A","","","https://cdn11.bigcommerce.com/s-dbb3r9a7se/images/stencil/1280w/products/1248/2036/140003__60552.1675191907.jpg | https://cdn11.bigcommerce.com/s-dbb3r9a7se/stencil/382d9e80-277d-013e-e48e-4a4f5670f649/e/04e821c0-e5dd-013e-f544-2ec1a3f21564/img/loading.svg; https://www.alstapingtools.com/140003-tube-cap/"
"TapeTech","TapeTech 10"" Flat Box Repair Kit - 501C10","501C-10","","N/A","","","https://cdn11.bigcommerce.com/s-dbb3r9a7se/images/stencil/1280w/products/1242/4234/501c10-full__10531.1675191938.jpg | https://cdn11.bigcommerce.com/s-dbb3r9a7se/stencil/382d9e80-277d-013e-e48e-4a4f5670f649/e/04e821c0-e5dd-013e-f544-2ec1a3f21564/img/loading.svg; https://www.alstapingtools.com/tapetech-10-flat-box-repair-kit-501c10/"
"TapeTech","059210 - 5-40 X 11/16 Rd Hd Sst Screw","059210","","N/A","","","https://cdn11.bigcommerce.com/s-dbb3r9a7se/images/stencil/1280w/products/1241/5573/059210_3__29425.1675191964.jpg | https://cdn11.bigcommerce.com/s-dbb3r9a7se/stencil/382d9e80-277d-013e-e48e-4a4f5670f649/e/04e821c0-e5dd-013e-f544-2ec1a3f21564/img/loading.svg; https://www.alstapingtools.com/059210-5-40-x-11-16-rd-hd-sst-screw/"
"TapeTech","Wheel - QB0008","qb0008","","N/A","","","https://cdn11.bigcommerce.com/s-dbb3r9a7se/images/stencil/1280w/products/1227/1241/qb0008__79523.1675191896.jpg | https://cdn11.bigcommerce.com/s-dbb3r9a7se/stencil/382d9e80-277d-013e-e48e-4a4f5670f649/e/04e821c0-e5dd-013e-f544-2ec1a3f21564/img/loading.svg; https://www.alstapingtools.com/wheel-qb0008/"
"TapeTech","709056 - 10-24 Sst Nut","709056","","N/A","","","https://cdn11.bigcommerce.com/s-dbb3r9a7se/images/stencil/1280w/products/1221/5606/709056__70199.1675191964.jpg; https://www.alstapingtools.com/709056-10-24-sst-nut/"
"TapeTech","260024F - 10"" TapeTech Combo Wiper","260024","","N/A","","","https://cdn11.bigcommerce.com/s-dbb3r9a7se/images/stencil/1280w/products/1210/1942/260024f__97137.1675191905.jpg | https://cdn11.bigcommerce.com/s-dbb3r9a7se/stencil/382d9e80-277d-013e-e48e-4a4f5670f649/e/04e821c0-e5dd-013e-f544-2ec1a3f21564/img/loading.svg; https://www.alstapingtools.com/260024f-10-tapetech-combo-wiper/"
"TapeTech","722011 - Foot Valve - DISCONTINUED","722011","","N/A","","","https://cdn11.bigcommerce.com/s-dbb3r9a7se/images/stencil/1280w/products/1201/2301/722011__43587.1675191911.jpg; https://www.alstapingtools.com/722011-foot-valve-discontinued/"
"TapeTech","Shell - QB6001","QB6001","","N/A","","","https://cdn11.bigcommerce.com/s-dbb3r9a7se/images/stencil/1280w/products/1200/3319/qb6001__54809.1675191925.jpg; https://www.alstapingtools.com/shell-qb6001/"
"TapeTech","726018 - Handle Assy. W/ Ball","726018","","N/A","","","https://cdn11.bigcommerce.com/s-dbb3r9a7se/images/stencil/1280w/products/1187/5144/726018_2__97197.1675191952.jpg; https://www.alstapingtools.com/726018-handle-assy-w-ball/"
"TapeTech","722070 - Pump Foot Wireform","722070","","N/A","","","https://cdn11.bigcommerce.com/s-dbb3r9a7se/images/stencil/1280w/products/1182/3967/722070__46368.1675191934.jpg | https://cdn11.bigcommerce.com/s-dbb3r9a7se/stencil/382d9e80-277d-013e-e48e-4a4f5670f649/e/04e821c0-e5dd-013e-f544-2ec1a3f21564/img/loading.svg; https://www.alstapingtools.com/722070-pump-foot-wireform/"
"TapeTech","TapeTech EASYROLL® Wheel Replacement Kit","EZROLL-KIT-A","","N/A","","","https://cdn11.bigcommerce.com/s-dbb3r9a7se/images/stencil/1280w/products/1166/4166/ezroll-kit__59092.1675191937.jpg | https://cdn11.bigcommerce.com/s-dbb3r9a7se/stencil/382d9e80-277d-013e-e48e-4a4f5670f649/e/04e821c0-e5dd-013e-f544-2ec1a3f21564/img/loading.svg; https://www.alstapingtools.com/tapetech-easyroll-wheel-replacement-kit/"
"TapeTech","722003G - Pump Cylinder Gold(76TT)","722003g","","N/A","","","https://cdn11.bigcommerce.com/s-dbb3r9a7se/images/stencil/1280w/products/1150/5625/722003g__14764.1675191965.jpg | https://cdn11.bigcommerce.com/s-dbb3r9a7se/stencil/382d9e80-277d-013e-e48e-4a4f5670f649/e/04e821c0-e5dd-013e-f544-2ec1a3f21564/img/loading.svg; https://www.alstapingtools.com/722003g-pump-cylinder-gold-76tt/"
"TapeTech","Outlet Valve Handle - 050001","050001","","N/A","","","https://cdn11.bigcommerce.com/s-dbb3r9a7se/images/stencil/1280w/products/1145/491/051001__85806.1675191885.jpg | https://cdn11.bigcommerce.com/s-dbb3r9a7se/stencil/382d9e80-277d-013e-e48e-4a4f5670f649/e/04e821c0-e5dd-013e-f544-2ec1a3f21564/img/loading.svg; https://www.alstapingtools.com/outlet-valve-handle-050001/"
"TapeTech","TapeTech 6.5"" QuickBox™ QSX Flat Finishing Blades 5pk","QB6003-5","","N/A","","","https://cdn11.bigcommerce.com/s-dbb3r9a7se/images/stencil/1280w/products/1137/1380/qb6003-5_1__08243.1675191898.jpg | https://cdn11.bigcommerce.com/s-dbb3r9a7se/stencil/382d9e80-277d-013e-e48e-4a4f5670f649/e/04e821c0-e5dd-013e-f544-2ec1a3f21564/img/loading.svg; https://www.alstapingtools.com/tapetech-6-5-quickbox-qsx-flat-finishing-blades-5pk/"
"TapeTech","910005 - Knob","910005","","N/A","","","https://cdn11.bigcommerce.com/s-dbb3r9a7se/images/stencil/1280w/products/1116/4011/910005__68174.1675191935.jpg; https://www.alstapingtools.com/910005-knob/"
"TapeTech","Blade Holder - QB6004","QB6004","","N/A","","","https://cdn11.bigcommerce.com/s-dbb3r9a7se/images/stencil/1280w/products/1114/1820/qb6004__56915.1675191904.jpg; https://www.alstapingtools.com/blade-holder-qb6004/"
"TapeTech","Wiper - QB6010","qb6010","","N/A","","","https://cdn11.bigcommerce.com/s-dbb3r9a7se/images/stencil/1280w/products/1096/3920/qb6010__32338.1675191933.jpg; https://www.alstapingtools.com/wiper-qb6010/"
"TapeTech","729071 - Flange O-Ring","729071","","N/A","","","https://cdn11.bigcommerce.com/s-dbb3r9a7se/images/stencil/1280w/products/1082/3419/729071__13982.1675191926.jpg; https://www.alstapingtools.com/729071-flange-o-ring/"
"TapeTech","724061F - Draw Latch Assembly","724061F","","N/A","","","https://cdn11.bigcommerce.com/s-dbb3r9a7se/images/stencil/1280w/products/1079/4464/httpwww.alstapingtools.comimagesproductsdetailtapetech724061__87882.1675191941.jpg | https://cdn11.bigcommerce.com/s-dbb3r9a7se/stencil/382d9e80-277d-013e-e48e-4a4f5670f649/e/04e821c0-e5dd-013e-f544-2ec1a3f21564/img/loading.svg; https://www.alstapingtools.com/724061f-draw-latch-assembly/"
"TapeTech","Seal - QB6011","QB6011","","N/A","","","https://cdn11.bigcommerce.com/s-dbb3r9a7se/images/stencil/1280w/products/1062/2015/qb6011__68657.1675191906.jpg; https://www.alstapingtools.com/seal-qb6011/"
"TapeTech","403004 - Ball Wireform","403004","","N/A","","","https://cdn11.bigcommerce.com/s-dbb3r9a7se/images/stencil/1280w/products/1057/2874/403004__07627.1675191919.jpg | https://cdn11.bigcommerce.com/s-dbb3r9a7se/images/stencil/1280w/products/1057/3416/403004_1__90234.1675191926.jpg | https://cdn11.bigcommerce.com/s-dbb3r9a7se/stencil/382d9e80-277d-013e-e48e-4a4f5670f649/e/04e821c0-e5dd-013e-f544-2ec1a3f21564/img/loading.svg; https://www.alstapingtools.com/403004-ball-wireform/"
"TapeTech","709024 - 5/16 Medium Lockwaher","709024","","N/A","","","https://cdn11.bigcommerce.com/s-dbb3r9a7se/images/stencil/1280w/products/1056/5617/709024__43997.1675191965.jpg | https://cdn11.bigcommerce.com/s-dbb3r9a7se/stencil/382d9e80-277d-013e-e48e-4a4f5670f649/e/04e821c0-e5dd-013e-f544-2ec1a3f21564/img/loading.svg; https://www.alstapingtools.com/709024-5-16-medium-lockwaher/"
"TapeTech","TapeTech 6.5"" QuickBox™ QSX Crown Finishing Blades 5pk","QB6023-5","","N/A","","","https://cdn11.bigcommerce.com/s-dbb3r9a7se/images/stencil/1280w/products/1040/4267/qb6023-5__65866.1675191938.jpg; https://www.alstapingtools.com/tapetech-6-5-quickbox-qsx-crown-finishing-blades-5pk/"
"TapeTech","720009 - Piston Cup","720009","","N/A","","","https://cdn11.bigcommerce.com/s-dbb3r9a7se/images/stencil/1280w/products/1020/3056/720009__25824.1675191921.jpg | https://cdn11.bigcommerce.com/s-dbb3r9a7se/stencil/382d9e80-277d-013e-e48e-4a4f5670f649/e/04e821c0-e5dd-013e-f544-2ec1a3f21564/img/loading.svg; https://www.alstapingtools.com/720009-piston-cup/"
"TapeTech","Keeper Tube Cradle - 050407B","050407B","","N/A","","","https://cdn11.bigcommerce.com/s-dbb3r9a7se/images/stencil/1280w/products/1008/4404/httpwww.alstapingtools.comimagesproductsdetail050407b__32674.1675191940.jpg | https://cdn11.bigcommerce.com/s-dbb3r9a7se/stencil/382d9e80-277d-013e-e48e-4a4f5670f649/e/04e821c0-e5dd-013e-f544-2ec1a3f21564/img/loading.svg; https://www.alstapingtools.com/keeper-tube-cradle-050407b/"
"TapeTech","729072 - Head O-Ring","729072","","N/A","","","https://cdn11.bigcommerce.com/s-dbb3r9a7se/images/stencil/1280w/products/992/3509/729072__56863.1675191928.jpg | https://cdn11.bigcommerce.com/s-dbb3r9a7se/stencil/382d9e80-277d-013e-e48e-4a4f5670f649/e/04e821c0-e5dd-013e-f544-2ec1a3f21564/img/loading.svg; https://www.alstapingtools.com/729072-head-o-ring/"
"TapeTech","Top Cover Plate - 041055F","041055F","","N/A","","","https://cdn11.bigcommerce.com/s-dbb3r9a7se/stencil/382d9e80-277d-013e-e48e-4a4f5670f649/e/04e821c0-e5dd-013e-f544-2ec1a3f21564/img/ProductDefault.svg | https://cdn11.bigcommerce.com/s-dbb3r9a7se/stencil/382d9e80-277d-013e-e48e-4a4f5670f649/e/04e821c0-e5dd-013e-f544-2ec1a3f21564/img/loading.svg; https://www.alstapingtools.com/top-cover-plate-041055f/"
"TapeTech","Slotted Spool Post - 051408B","051408B","","N/A","","","https://cdn11.bigcommerce.com/s-dbb3r9a7se/images/stencil/1280w/products/925/3821/051408b__45334.1675191932.jpg | https://cdn11.bigcommerce.com/s-dbb3r9a7se/stencil/382d9e80-277d-013e-e48e-4a4f5670f649/e/04e821c0-e5dd-013e-f544-2ec1a3f21564/img/loading.svg; https://www.alstapingtools.com/slotted-spool-post-051408b/"
"TapeTech","Taper Tube - 056248","056248G-1","","N/A","","","https://cdn11.bigcommerce.com/s-dbb3r9a7se/images/stencil/1280w/products/915/1054/056248g__23557.1675191893.jpg | https://cdn11.bigcommerce.com/s-dbb3r9a7se/stencil/382d9e80-277d-013e-e48e-4a4f5670f649/e/04e821c0-e5dd-013e-f544-2ec1a3f21564/img/loading.svg; https://www.alstapingtools.com/taper-tube-056248/"
"TapeTech","Band - 050235","050235","","N/A","","","https://cdn11.bigcommerce.com/s-dbb3r9a7se/images/stencil/1280w/products/896/4773/050235__98200.1675191945.jpg; https://www.alstapingtools.com/band-050235/"
"TapeTech","144001 - Mudrunner Plastic Tube Complete","144001","","N/A","","","https://cdn11.bigcommerce.com/s-dbb3r9a7se/images/stencil/1280w/products/885/2732/144001__71569.1675191917.jpg | https://cdn11.bigcommerce.com/s-dbb3r9a7se/stencil/382d9e80-277d-013e-e48e-4a4f5670f649/e/04e821c0-e5dd-013e-f544-2ec1a3f21564/img/loading.svg; https://www.alstapingtools.com/144001-mudrunner-plastic-tube-complete/"
"TapeTech","059252 - 6-32 X 3/16 Rd Hd Sst Screw","059252","","N/A","","","https://cdn11.bigcommerce.com/s-dbb3r9a7se/images/stencil/1280w/products/845/1052/059252_1__25527.1675191893.jpg | https://cdn11.bigcommerce.com/s-dbb3r9a7se/stencil/382d9e80-277d-013e-e48e-4a4f5670f649/e/04e821c0-e5dd-013e-f544-2ec1a3f21564/img/loading.svg; https://www.alstapingtools.com/059252-6-32-x-3-16-rd-hd-sst-screw/"
"TapeTech","724001 - Pump Head Casting","724001","","N/A","","","https://cdn11.bigcommerce.com/s-dbb3r9a7se/images/stencil/1280w/products/818/3820/722001__82306.1675191932.jpg | https://cdn11.bigcommerce.com/s-dbb3r9a7se/stencil/382d9e80-277d-013e-e48e-4a4f5670f649/e/04e821c0-e5dd-013e-f544-2ec1a3f21564/img/loading.svg; https://www.alstapingtools.com/724001-pump-head-casting/"
"TapeTech","202043 - 10-24 x 1-1/4 Fillister Head Screw","202043","","N/A","","","https://cdn11.bigcommerce.com/s-dbb3r9a7se/stencil/382d9e80-277d-013e-e48e-4a4f5670f649/e/04e821c0-e5dd-013e-f544-2ec1a3f21564/img/ProductDefault.svg; https://www.alstapingtools.com/202043-10-24-x-1-1-4-fillister-head-screw/"
"TapeTech","059060 - 3-48 Stop Nut","059060","","N/A","","","https://cdn11.bigcommerce.com/s-dbb3r9a7se/images/stencil/1280w/products/800/5126/nylock__60888.1675191951.jpg | https://cdn11.bigcommerce.com/s-dbb3r9a7se/stencil/382d9e80-277d-013e-e48e-4a4f5670f649/e/04e821c0-e5dd-013e-f544-2ec1a3f21564/img/loading.svg; https://www.alstapingtools.com/059060-3-48-stop-nut/"
"TapeTech","502005 - Pivot","502005F","","N/A","","","https://cdn11.bigcommerce.com/s-dbb3r9a7se/images/stencil/1280w/products/761/5304/502005f__02520.1675191956.jpg | https://cdn11.bigcommerce.com/s-dbb3r9a7se/stencil/382d9e80-277d-013e-e48e-4a4f5670f649/e/04e821c0-e5dd-013e-f544-2ec1a3f21564/img/loading.svg; https://www.alstapingtools.com/502005-pivot/"
"TapeTech","059207 - #8 Flat Washer","059207","","N/A","","","https://cdn11.bigcommerce.com/s-dbb3r9a7se/images/stencil/1280w/products/736/4513/httpwww.alstapingtools.comimagesproductsdetail059207__44147.1675191941.jpg; https://www.alstapingtools.com/059207-8-flat-washer/"
"TapeTech","210007 - TapeTech Flat Box Push Rod","210007","","N/A","","","https://cdn11.bigcommerce.com/s-dbb3r9a7se/images/stencil/1280w/products/727/4313/210007__35626.1675191939.jpg; https://www.alstapingtools.com/210007-tapetech-flat-box-push-rod/"
"TapeTech","Side Plate Spacer - 052152","052152F","","N/A","","","https://cdn11.bigcommerce.com/s-dbb3r9a7se/images/stencil/1280w/products/687/2514/052152__77294.1675191914.jpg | https://cdn11.bigcommerce.com/s-dbb3r9a7se/stencil/382d9e80-277d-013e-e48e-4a4f5670f649/e/04e821c0-e5dd-013e-f544-2ec1a3f21564/img/loading.svg; https://www.alstapingtools.com/side-plate-spacer-052152/"
"TapeTech","502007 - Bearing","502007","","N/A","","","https://cdn11.bigcommerce.com/s-dbb3r9a7se/images/stencil/1280w/products/668/3574/502007__19161.1675191928.jpg | https://cdn11.bigcommerce.com/s-dbb3r9a7se/stencil/382d9e80-277d-013e-e48e-4a4f5670f649/e/04e821c0-e5dd-013e-f544-2ec1a3f21564/img/loading.svg; https://www.alstapingtools.com/502007-bearing/"
"TapeTech","408004 - Ball Clip Spring","10420","","N/A","","","https://cdn11.bigcommerce.com/s-dbb3r9a7se/images/stencil/1280w/products/630/4227/403004_2__37791.1675191938.jpg | https://cdn11.bigcommerce.com/s-dbb3r9a7se/stencil/382d9e80-277d-013e-e48e-4a4f5670f649/e/04e821c0-e5dd-013e-f544-2ec1a3f21564/img/loading.svg; https://www.alstapingtools.com/408004-ball-clip-spring/"
"TapeTech","506009 - Cone Assembly","506009","","N/A","","","https://cdn11.bigcommerce.com/s-dbb3r9a7se/images/stencil/1280w/products/610/4892/506009__28614.1675191947.jpg | https://cdn11.bigcommerce.com/s-dbb3r9a7se/stencil/382d9e80-277d-013e-e48e-4a4f5670f649/e/04e821c0-e5dd-013e-f544-2ec1a3f21564/img/loading.svg; https://www.alstapingtools.com/506009-cone-assembly/"
"TapeTech","809724 - Screw, 8-32 x 5/8 SHCS","809014","","N/A","","","https://cdn11.bigcommerce.com/s-dbb3r9a7se/images/stencil/1280w/products/585/3487/809724__18160.1675191927.jpg; https://www.alstapingtools.com/809724-screw-8-32-x-5-8-shcs/"
"TapeTech","191006 - Pin for 88TT Handle","191006","","N/A","","","https://cdn11.bigcommerce.com/s-dbb3r9a7se/images/stencil/1280w/products/576/3847/untitled-1_1___26811.1675191932.jpg; https://www.alstapingtools.com/191006-pin-for-88tt-handle/"
"TapeTech","400015 - 2"" Frame (Left)","404015","","N/A","","","https://cdn11.bigcommerce.com/s-dbb3r9a7se/images/stencil/1280w/products/561/2489/400015__16485.1675191913.jpg; https://www.alstapingtools.com/400015-2-frame-left/"
"TapeTech","889062 - 10-32 x 3/4 Hex Soc Cap Scr, SST","889062","","N/A","","","https://cdn11.bigcommerce.com/s-dbb3r9a7se/images/stencil/1280w/products/553/971/889062__97152.1675191892.jpg | https://cdn11.bigcommerce.com/s-dbb3r9a7se/stencil/382d9e80-277d-013e-e48e-4a4f5670f649/e/04e821c0-e5dd-013e-f544-2ec1a3f21564/img/loading.svg; https://www.alstapingtools.com/889062-10-32-x-3-4-hex-soc-cap-scr-sst/"
"TapeTech","400005 - Blade Tension Spring","400005","","N/A","","","https://cdn11.bigcommerce.com/s-dbb3r9a7se/images/stencil/1280w/products/540/5195/400005__93715.1675191953.jpg; https://www.alstapingtools.com/400005-blade-tension-spring/"
"TapeTech","889027 - Lock Washer (Special)","889027","","N/A","","","https://cdn11.bigcommerce.com/s-dbb3r9a7se/images/stencil/1280w/products/533/4559/889027__28173.1675191942.jpg | https://cdn11.bigcommerce.com/s-dbb3r9a7se/images/stencil/1280w/products/533/4360/ttt889027_l__05089.1675191939.jpg | https://cdn11.bigcommerce.com/s-dbb3r9a7se/stencil/382d9e80-277d-013e-e48e-4a4f5670f649/e/04e821c0-e5dd-013e-f544-2ec1a3f21564/img/loading.svg; https://www.alstapingtools.com/889027-lock-washer-special/"
"TapeTech","TapeTech 8"" QuickBox™ QSX Flat Finishing Blades 5pk","QB8003-5","","N/A","","","https://cdn11.bigcommerce.com/s-dbb3r9a7se/images/stencil/1280w/products/523/1959/qb6003-5__63892.1675191906.jpg | https://cdn11.bigcommerce.com/s-dbb3r9a7se/stencil/382d9e80-277d-013e-e48e-4a4f5670f649/e/04e821c0-e5dd-013e-f544-2ec1a3f21564/img/loading.svg; https://www.alstapingtools.com/tapetech-8-quickbox-qsx-flat-finishing-blades-5pk/"
"TapeTech","889035 - 6-32 X 1/4 Pan Head Screw","889035","","N/A","","","https://cdn11.bigcommerce.com/s-dbb3r9a7se/images/stencil/1280w/products/514/528/889035__97522.1675191886.jpg | https://cdn11.bigcommerce.com/s-dbb3r9a7se/stencil/382d9e80-277d-013e-e48e-4a4f5670f649/e/04e821c0-e5dd-013e-f544-2ec1a3f21564/img/loading.svg; https://www.alstapingtools.com/889035-6-32-x-1-4-pan-head-screw/"
"TapeTech","559017 - 1/4-20 X 5/8"" Hex Hd Screw","559017","","N/A","","","https://cdn11.bigcommerce.com/s-dbb3r9a7se/images/stencil/1280w/products/495/3455/559017_1__85129.1675191927.jpg | https://cdn11.bigcommerce.com/s-dbb3r9a7se/stencil/382d9e80-277d-013e-e48e-4a4f5670f649/e/04e821c0-e5dd-013e-f544-2ec1a3f21564/img/loading.svg; https://www.alstapingtools.com/559017-1-4-20-x-5-8-hex-hd-screw/"
"TapeTech","882012 - Actuator Clip Pin","882012","","N/A","","","https://cdn11.bigcommerce.com/s-dbb3r9a7se/images/stencil/1280w/products/493/1329/882012__77153.1675191897.jpg; https://www.alstapingtools.com/882012-actuator-clip-pin/"
"TapeTech","TapeTech Corner Roller Wheel Repair Kit - 501RSE","501RSE","","N/A","","","https://cdn11.bigcommerce.com/s-dbb3r9a7se/images/stencil/1280w/products/465/3564/501rse-1__52508.1675191928.jpg | https://cdn11.bigcommerce.com/s-dbb3r9a7se/stencil/382d9e80-277d-013e-e48e-4a4f5670f649/e/04e821c0-e5dd-013e-f544-2ec1a3f21564/img/loading.svg; https://www.alstapingtools.com/tapetech-corner-roller-wheel-repair-kit-501rse/"
"TapeTech","880053 - Lock Block","880053","","N/A","","","https://cdn11.bigcommerce.com/s-dbb3r9a7se/images/stencil/1280w/products/461/2416/880053__88023.1675191912.jpg | https://cdn11.bigcommerce.com/s-dbb3r9a7se/stencil/382d9e80-277d-013e-e48e-4a4f5670f649/e/04e821c0-e5dd-013e-f544-2ec1a3f21564/img/loading.svg; https://www.alstapingtools.com/880053-lock-block/"
"TapeTech","486201 - 3.5"" EasyRoll Head Casting","486201","","N/A","","","https://cdn11.bigcommerce.com/s-dbb3r9a7se/images/stencil/1280w/products/447/1231/486201__61861.1675191895.jpg | https://cdn11.bigcommerce.com/s-dbb3r9a7se/stencil/382d9e80-277d-013e-e48e-4a4f5670f649/e/04e821c0-e5dd-013e-f544-2ec1a3f21564/img/loading.svg; https://www.alstapingtools.com/486201-3-5-easyroll-head-casting/"
"TapeTech","480215 - 3.5"" EasyRoll Frame, Left","480215","","N/A","","","https://cdn11.bigcommerce.com/s-dbb3r9a7se/images/stencil/1280w/products/427/3051/480215__73162.1675191921.jpg; https://www.alstapingtools.com/480215-3-5-easyroll-frame-left/"
"TapeTech","889017 - Conical Spring","889017","","N/A","","","https://cdn11.bigcommerce.com/s-dbb3r9a7se/images/stencil/1280w/products/420/2926/889017__87708.1675191920.jpg | https://cdn11.bigcommerce.com/s-dbb3r9a7se/stencil/382d9e80-277d-013e-e48e-4a4f5670f649/e/04e821c0-e5dd-013e-f544-2ec1a3f21564/img/loading.svg; https://www.alstapingtools.com/889017-conical-spring/"
"TapeTech","TapeTech EasyClean® Pump Maintenance Kit - 501J","501J","","N/A","","","https://cdn11.bigcommerce.com/s-dbb3r9a7se/images/stencil/1280w/products/417/646/501j_-_full__13059.1675191887.jpg | https://cdn11.bigcommerce.com/s-dbb3r9a7se/stencil/382d9e80-277d-013e-e48e-4a4f5670f649/e/04e821c0-e5dd-013e-f544-2ec1a3f21564/img/loading.svg; https://www.alstapingtools.com/tapetech-easyclean-pump-maintenance-kit-501j/"
"TapeTech","409013 - 4-40 X 1/8 Sckt Hd Setscrew","409013","","N/A","","","https://cdn11.bigcommerce.com/s-dbb3r9a7se/images/stencil/1280w/products/414/1296/059084_1__47762.1675191896.jpg | https://cdn11.bigcommerce.com/s-dbb3r9a7se/stencil/382d9e80-277d-013e-e48e-4a4f5670f649/e/04e821c0-e5dd-013e-f544-2ec1a3f21564/img/loading.svg; https://www.alstapingtools.com/409013-4-40-x-1-8-sckt-hd-setscrew/"
"TapeTech","480216 - 3.5"" EasyRoll Frame, right","480216","","N/A","","","https://cdn11.bigcommerce.com/s-dbb3r9a7se/images/stencil/1280w/products/405/663/480216__21593.1675191888.jpg; https://www.alstapingtools.com/480216-3-5-easyroll-frame-right/"
"TapeTech","882016 - Guide Plug","882016","","N/A","","","https://cdn11.bigcommerce.com/s-dbb3r9a7se/images/stencil/1280w/products/398/1392/882016__59318.1675191898.jpg | https://cdn11.bigcommerce.com/s-dbb3r9a7se/stencil/382d9e80-277d-013e-e48e-4a4f5670f649/e/04e821c0-e5dd-013e-f544-2ec1a3f21564/img/loading.svg; https://www.alstapingtools.com/882016-guide-plug/"
"TapeTech","210057 - Blade Holder Clip","210057","","N/A","","","https://cdn11.bigcommerce.com/s-dbb3r9a7se/stencil/382d9e80-277d-013e-e48e-4a4f5670f649/e/04e821c0-e5dd-013e-f544-2ec1a3f21564/img/ProductDefault.svg; https://www.alstapingtools.com/210057-blade-holder-clip/"
"TapeTech","TapeTech Drive Dog Assembly Kit - 215","215","","N/A","","","https://cdn11.bigcommerce.com/s-dbb3r9a7se/images/stencil/1280w/products/393/4017/215-s__58609.1675191935.jpg; https://www.alstapingtools.com/tapetech-drive-dog-assembly-kit-215/"
"TapeTech","602026 - Spring","602026F","","N/A","","","https://cdn11.bigcommerce.com/s-dbb3r9a7se/images/stencil/1280w/products/385/3910/602026f__67665.1675191933.jpg | https://cdn11.bigcommerce.com/s-dbb3r9a7se/stencil/382d9e80-277d-013e-e48e-4a4f5670f649/e/04e821c0-e5dd-013e-f544-2ec1a3f21564/img/loading.svg; https://www.alstapingtools.com/602026-spring/"
"TapeTech","889015 - 6-32 X 3/8 Cap Screw","889015","","N/A","","","https://cdn11.bigcommerce.com/s-dbb3r9a7se/images/stencil/1280w/products/376/3978/889015__74411.1675191934.jpg | https://cdn11.bigcommerce.com/s-dbb3r9a7se/stencil/382d9e80-277d-013e-e48e-4a4f5670f649/e/04e821c0-e5dd-013e-f544-2ec1a3f21564/img/loading.svg; https://www.alstapingtools.com/889015-6-32-x-3-8-cap-screw/"
"TapeTech","400016 - 2"" Frame (Right)","404016","","N/A","","","https://cdn11.bigcommerce.com/s-dbb3r9a7se/images/stencil/1280w/products/373/4047/400016_-___06675.1675191935.jpg; https://www.alstapingtools.com/400016-2-frame-right/"
"TapeTech","882011 - Actuator","882011B","","N/A","","","https://cdn11.bigcommerce.com/s-dbb3r9a7se/images/stencil/1280w/products/372/2603/882011b__07002.1675191915.jpg; https://www.alstapingtools.com/882011-actuator/"
"TapeTech","TapeTech Gooser Assembly - 200","200","","N/A","","","https://cdn11.bigcommerce.com/s-dbb3r9a7se/images/stencil/1280w/products/370/1152/200-full__11170.1675191894.jpg | https://cdn11.bigcommerce.com/s-dbb3r9a7se/stencil/382d9e80-277d-013e-e48e-4a4f5670f649/e/04e821c0-e5dd-013e-f544-2ec1a3f21564/img/loading.svg; https://www.alstapingtools.com/tapetech-gooser-assembly-200/"
"TapeTech","480209 - 3.5"" Angle Head Carbide Blade","480209","","N/A","","","https://cdn11.bigcommerce.com/s-dbb3r9a7se/images/stencil/1280w/products/357/956/480209__82525.1675191892.jpg | https://cdn11.bigcommerce.com/s-dbb3r9a7se/stencil/382d9e80-277d-013e-e48e-4a4f5670f649/e/04e821c0-e5dd-013e-f544-2ec1a3f21564/img/loading.svg; https://www.alstapingtools.com/480209-3-5-angle-head-carbide-blade/"
"TapeTech","142016 - Mudrunner Piston","142016","","N/A","","","https://cdn11.bigcommerce.com/s-dbb3r9a7se/images/stencil/1280w/products/345/418/142016__85574.1675191884.jpg; https://www.alstapingtools.com/142016-mudrunner-piston/"
"TapeTech","400009F - 2"" Carbide Blade","400009F","","N/A","","","https://cdn11.bigcommerce.com/s-dbb3r9a7se/images/stencil/1280w/products/336/1563/400009f__34170.1675191900.jpg | https://cdn11.bigcommerce.com/s-dbb3r9a7se/stencil/382d9e80-277d-013e-e48e-4a4f5670f649/e/04e821c0-e5dd-013e-f544-2ec1a3f21564/img/loading.svg; https://www.alstapingtools.com/400009f-2-carbide-blade/"
"TapeTech","650022 - Connector","650022","","N/A","","","https://cdn11.bigcommerce.com/s-dbb3r9a7se/images/stencil/1280w/products/322/697/650022__65832.1675191888.jpg; https://www.alstapingtools.com/650022-connector/"
"TapeTech","TapeTech Cutter Chain Assembly Kit - 340","340-1","","N/A","","","https://cdn11.bigcommerce.com/s-dbb3r9a7se/images/stencil/1280w/products/320/1362/340-full__64304.1675191897.jpg | https://cdn11.bigcommerce.com/s-dbb3r9a7se/stencil/382d9e80-277d-013e-e48e-4a4f5670f649/e/04e821c0-e5dd-013e-f544-2ec1a3f21564/img/loading.svg; https://www.alstapingtools.com/tapetech-cutter-chain-assembly-kit-340/"
"TapeTech","159006 - Roller Axle, 1/4-20 x 1-1/4 Hex Bolt","159006","","N/A","","","https://cdn11.bigcommerce.com/s-dbb3r9a7se/images/stencil/1280w/products/316/3616/httpwww.alstapingtools.comimagesproductsdetail159006__00353.1675191929.jpg; https://www.alstapingtools.com/159006-roller-axle-1-4-20-x-1-1-4-hex-bolt/"
"TapeTech","603031 - Special Nut","603031","","N/A","","","https://cdn11.bigcommerce.com/s-dbb3r9a7se/images/stencil/1280w/products/295/2354/603031__30925.1675191911.jpg; https://www.alstapingtools.com/603031-special-nut/"
"TapeTech","250045G - 10"" Axle","250045","","N/A","","","https://cdn11.bigcommerce.com/s-dbb3r9a7se/images/stencil/1280w/products/283/1540/250045g__23112.1675191900.jpg | https://cdn11.bigcommerce.com/s-dbb3r9a7se/stencil/382d9e80-277d-013e-e48e-4a4f5670f649/e/04e821c0-e5dd-013e-f544-2ec1a3f21564/img/loading.svg; https://www.alstapingtools.com/250045g-10-axle/"
"TapeTech","TapeTech 3.5"" EZ Roll Corner Finisher Blade Kit - 502F4X","502F4X","","N/A","","","https://cdn11.bigcommerce.com/s-dbb3r9a7se/images/stencil/1280w/products/280/1338/502f4x-1__12938.1675191897.jpg | https://cdn11.bigcommerce.com/s-dbb3r9a7se/stencil/382d9e80-277d-013e-e48e-4a4f5670f649/e/04e821c0-e5dd-013e-f544-2ec1a3f21564/img/loading.svg; https://www.alstapingtools.com/tapetech-3-5-ez-roll-corner-finisher-blade-kit-502f4x/"
"TapeTech","404014 - Center Clip Assembly","404014F","","N/A","","","https://cdn11.bigcommerce.com/s-dbb3r9a7se/images/stencil/1280w/products/274/2598/404014f__39452.1675191915.jpg | https://cdn11.bigcommerce.com/s-dbb3r9a7se/stencil/382d9e80-277d-013e-e48e-4a4f5670f649/e/04e821c0-e5dd-013e-f544-2ec1a3f21564/img/loading.svg; https://www.alstapingtools.com/404014-center-clip-assembly/"
"TapeTech","159026 - Special Nut","159026","","N/A","","","https://cdn11.bigcommerce.com/s-dbb3r9a7se/images/stencil/1280w/products/267/1084/159026__09401.1675191893.jpg | https://cdn11.bigcommerce.com/s-dbb3r9a7se/stencil/382d9e80-277d-013e-e48e-4a4f5670f649/e/04e821c0-e5dd-013e-f544-2ec1a3f21564/img/loading.svg; https://www.alstapingtools.com/159026-special-nut/"
"TapeTech","609032 - 10-32 X 3/4 Flat Hd Sst Scre","609032","","N/A","","","https://cdn11.bigcommerce.com/s-dbb3r9a7se/images/stencil/1280w/products/262/4204/609032__02016.1675191937.jpg; https://www.alstapingtools.com/609032-10-32-x-3-4-flat-hd-sst-scre/"
"TapeTech","856003F - Gooseneck Assembly","856003F","","N/A","","","https://cdn11.bigcommerce.com/s-dbb3r9a7se/images/stencil/1280w/products/261/5541/856003f__03839.1675191963.jpg; https://www.alstapingtools.com/856003f-gooseneck-assembly/"
"TapeTech","TapeTech 3"" Corner Finisher Blade Kit - 502F3","502F3","","N/A","","","https://cdn11.bigcommerce.com/s-dbb3r9a7se/images/stencil/1280w/products/257/3857/502f3-1__26626.1675191932.jpg; https://www.alstapingtools.com/tapetech-3-corner-finisher-blade-kit-502f3/"
"TapeTech","152025 - Spacer Bushing","152025","","N/A","","","https://cdn11.bigcommerce.com/s-dbb3r9a7se/images/stencil/1280w/products/245/4121/152025__43618.1675191936.jpg | https://cdn11.bigcommerce.com/s-dbb3r9a7se/stencil/382d9e80-277d-013e-e48e-4a4f5670f649/e/04e821c0-e5dd-013e-f544-2ec1a3f21564/img/loading.svg; https://www.alstapingtools.com/152025-spacer-bushing/"
"TapeTech","TapeTech 2.5"" Corner Finisher Blade Kit - 502F25","G502F25","","N/A","","","https://cdn11.bigcommerce.com/s-dbb3r9a7se/images/stencil/1280w/products/236/829/502f25-full1__58488.1675191890.jpg | https://cdn11.bigcommerce.com/s-dbb3r9a7se/stencil/382d9e80-277d-013e-e48e-4a4f5670f649/e/04e821c0-e5dd-013e-f544-2ec1a3f21564/img/loading.svg; https://www.alstapingtools.com/tapetech-2-5-corner-finisher-blade-kit-502f25/"
"TapeTech","859016 - Round Vinyl Cap, Black, .315- ID, 2"" Dp","859016","","N/A","","","https://cdn11.bigcommerce.com/s-dbb3r9a7se/images/stencil/1280w/products/223/3357/859016__38432.1675191925.jpg | https://cdn11.bigcommerce.com/s-dbb3r9a7se/stencil/382d9e80-277d-013e-e48e-4a4f5670f649/e/04e821c0-e5dd-013e-f544-2ec1a3f21564/img/loading.svg; https://www.alstapingtools.com/859016-round-vinyl-cap-black-315-id-2-dp/"
"TapeTech","191001 - Replacement Lever","191001","","N/A","","","https://cdn11.bigcommerce.com/s-dbb3r9a7se/images/stencil/1280w/products/222/5146/httpwww.alstapingtools.comimagesproductsdetail190001__28252.1675191952.jpg; https://www.alstapingtools.com/191001-replacement-lever/"
"TapeTech","159010 - 8-32 x 3/8 Fil Hd SS","159010","","N/A","","","https://cdn11.bigcommerce.com/s-dbb3r9a7se/images/stencil/1280w/products/218/1014/159010__05385.1675191893.jpg; https://www.alstapingtools.com/159010-8-32-x-3-8-fil-hd-ss/"
"TapeTech","402017 - Center Clip (Short)","402017F","","N/A","","","https://cdn11.bigcommerce.com/s-dbb3r9a7se/images/stencil/1280w/products/216/1737/402017f__03564.1675191903.jpg | https://cdn11.bigcommerce.com/s-dbb3r9a7se/stencil/382d9e80-277d-013e-e48e-4a4f5670f649/e/04e821c0-e5dd-013e-f544-2ec1a3f21564/img/loading.svg; https://www.alstapingtools.com/402017-center-clip-short/"
"TapeTech","TapeTech 2"" Corner Finisher Blade Kit - 502F2","502F2","","N/A","","","https://cdn11.bigcommerce.com/s-dbb3r9a7se/images/stencil/1280w/products/209/4095/502f21__15854.1675191936.jpg | https://cdn11.bigcommerce.com/s-dbb3r9a7se/stencil/382d9e80-277d-013e-e48e-4a4f5670f649/e/04e821c0-e5dd-013e-f544-2ec1a3f21564/img/loading.svg; https://www.alstapingtools.com/tapetech-2-corner-finisher-blade-kit-502f2/"
"TapeTech","609021 - 10-32 X 5/8 Rd Hd Sst Screw","609021","","N/A","","","https://cdn11.bigcommerce.com/s-dbb3r9a7se/images/stencil/1280w/products/208/2513/609021__92372.1675191914.jpg; https://www.alstapingtools.com/609021-10-32-x-5-8-rd-hd-sst-screw/"
"TapeTech","409021 - Retainer Spring","409021","","N/A","","","https://cdn11.bigcommerce.com/s-dbb3r9a7se/images/stencil/1280w/products/187/5455/409021__27833.1675191960.jpg; https://www.alstapingtools.com/409021-retainer-spring/"
"TapeTech","709050 - #10 Lockwasher","709050","","N/A","","","https://cdn11.bigcommerce.com/s-dbb3r9a7se/images/stencil/1280w/products/175/4101/059164__08170.1675191936.jpg; https://www.alstapingtools.com/709050-10-lockwasher/"
"TapeTech","TapeTech 3.5"" EZ Roll Adjustable Corner Finisher Repair Kit - 501F4AX","501f4ax","","N/A","","","https://cdn11.bigcommerce.com/s-dbb3r9a7se/images/stencil/1280w/products/170/1273/501f4ax-full__01693.1675191896.jpg | https://cdn11.bigcommerce.com/s-dbb3r9a7se/stencil/382d9e80-277d-013e-e48e-4a4f5670f649/e/04e821c0-e5dd-013e-f544-2ec1a3f21564/img/loading.svg; https://www.alstapingtools.com/tapetech-3-5-ez-roll-adjustable-corner-finisher-repair-kit-501f4ax/"
"TapeTech","140002 - Mudrunner Main Tube","140002C","","N/A","","","https://cdn11.bigcommerce.com/s-dbb3r9a7se/images/stencil/1280w/products/169/1910/140002c__64304.1675191905.jpg | https://cdn11.bigcommerce.com/s-dbb3r9a7se/stencil/382d9e80-277d-013e-e48e-4a4f5670f649/e/04e821c0-e5dd-013e-f544-2ec1a3f21564/img/loading.svg; https://www.alstapingtools.com/140002-mudrunner-main-tube/"
"TapeTech","Control Tube, Hard Black Anodized - 050721","050721","","N/A","","","https://cdn11.bigcommerce.com/s-dbb3r9a7se/images/stencil/1280w/products/159/4387/050721__30323.1675191940.jpg; https://www.alstapingtools.com/control-tube-hard-black-anodized-050721/"
"TapeTech","TapeTech 3"" EZ Roll Adjustable Corner Finisher Kit - 501F4A","501F4A","","N/A","","","https://cdn11.bigcommerce.com/s-dbb3r9a7se/images/stencil/1280w/products/152/3216/501f4a-full__09031.1675191923.jpg; https://www.alstapingtools.com/tapetech-3-ez-roll-adjustable-corner-finisher-kit-501f4a/"
"TapeTech","630017 - Pressure Plate Tab","630017","","N/A","","","https://cdn11.bigcommerce.com/s-dbb3r9a7se/images/stencil/1280w/products/150/904/630017__30589.1675191891.jpg; https://www.alstapingtools.com/630017-pressure-plate-tab/"
"TapeTech","152006 - Stud For Corner Roller","152006","","N/A","","","https://cdn11.bigcommerce.com/s-dbb3r9a7se/images/stencil/1280w/products/142/3838/152006__62302.1675191932.jpg | https://cdn11.bigcommerce.com/s-dbb3r9a7se/stencil/382d9e80-277d-013e-e48e-4a4f5670f649/e/04e821c0-e5dd-013e-f544-2ec1a3f21564/img/loading.svg; https://www.alstapingtools.com/152006-stud-for-corner-roller/"
"TapeTech","140018 - Mudrunner Spring","140018","","N/A","","","https://cdn11.bigcommerce.com/s-dbb3r9a7se/images/stencil/1280w/products/139/3642/140018__71182.1675191929.jpg | https://cdn11.bigcommerce.com/s-dbb3r9a7se/stencil/382d9e80-277d-013e-e48e-4a4f5670f649/e/04e821c0-e5dd-013e-f544-2ec1a3f21564/img/loading.svg; https://www.alstapingtools.com/140018-mudrunner-spring/"
"TapeTech","149024 - M6 Stop Nut SST","149024","","N/A","","","https://cdn11.bigcommerce.com/s-dbb3r9a7se/images/stencil/1280w/products/137/1433/149024__92091.1675191898.jpg; https://www.alstapingtools.com/149024-m6-stop-nut-sst/"
"TapeTech","TapeTech 3"" Corner Finisher Repair Kit - 501F3A","501F3A","","N/A","","","https://cdn11.bigcommerce.com/s-dbb3r9a7se/images/stencil/1280w/products/127/5060/501f3a-full__37648.1675191950.jpg; https://www.alstapingtools.com/tapetech-3-corner-finisher-repair-kit-501f3a/"
"TapeTech","159023 - Nylon Washer","159023","","N/A","","","https://cdn11.bigcommerce.com/s-dbb3r9a7se/images/stencil/1280w/products/117/3440/159023_1__11394.1675191927.jpg | https://cdn11.bigcommerce.com/s-dbb3r9a7se/stencil/382d9e80-277d-013e-e48e-4a4f5670f649/e/04e821c0-e5dd-013e-f544-2ec1a3f21564/img/loading.svg; https://www.alstapingtools.com/159023-nylon-washer/"
"Columbia","Columbia 2"" Angle Head Rebuild Kit - COL2 KIT","COL2 KIT","","N/A","","","https://cdn11.bigcommerce.com/s-dbb3r9a7se/images/stencil/1280w/products/4056/5782/blade_kit222__17259.1748975364.jpg; https://www.alstapingtools.com/columbia-2-angle-head-rebuild-kit-col2-kit/"
"Columbia","Columbia Flat Box Door Gasket 7"" - FFB14-7","FFB14-7","","N/A","","","https://cdn11.bigcommerce.com/s-dbb3r9a7se/stencil/382d9e80-277d-013e-e48e-4a4f5670f649/e/04e821c0-e5dd-013e-f544-2ec1a3f21564/img/ProductDefault.svg; https://www.alstapingtools.com/columbia-flat-box-door-gasket-7-ffb14-7/"
"Columbia","Taper Mud Supply Valve Body 054059F - CT97","CT97","","N/A","","","https://cdn11.bigcommerce.com/s-dbb3r9a7se/images/stencil/1280w/products/3955/5787/screenshot_2023-04-25_122335__71823.1748975367.png; https://www.alstapingtools.com/taper-mud-supply-valve-body-054059f-ct97/"
"Columbia","Columbia Mud Pump Maintenacne Kit","MPR-1","","N/A","","","https://cdn11.bigcommerce.com/s-dbb3r9a7se/images/stencil/1280w/products/3915/5817/mpr-1__97507.1748975386.jpg | https://cdn11.bigcommerce.com/s-dbb3r9a7se/stencil/382d9e80-277d-013e-e48e-4a4f5670f649/e/04e821c0-e5dd-013e-f544-2ec1a3f21564/img/loading.svg; https://www.alstapingtools.com/columbia-mud-pump-maintenacne-kit/"
"Columbia","Columbia Angle Head Ball Adapter","AHA","","N/A","","","https://cdn11.bigcommerce.com/s-dbb3r9a7se/images/stencil/1280w/products/849/4437/columbia_aha__94676.1675191940.jpg | https://cdn11.bigcommerce.com/s-dbb3r9a7se/stencil/382d9e80-277d-013e-e48e-4a4f5670f649/e/04e821c0-e5dd-013e-f544-2ec1a3f21564/img/loading.svg; https://www.alstapingtools.com/columbia-angle-head-ball-adapter/"
"Columbia","Columbia Taper Cutter Block Assembly","CTA-41","","N/A","","","https://cdn11.bigcommerce.com/s-dbb3r9a7se/images/stencil/1280w/products/760/4180/columbia_cuttt__68880.1675191937.jpg | https://cdn11.bigcommerce.com/s-dbb3r9a7se/images/stencil/1280w/products/760/4119/hqdefault_14_3__32991.1675191936.jpg | https://cdn11.bigcommerce.com/s-dbb3r9a7se/stencil/382d9e80-277d-013e-e48e-4a4f5670f649/e/04e821c0-e5dd-013e-f544-2ec1a3f21564/img/loading.svg; https://www.alstapingtools.com/columbia-taper-cutter-block-assembly/"
"Columbia","Filler Valve Return Spring - CT101","CT-101","","N/A","","","https://cdn11.bigcommerce.com/s-dbb3r9a7se/stencil/382d9e80-277d-013e-e48e-4a4f5670f649/e/04e821c0-e5dd-013e-f544-2ec1a3f21564/img/ProductDefault.svg; https://www.alstapingtools.com/filler-valve-return-spring-ct101/"
"Columbia","Columbia Replacement 7"" Blade for Tomahawk","SB2-7","","N/A","","","https://cdn11.bigcommerce.com/s-dbb3r9a7se/images/stencil/1280w/products/3059/2892/tomahawk_blade__32383.1675191919.jpg | https://cdn11.bigcommerce.com/s-dbb3r9a7se/stencil/382d9e80-277d-013e-e48e-4a4f5670f649/e/04e821c0-e5dd-013e-f544-2ec1a3f21564/img/loading.svg; https://www.alstapingtools.com/columbia-replacement-7-blade-for-tomahawk/"
"Columbia","Taper Return Spring Tube - CT36","50063-A","","N/A","","","https://cdn11.bigcommerce.com/s-dbb3r9a7se/images/stencil/1280w/products/3040/1651/050063_1__59507.1675191901.jpg | https://cdn11.bigcommerce.com/s-dbb3r9a7se/stencil/382d9e80-277d-013e-e48e-4a4f5670f649/e/04e821c0-e5dd-013e-f544-2ec1a3f21564/img/loading.svg; https://www.alstapingtools.com/taper-return-spring-tube-ct36/"
"Columbia","Mastic Tube Plunger - CMT7","CMT-7","","N/A","","","https://cdn11.bigcommerce.com/s-dbb3r9a7se/images/stencil/1280w/products/3039/1271/cmt7__59120.1675191896.jpg | https://cdn11.bigcommerce.com/s-dbb3r9a7se/stencil/382d9e80-277d-013e-e48e-4a4f5670f649/e/04e821c0-e5dd-013e-f544-2ec1a3f21564/img/loading.svg; https://www.alstapingtools.com/mastic-tube-plunger-cmt7/"
"Columbia","Columbia Replacement 10"" Blade for Tomahawk","SB2-10","","N/A","","","https://cdn11.bigcommerce.com/s-dbb3r9a7se/images/stencil/1280w/products/3029/4652/tomahawn_blade22__37977.1675191943.jpg | https://cdn11.bigcommerce.com/s-dbb3r9a7se/stencil/382d9e80-277d-013e-e48e-4a4f5670f649/e/04e821c0-e5dd-013e-f544-2ec1a3f21564/img/loading.svg; https://www.alstapingtools.com/columbia-replacement-10-blade-for-tomahawk/"
"Columbia","Taper Connecting Rod - CT45","CT-45","","N/A","","","https://cdn11.bigcommerce.com/s-dbb3r9a7se/stencil/382d9e80-277d-013e-e48e-4a4f5670f649/e/04e821c0-e5dd-013e-f544-2ec1a3f21564/img/ProductDefault.svg; https://www.alstapingtools.com/taper-connecting-rod-ct45/"
"Columbia","Columbia Replacement 12"" Blade for Tomahawk","SB2-12","","N/A","","","https://cdn11.bigcommerce.com/s-dbb3r9a7se/images/stencil/1280w/products/3003/2330/12_toma__45286.1675191911.jpg | https://cdn11.bigcommerce.com/s-dbb3r9a7se/stencil/382d9e80-277d-013e-e48e-4a4f5670f649/e/04e821c0-e5dd-013e-f544-2ec1a3f21564/img/loading.svg; https://www.alstapingtools.com/columbia-replacement-12-blade-for-tomahawk/"
"Columbia","Tape Spool Shaft (Quick Release) - CT121B","CT-121B","","N/A","","","https://cdn11.bigcommerce.com/s-dbb3r9a7se/stencil/382d9e80-277d-013e-e48e-4a4f5670f649/e/04e821c0-e5dd-013e-f544-2ec1a3f21564/img/ProductDefault.svg | https://cdn11.bigcommerce.com/s-dbb3r9a7se/stencil/382d9e80-277d-013e-e48e-4a4f5670f649/e/04e821c0-e5dd-013e-f544-2ec1a3f21564/img/loading.svg; https://www.alstapingtools.com/tape-spool-shaft-quick-release-ct121b/"
"Columbia","Columbia Replacement 14"" Blade for Tomahawk","SB2-14","","N/A","","","https://cdn11.bigcommerce.com/s-dbb3r9a7se/images/stencil/1280w/products/2983/3237/sb214__93173.1675191924.jpg | https://cdn11.bigcommerce.com/s-dbb3r9a7se/stencil/382d9e80-277d-013e-e48e-4a4f5670f649/e/04e821c0-e5dd-013e-f544-2ec1a3f21564/img/loading.svg; https://www.alstapingtools.com/columbia-replacement-14-blade-for-tomahawk/"
"Columbia","33/64 X 7/8in Flat Washer - FA308","FA-308","","N/A","","","https://cdn11.bigcommerce.com/s-dbb3r9a7se/images/stencil/1280w/products/2976/983/059224__64339.1675191892.jpg | https://cdn11.bigcommerce.com/s-dbb3r9a7se/stencil/382d9e80-277d-013e-e48e-4a4f5670f649/e/04e821c0-e5dd-013e-f544-2ec1a3f21564/img/loading.svg; https://www.alstapingtools.com/33-64-x-7-8in-flat-washer-fa308/"
"Columbia","CT27 - Taper Knife Guide Bracket Left","50141-A","","N/A","","","https://cdn11.bigcommerce.com/s-dbb3r9a7se/stencil/382d9e80-277d-013e-e48e-4a4f5670f649/e/04e821c0-e5dd-013e-f544-2ec1a3f21564/img/ProductDefault.svg; https://www.alstapingtools.com/ct27-taper-knife-guide-bracket-left/"
"Columbia","Columbia Replacement 18"" Blade for Tomahawk","SB2-18","","N/A","","","https://cdn11.bigcommerce.com/s-dbb3r9a7se/stencil/382d9e80-277d-013e-e48e-4a4f5670f649/e/04e821c0-e5dd-013e-f544-2ec1a3f21564/img/ProductDefault.svg | https://cdn11.bigcommerce.com/s-dbb3r9a7se/stencil/382d9e80-277d-013e-e48e-4a4f5670f649/e/04e821c0-e5dd-013e-f544-2ec1a3f21564/img/loading.svg; https://www.alstapingtools.com/columbia-replacement-18-blade-for-tomahawk/"
"Columbia","CT19 - Taper Paper Feed Guide","CT-19","","N/A","","","https://cdn11.bigcommerce.com/s-dbb3r9a7se/images/stencil/1280w/products/2943/958/054101_1__56445.1675191892.jpg; https://www.alstapingtools.com/ct19-taper-paper-feed-guide/"
"Columbia","Mud Pump Sleeve - MP39","MP39","","N/A","","","https://cdn11.bigcommerce.com/s-dbb3r9a7se/stencil/382d9e80-277d-013e-e48e-4a4f5670f649/e/04e821c0-e5dd-013e-f544-2ec1a3f21564/img/ProductDefault.svg | https://cdn11.bigcommerce.com/s-dbb3r9a7se/stencil/382d9e80-277d-013e-e48e-4a4f5670f649/e/04e821c0-e5dd-013e-f544-2ec1a3f21564/img/loading.svg; https://www.alstapingtools.com/mud-pump-sleeve-mp39/"
"Columbia","Taper Gasket New Style End Ring - CT115A","CT115A","","N/A","","","https://cdn11.bigcommerce.com/s-dbb3r9a7se/images/stencil/1280w/products/2913/4727/059328_1__04448.1675191944.jpg | https://cdn11.bigcommerce.com/s-dbb3r9a7se/stencil/382d9e80-277d-013e-e48e-4a4f5670f649/e/04e821c0-e5dd-013e-f544-2ec1a3f21564/img/loading.svg; https://www.alstapingtools.com/taper-gasket-new-style-end-ring-ct115a/"
"Columbia","Corner Roller Handle Mounting Swivel - CR6","CR6","","N/A","","","https://cdn11.bigcommerce.com/s-dbb3r9a7se/images/stencil/1280w/products/2901/425/154007_1__11428.1675191884.jpg; https://www.alstapingtools.com/corner-roller-handle-mounting-swivel-cr6/"
"Columbia","Taper Tube Holding Bracket Lower - CT38","050071F-A","","N/A","","","https://cdn11.bigcommerce.com/s-dbb3r9a7se/images/stencil/1280w/products/2895/1490/050072f__95196.1675191899.jpg | https://cdn11.bigcommerce.com/s-dbb3r9a7se/stencil/382d9e80-277d-013e-e48e-4a4f5670f649/e/04e821c0-e5dd-013e-f544-2ec1a3f21564/img/loading.svg; https://www.alstapingtools.com/taper-tube-holding-bracket-lower-ct38/"
"Columbia","Columbia Replacement 24"" Blade for Tomahawk","SB2-24","","N/A","","","https://cdn11.bigcommerce.com/s-dbb3r9a7se/stencil/382d9e80-277d-013e-e48e-4a4f5670f649/e/04e821c0-e5dd-013e-f544-2ec1a3f21564/img/ProductDefault.svg | https://cdn11.bigcommerce.com/s-dbb3r9a7se/stencil/382d9e80-277d-013e-e48e-4a4f5670f649/e/04e821c0-e5dd-013e-f544-2ec1a3f21564/img/loading.svg; https://www.alstapingtools.com/columbia-replacement-24-blade-for-tomahawk/"
"Columbia","Angle Box Mud Supply Valve Unit - CFB6","354003F-A","","N/A","","","https://cdn11.bigcommerce.com/s-dbb3r9a7se/images/stencil/1280w/products/2872/3560/354064f_1__32366.1675191928.jpg | https://cdn11.bigcommerce.com/s-dbb3r9a7se/stencil/382d9e80-277d-013e-e48e-4a4f5670f649/e/04e821c0-e5dd-013e-f544-2ec1a3f21564/img/loading.svg; https://www.alstapingtools.com/angle-box-mud-supply-valve-unit-cfb6/"
"Columbia","Taper Tube Holding Bracket Upper - CT37","050072F-A","","N/A","","","https://cdn11.bigcommerce.com/s-dbb3r9a7se/images/stencil/1280w/products/2863/1422/050071f__95375.1675191898.jpg | https://cdn11.bigcommerce.com/s-dbb3r9a7se/stencil/382d9e80-277d-013e-e48e-4a4f5670f649/e/04e821c0-e5dd-013e-f544-2ec1a3f21564/img/loading.svg; https://www.alstapingtools.com/taper-tube-holding-bracket-upper-ct37/"
"Columbia","Columbia Box Handle Cam Follower - BH7","BH07","","N/A","","","https://cdn11.bigcommerce.com/s-dbb3r9a7se/images/stencil/1280w/products/2859/903/190002__63339.1675191891.jpg; https://www.alstapingtools.com/columbia-box-handle-cam-follower-bh7/"
"Columbia","Columbia Replacement 32"" Blade for Tomahawk","SB2-32","","N/A","","","https://cdn11.bigcommerce.com/s-dbb3r9a7se/images/stencil/1280w/products/2858/1689/sb232__26112.1675191902.jpg | https://cdn11.bigcommerce.com/s-dbb3r9a7se/stencil/382d9e80-277d-013e-e48e-4a4f5670f649/e/04e821c0-e5dd-013e-f544-2ec1a3f21564/img/loading.svg; https://www.alstapingtools.com/columbia-replacement-32-blade-for-tomahawk/"
"Columbia","6-32 Hex Nut - FA232","807224-A","","N/A","","","https://cdn11.bigcommerce.com/s-dbb3r9a7se/images/stencil/1280w/products/2855/1512/059087_1__16231.1675191899.jpg; https://www.alstapingtools.com/6-32-hex-nut-fa232/"
"Columbia","Flat Box Axle 10in - HFFB5-10","hffb5-10","","N/A","","","https://cdn11.bigcommerce.com/s-dbb3r9a7se/stencil/382d9e80-277d-013e-e48e-4a4f5670f649/e/04e821c0-e5dd-013e-f544-2ec1a3f21564/img/ProductDefault.svg | https://cdn11.bigcommerce.com/s-dbb3r9a7se/stencil/382d9e80-277d-013e-e48e-4a4f5670f649/e/04e821c0-e5dd-013e-f544-2ec1a3f21564/img/loading.svg; https://www.alstapingtools.com/flat-box-axle-10in-hffb5-10/"
"Columbia","1/4-28 X 1/4in Set Screw - FA302","FA302","","N/A","","","https://cdn11.bigcommerce.com/s-dbb3r9a7se/images/stencil/1280w/products/2834/3320/409013_1_3__03185.1675191925.jpg; https://www.alstapingtools.com/1-4-28-x-1-4in-set-screw-fa302/"
"Columbia","Columbia Replacement 40"" Blade for Tomahawk","SB2-40","","N/A","","","https://cdn11.bigcommerce.com/s-dbb3r9a7se/images/stencil/1280w/products/2831/2310/sb240__86284.1675191911.jpg | https://cdn11.bigcommerce.com/s-dbb3r9a7se/stencil/382d9e80-277d-013e-e48e-4a4f5670f649/e/04e821c0-e5dd-013e-f544-2ec1a3f21564/img/loading.svg; https://www.alstapingtools.com/columbia-replacement-40-blade-for-tomahawk/"
"Columbia","Taper Cable Guide Pulley - CT84A","CT-084A","","N/A","","","https://cdn11.bigcommerce.com/s-dbb3r9a7se/stencil/382d9e80-277d-013e-e48e-4a4f5670f649/e/04e821c0-e5dd-013e-f544-2ec1a3f21564/img/ProductDefault.svg | https://cdn11.bigcommerce.com/s-dbb3r9a7se/stencil/382d9e80-277d-013e-e48e-4a4f5670f649/e/04e821c0-e5dd-013e-f544-2ec1a3f21564/img/loading.svg; https://www.alstapingtools.com/taper-cable-guide-pulley-ct84a/"
"Columbia","Columbia Replacement 48"" Blade for Tomahawk","SB2-48","","N/A","","","https://cdn11.bigcommerce.com/s-dbb3r9a7se/images/stencil/1280w/products/2804/4728/sb248__58632.1675191945.jpg | https://cdn11.bigcommerce.com/s-dbb3r9a7se/stencil/382d9e80-277d-013e-e48e-4a4f5670f649/e/04e821c0-e5dd-013e-f544-2ec1a3f21564/img/loading.svg; https://www.alstapingtools.com/columbia-replacement-48-blade-for-tomahawk/"
"Columbia","Taper Crimping Arm Bushing Right - CT10","CT10","","N/A","","","https://cdn11.bigcommerce.com/s-dbb3r9a7se/stencil/382d9e80-277d-013e-e48e-4a4f5670f649/e/04e821c0-e5dd-013e-f544-2ec1a3f21564/img/ProductDefault.svg; https://www.alstapingtools.com/taper-crimping-arm-bushing-right-ct10/"
"Columbia","Taper Barrel Main Body - CT103","CT-103","","N/A","","","https://cdn11.bigcommerce.com/s-dbb3r9a7se/stencil/382d9e80-277d-013e-e48e-4a4f5670f649/e/04e821c0-e5dd-013e-f544-2ec1a3f21564/img/ProductDefault.svg | https://cdn11.bigcommerce.com/s-dbb3r9a7se/stencil/382d9e80-277d-013e-e48e-4a4f5670f649/e/04e821c0-e5dd-013e-f544-2ec1a3f21564/img/loading.svg; https://www.alstapingtools.com/taper-barrel-main-body-ct103/"
"Columbia","Angle Box Door Stop - CFB11","CFB11","","N/A","","","https://cdn11.bigcommerce.com/s-dbb3r9a7se/images/stencil/1280w/products/2776/1446/502034_1__92318.1675191899.jpg | https://cdn11.bigcommerce.com/s-dbb3r9a7se/stencil/382d9e80-277d-013e-e48e-4a4f5670f649/e/04e821c0-e5dd-013e-f544-2ec1a3f21564/img/loading.svg; https://www.alstapingtools.com/angle-box-door-stop-cfb11/"
"Columbia","Taper Drive Sprocket Large - CT77","CT-77","","N/A","","","https://cdn11.bigcommerce.com/s-dbb3r9a7se/stencil/382d9e80-277d-013e-e48e-4a4f5670f649/e/04e821c0-e5dd-013e-f544-2ec1a3f21564/img/ProductDefault.svg; https://www.alstapingtools.com/taper-drive-sprocket-large-ct77/"
"Columbia","Taper Control Valve - CT95","50058-A2","","N/A","","","https://cdn11.bigcommerce.com/s-dbb3r9a7se/images/stencil/1280w/products/2762/4082/050058_1__77786.1675191936.jpg | https://cdn11.bigcommerce.com/s-dbb3r9a7se/stencil/382d9e80-277d-013e-e48e-4a4f5670f649/e/04e821c0-e5dd-013e-f544-2ec1a3f21564/img/loading.svg; https://www.alstapingtools.com/taper-control-valve-ct95/"
"Columbia","Taper Cable Drum - CT73","CT-73","","N/A","","","https://cdn11.bigcommerce.com/s-dbb3r9a7se/stencil/382d9e80-277d-013e-e48e-4a4f5670f649/e/04e821c0-e5dd-013e-f544-2ec1a3f21564/img/ProductDefault.svg | https://cdn11.bigcommerce.com/s-dbb3r9a7se/stencil/382d9e80-277d-013e-e48e-4a4f5670f649/e/04e821c0-e5dd-013e-f544-2ec1a3f21564/img/loading.svg; https://www.alstapingtools.com/taper-cable-drum-ct73/"
"Columbia","Taper Right Wafer Bushing - CT5","CT-5","","N/A","","","https://cdn11.bigcommerce.com/s-dbb3r9a7se/images/stencil/1280w/products/2742/3007/059149_2__36780.1675191921.jpg | https://cdn11.bigcommerce.com/s-dbb3r9a7se/stencil/382d9e80-277d-013e-e48e-4a4f5670f649/e/04e821c0-e5dd-013e-f544-2ec1a3f21564/img/loading.svg; https://www.alstapingtools.com/taper-right-wafer-bushing-ct5/"
"Columbia","Taper Clutch Release Rod - CT88","CT-88","","N/A","","","https://cdn11.bigcommerce.com/s-dbb3r9a7se/images/stencil/1280w/products/2740/631/050034f_1_1__33649.1675191887.jpg | https://cdn11.bigcommerce.com/s-dbb3r9a7se/stencil/382d9e80-277d-013e-e48e-4a4f5670f649/e/04e821c0-e5dd-013e-f544-2ec1a3f21564/img/loading.svg; https://www.alstapingtools.com/taper-clutch-release-rod-ct88/"
"Columbia","Angle Box Door Hinge - CFB15","CFB-15","","N/A","","","https://cdn11.bigcommerce.com/s-dbb3r9a7se/images/stencil/1280w/products/2734/1522/502005f_1__17528.1675191900.jpg | https://cdn11.bigcommerce.com/s-dbb3r9a7se/stencil/382d9e80-277d-013e-e48e-4a4f5670f649/e/04e821c0-e5dd-013e-f544-2ec1a3f21564/img/loading.svg; https://www.alstapingtools.com/angle-box-door-hinge-cfb15/"
"Columbia","Angle Box 5/16-18 X 3/4in Thumb Screw - CFB10","809011-A","","N/A","","","https://cdn11.bigcommerce.com/s-dbb3r9a7se/images/stencil/1280w/products/2733/2496/809011_1__26198.1675191914.jpg | https://cdn11.bigcommerce.com/s-dbb3r9a7se/stencil/382d9e80-277d-013e-e48e-4a4f5670f649/e/04e821c0-e5dd-013e-f544-2ec1a3f21564/img/loading.svg; https://www.alstapingtools.com/angle-box-5-16-18-x-3-4in-thumb-screw-cfb10/"
"Columbia","Taper Side Plate Left - CT6A","CT-6A","","N/A","","","https://cdn11.bigcommerce.com/s-dbb3r9a7se/images/stencil/1280w/products/2720/1717/051089_2__05075.1675191902.jpg | https://cdn11.bigcommerce.com/s-dbb3r9a7se/stencil/382d9e80-277d-013e-e48e-4a4f5670f649/e/04e821c0-e5dd-013e-f544-2ec1a3f21564/img/loading.svg; https://www.alstapingtools.com/taper-side-plate-left-ct6a/"
"Columbia","CT128 - Taper Shaft Guide Strap","50229-A","","N/A","","","https://cdn11.bigcommerce.com/s-dbb3r9a7se/stencil/382d9e80-277d-013e-e48e-4a4f5670f649/e/04e821c0-e5dd-013e-f544-2ec1a3f21564/img/ProductDefault.svg; https://www.alstapingtools.com/ct128-taper-shaft-guide-strap/"
"Columbia","Taper Side Plate Support Right - CT8","54104-A","","N/A","","","https://cdn11.bigcommerce.com/s-dbb3r9a7se/images/stencil/1280w/products/2704/3595/054104_2__28264.1675191929.jpg; https://www.alstapingtools.com/taper-side-plate-support-right-ct8/"
"Columbia","Flat Box Handle Strap Connecting Pin - BH11","BH-11","","N/A","","","https://cdn11.bigcommerce.com/s-dbb3r9a7se/stencil/382d9e80-277d-013e-e48e-4a4f5670f649/e/04e821c0-e5dd-013e-f544-2ec1a3f21564/img/ProductDefault.svg | https://cdn11.bigcommerce.com/s-dbb3r9a7se/stencil/382d9e80-277d-013e-e48e-4a4f5670f649/e/04e821c0-e5dd-013e-f544-2ec1a3f21564/img/loading.svg; https://www.alstapingtools.com/flat-box-handle-strap-connecting-pin-bh11/"
"Columbia","AH18 - Angle Head Socket Wear Cup","402006-A","","N/A","","","https://cdn11.bigcommerce.com/s-dbb3r9a7se/images/stencil/1280w/products/2696/862/402006_1__23487.1675191890.jpg | https://cdn11.bigcommerce.com/s-dbb3r9a7se/stencil/382d9e80-277d-013e-e48e-4a4f5670f649/e/04e821c0-e5dd-013e-f544-2ec1a3f21564/img/loading.svg; https://www.alstapingtools.com/ah18-angle-head-socket-wear-cup/"
"Columbia","Corner Roller Handle Connecting Link - CR11","CR-11","","N/A","","","https://cdn11.bigcommerce.com/s-dbb3r9a7se/images/stencil/1280w/products/2695/4661/150003f_1__70723.1675191944.jpg | https://cdn11.bigcommerce.com/s-dbb3r9a7se/stencil/382d9e80-277d-013e-e48e-4a4f5670f649/e/04e821c0-e5dd-013e-f544-2ec1a3f21564/img/loading.svg; https://www.alstapingtools.com/corner-roller-handle-connecting-link-cr11/"
"Columbia","5/16 Flat Washer - FA304","FA-304","","N/A","","","https://cdn11.bigcommerce.com/s-dbb3r9a7se/stencil/382d9e80-277d-013e-e48e-4a4f5670f649/e/04e821c0-e5dd-013e-f544-2ec1a3f21564/img/ProductDefault.svg | https://cdn11.bigcommerce.com/s-dbb3r9a7se/stencil/382d9e80-277d-013e-e48e-4a4f5670f649/e/04e821c0-e5dd-013e-f544-2ec1a3f21564/img/loading.svg; https://www.alstapingtools.com/5-16-flat-washer-fa304/"
"Columbia","Flat Box Stainless Steel Backing Washer - FFB4B","209046-A","","N/A","","","https://cdn11.bigcommerce.com/s-dbb3r9a7se/images/stencil/1280w/products/2660/2124/209046_1__21853.1675191908.jpg | https://cdn11.bigcommerce.com/s-dbb3r9a7se/stencil/382d9e80-277d-013e-e48e-4a4f5670f649/e/04e821c0-e5dd-013e-f544-2ec1a3f21564/img/loading.svg; https://www.alstapingtools.com/flat-box-stainless-steel-backing-washer-ffb4b/"
"Columbia","Columbia Nail Spotter Wheel Kit- 2in","HNSA-5-2","","N/A","","","https://cdn11.bigcommerce.com/s-dbb3r9a7se/images/stencil/1280w/products/2652/3335/nail_kit__95589.1675191925.jpg | https://cdn11.bigcommerce.com/s-dbb3r9a7se/images/stencil/1280w/products/2652/3567/hqdefault_22_1__46552.1675191928.jpg | https://cdn11.bigcommerce.com/s-dbb3r9a7se/stencil/382d9e80-277d-013e-e48e-4a4f5670f649/e/04e821c0-e5dd-013e-f544-2ec1a3f21564/img/loading.svg; https://www.alstapingtools.com/columbia-nail-spotter-wheel-kit-2in/"
"Columbia","Flat Box Blade Bar Assembly 5.5 in - FFBA10-5.5","ffba-10-5.5","","N/A","","","https://cdn11.bigcommerce.com/s-dbb3r9a7se/stencil/382d9e80-277d-013e-e48e-4a4f5670f649/e/04e821c0-e5dd-013e-f544-2ec1a3f21564/img/ProductDefault.svg | https://cdn11.bigcommerce.com/s-dbb3r9a7se/stencil/382d9e80-277d-013e-e48e-4a4f5670f649/e/04e821c0-e5dd-013e-f544-2ec1a3f21564/img/loading.svg; https://www.alstapingtools.com/flat-box-blade-bar-assembly-5-5-in-ffba10-5-5/"
"Columbia","5/16-18 x 1 1/4"" Hex Bolt - FA306","FA-306","","N/A","","","https://cdn11.bigcommerce.com/s-dbb3r9a7se/stencil/382d9e80-277d-013e-e48e-4a4f5670f649/e/04e821c0-e5dd-013e-f544-2ec1a3f21564/img/ProductDefault.svg | https://cdn11.bigcommerce.com/s-dbb3r9a7se/stencil/382d9e80-277d-013e-e48e-4a4f5670f649/e/04e821c0-e5dd-013e-f544-2ec1a3f21564/img/loading.svg; https://www.alstapingtools.com/5-16-18-x-1-1-4-hex-bolt-fa306/"
"Columbia","Mud Pump Piston Shaft - MP11","mp-11","","N/A","","","https://cdn11.bigcommerce.com/s-dbb3r9a7se/images/stencil/1280w/products/2628/3128/700002f_1__66143.1675191922.jpg | https://cdn11.bigcommerce.com/s-dbb3r9a7se/stencil/382d9e80-277d-013e-e48e-4a4f5670f649/e/04e821c0-e5dd-013e-f544-2ec1a3f21564/img/loading.svg; https://www.alstapingtools.com/mud-pump-piston-shaft-mp11/"
"Columbia","Mud Pump Filler Nut - MP28","MP28","","N/A","","","https://cdn11.bigcommerce.com/s-dbb3r9a7se/images/stencil/1280w/products/2617/1853/700037_2__04966.1675191904.jpg; https://www.alstapingtools.com/mud-pump-filler-nut-mp28/"
"Columbia","Spool Retaining Spring - CT119","CT-119","","N/A","","","https://cdn11.bigcommerce.com/s-dbb3r9a7se/stencil/382d9e80-277d-013e-e48e-4a4f5670f649/e/04e821c0-e5dd-013e-f544-2ec1a3f21564/img/ProductDefault.svg | https://cdn11.bigcommerce.com/s-dbb3r9a7se/stencil/382d9e80-277d-013e-e48e-4a4f5670f649/e/04e821c0-e5dd-013e-f544-2ec1a3f21564/img/loading.svg; https://www.alstapingtools.com/spool-retaining-spring-ct119/"
"Columbia","Taper Mud Supply Seal Plate - CT98","CT-98","","N/A","","","https://cdn11.bigcommerce.com/s-dbb3r9a7se/stencil/382d9e80-277d-013e-e48e-4a4f5670f649/e/04e821c0-e5dd-013e-f544-2ec1a3f21564/img/ProductDefault.svg | https://cdn11.bigcommerce.com/s-dbb3r9a7se/stencil/382d9e80-277d-013e-e48e-4a4f5670f649/e/04e821c0-e5dd-013e-f544-2ec1a3f21564/img/loading.svg; https://www.alstapingtools.com/taper-mud-supply-seal-plate-ct98/"
"Columbia","CT17 - Taper Separation Plate","054048F-A","","N/A","","","https://cdn11.bigcommerce.com/s-dbb3r9a7se/images/stencil/1280w/products/2591/2226/054048f_1__98041.1675191910.jpg | https://cdn11.bigcommerce.com/s-dbb3r9a7se/stencil/382d9e80-277d-013e-e48e-4a4f5670f649/e/04e821c0-e5dd-013e-f544-2ec1a3f21564/img/loading.svg; https://www.alstapingtools.com/ct17-taper-separation-plate/"
"Columbia","AH7-3 Angle Head Frame Tension Spring","AH7-3","","N/A","","","https://cdn11.bigcommerce.com/s-dbb3r9a7se/images/stencil/1280w/products/2582/3088/480021_2__22648.1675191922.jpg | https://cdn11.bigcommerce.com/s-dbb3r9a7se/stencil/382d9e80-277d-013e-e48e-4a4f5670f649/e/04e821c0-e5dd-013e-f544-2ec1a3f21564/img/loading.svg; https://www.alstapingtools.com/ah7-3-angle-head-frame-tension-spring/"
"Columbia","Flat Box Blade Bar Assembly 12in - FFBA10-12","FFBA10-12","","N/A","","","https://cdn11.bigcommerce.com/s-dbb3r9a7se/images/stencil/1280w/products/2578/1058/304002_2__70311.1675191893.jpg; https://www.alstapingtools.com/flat-box-blade-bar-assembly-12in-ffba10-12/"
"Columbia","Flat Box Door Spring Nut - FFB16","202020-A","","N/A","","","https://cdn11.bigcommerce.com/s-dbb3r9a7se/images/stencil/1280w/products/2574/889/202020_1__81566.1675191891.jpg | https://cdn11.bigcommerce.com/s-dbb3r9a7se/stencil/382d9e80-277d-013e-e48e-4a4f5670f649/e/04e821c0-e5dd-013e-f544-2ec1a3f21564/img/loading.svg; https://www.alstapingtools.com/flat-box-door-spring-nut-ffb16/"
"Columbia","Taper Side Plate Right - CT6","CT-6","","N/A","","","https://cdn11.bigcommerce.com/s-dbb3r9a7se/images/stencil/1280w/products/2566/1416/051105_2__26603.1675191898.jpg | https://cdn11.bigcommerce.com/s-dbb3r9a7se/stencil/382d9e80-277d-013e-e48e-4a4f5670f649/e/04e821c0-e5dd-013e-f544-2ec1a3f21564/img/loading.svg; https://www.alstapingtools.com/taper-side-plate-right-ct6/"
"Columbia","Flat Box Blade Bar Assembly 10in - FFBA10-10","FFBA-10-10","","N/A","","","https://cdn11.bigcommerce.com/s-dbb3r9a7se/images/stencil/1280w/products/2558/2684/254002__98504.1675191916.jpg | https://cdn11.bigcommerce.com/s-dbb3r9a7se/stencil/382d9e80-277d-013e-e48e-4a4f5670f649/e/04e821c0-e5dd-013e-f544-2ec1a3f21564/img/loading.svg; https://www.alstapingtools.com/flat-box-blade-bar-assembly-10in-ffba10-10/"
"Columbia","Flat Box Thumb Release Clip Screw - FFB32A","FFB32A","","N/A","","","https://cdn11.bigcommerce.com/s-dbb3r9a7se/images/stencil/1280w/products/2554/3539/202036_1__67128.1675191928.jpg; https://www.alstapingtools.com/flat-box-thumb-release-clip-screw-ffb32a/"
"Columbia","CT22 - Taper Brass Bracket","CT22","","N/A","","","https://cdn11.bigcommerce.com/s-dbb3r9a7se/images/stencil/1280w/products/2544/467/050090f_1__42052.1675191885.jpg; https://www.alstapingtools.com/ct22-taper-brass-bracket/"
"Columbia","4-40 X 1/8in Flat Head Screw - FA209","FA209","","N/A","","","https://cdn11.bigcommerce.com/s-dbb3r9a7se/images/stencil/1280w/products/2540/4106/059021_1__39054.1675191936.jpg; https://www.alstapingtools.com/4-40-x-1-8in-flat-head-screw-fa209/"
"Columbia","Flat Box Blade Bar Assembly 7in - FFBA10-7","ffba-10-7","","N/A","","","https://cdn11.bigcommerce.com/s-dbb3r9a7se/images/stencil/1280w/products/2530/2480/204002_1__31844.1675191913.jpg; https://www.alstapingtools.com/flat-box-blade-bar-assembly-7in-ffba10-7/"
"Columbia","Mud Pump Pump Flapper Valve - MP3","MP-32","","N/A","","","https://cdn11.bigcommerce.com/s-dbb3r9a7se/images/stencil/1280w/products/2529/4269/740010_1__38644.1675191938.jpg | https://cdn11.bigcommerce.com/s-dbb3r9a7se/stencil/382d9e80-277d-013e-e48e-4a4f5670f649/e/04e821c0-e5dd-013e-f544-2ec1a3f21564/img/loading.svg; https://www.alstapingtools.com/mud-pump-pump-flapper-valve-mp3/"
"Columbia","#4 Lock Washer - FA205","59038-A","","N/A","","","https://cdn11.bigcommerce.com/s-dbb3r9a7se/images/stencil/1280w/products/2522/652/059016_3__98016.1675191887.jpg; https://www.alstapingtools.com/4-lock-washer-fa205/"
"Columbia","CT20 - Taper Hinge Block","CT20","","N/A","","","https://cdn11.bigcommerce.com/s-dbb3r9a7se/stencil/382d9e80-277d-013e-e48e-4a4f5670f649/e/04e821c0-e5dd-013e-f544-2ec1a3f21564/img/ProductDefault.svg | https://cdn11.bigcommerce.com/s-dbb3r9a7se/stencil/382d9e80-277d-013e-e48e-4a4f5670f649/e/04e821c0-e5dd-013e-f544-2ec1a3f21564/img/loading.svg; https://www.alstapingtools.com/ct20-taper-hinge-block/"
"Columbia","Taper Carriage Cam - CT32","50123-A","","N/A","","","https://cdn11.bigcommerce.com/s-dbb3r9a7se/images/stencil/1280w/products/2486/1038/050123_1__01346.1675191893.jpg; https://www.alstapingtools.com/taper-carriage-cam-ct32/"
"Columbia","6-32 X 5/8in Hex Bolt - FA247","fa247","","N/A","","","https://cdn11.bigcommerce.com/s-dbb3r9a7se/images/stencil/1280w/products/2483/1484/559017_2__81566.1675191899.jpg | https://cdn11.bigcommerce.com/s-dbb3r9a7se/stencil/382d9e80-277d-013e-e48e-4a4f5670f649/e/04e821c0-e5dd-013e-f544-2ec1a3f21564/img/loading.svg; https://www.alstapingtools.com/6-32-x-5-8in-hex-bolt-fa247/"
"Columbia","Mud Pump Piston Backing Washer (Small) - MP13A","MP-13A","","N/A","","","https://cdn11.bigcommerce.com/s-dbb3r9a7se/images/stencil/1280w/products/2475/1876/700045_1__48767.1675191904.jpg; https://www.alstapingtools.com/mud-pump-piston-backing-washer-small-mp13a/"
"Columbia","Taper Cap Reinforcing Tab - CT35","CT-35R","","N/A","","","https://cdn11.bigcommerce.com/s-dbb3r9a7se/images/stencil/1280w/products/2471/1028/050154_1__83006.1675191893.jpg; https://www.alstapingtools.com/taper-cap-reinforcing-tab-ct35/"
"Columbia","Taper Lock Block - CT113","CT113","","N/A","","","https://cdn11.bigcommerce.com/s-dbb3r9a7se/stencil/382d9e80-277d-013e-e48e-4a4f5670f649/e/04e821c0-e5dd-013e-f544-2ec1a3f21564/img/ProductDefault.svg; https://www.alstapingtools.com/taper-lock-block-ct113/"
"Columbia","CT130 - Taper Extension Shaft","CT-130","","N/A","","","https://cdn11.bigcommerce.com/s-dbb3r9a7se/images/stencil/1280w/products/2459/752/032219-lores-lores__87509.1675191889.jpg; https://www.alstapingtools.com/ct130-taper-extension-shaft/"
"Columbia","Mud Pump Piston Backing Washer (Large) - MP13","MP-13","","N/A","","","https://cdn11.bigcommerce.com/s-dbb3r9a7se/images/stencil/1280w/products/2448/417/700008_2__32448.1675191884.jpg; https://www.alstapingtools.com/mud-pump-piston-backing-washer-large-mp13/"
"Columbia","Nail Spotter Mud Seal Strip 3in - HNS1A-3","HNS1A-3","","N/A","","","https://cdn11.bigcommerce.com/s-dbb3r9a7se/stencil/382d9e80-277d-013e-e48e-4a4f5670f649/e/04e821c0-e5dd-013e-f544-2ec1a3f21564/img/ProductDefault.svg; https://www.alstapingtools.com/nail-spotter-mud-seal-strip-3in-hns1a-3/"
"Columbia","Mud Pump Head Bushing - MP5","mp5","","N/A","","","https://cdn11.bigcommerce.com/s-dbb3r9a7se/stencil/382d9e80-277d-013e-e48e-4a4f5670f649/e/04e821c0-e5dd-013e-f544-2ec1a3f21564/img/ProductDefault.svg; https://www.alstapingtools.com/mud-pump-head-bushing-mp5/"
"Columbia","Taper Piston Cup - CT111","CT-111","","N/A","","","https://cdn11.bigcommerce.com/s-dbb3r9a7se/images/stencil/1280w/products/2430/4699/050203_1__45934.1675191944.jpg | https://cdn11.bigcommerce.com/s-dbb3r9a7se/stencil/382d9e80-277d-013e-e48e-4a4f5670f649/e/04e821c0-e5dd-013e-f544-2ec1a3f21564/img/loading.svg; https://www.alstapingtools.com/taper-piston-cup-ct111/"
"Columbia","Nail Spotter 2in Nail Spotter Blade - NS7-2","ns7-2","","N/A","","","https://cdn11.bigcommerce.com/s-dbb3r9a7se/images/stencil/1280w/products/2422/3072/600005f_2__89749.1675191921.jpg; https://www.alstapingtools.com/nail-spotter-2in-nail-spotter-blade-ns7-2/"
"Columbia","AH5 - Angle Head Frame Retainer Clip","402019-A","","N/A","","","https://cdn11.bigcommerce.com/s-dbb3r9a7se/stencil/382d9e80-277d-013e-e48e-4a4f5670f649/e/04e821c0-e5dd-013e-f544-2ec1a3f21564/img/ProductDefault.svg | https://cdn11.bigcommerce.com/s-dbb3r9a7se/stencil/382d9e80-277d-013e-e48e-4a4f5670f649/e/04e821c0-e5dd-013e-f544-2ec1a3f21564/img/loading.svg; https://www.alstapingtools.com/ah5-angle-head-frame-retainer-clip/"
"Columbia","Handle Extension Release Clip - HH30","HH30","","N/A","","","https://cdn11.bigcommerce.com/s-dbb3r9a7se/stencil/382d9e80-277d-013e-e48e-4a4f5670f649/e/04e821c0-e5dd-013e-f544-2ec1a3f21564/img/ProductDefault.svg | https://cdn11.bigcommerce.com/s-dbb3r9a7se/stencil/382d9e80-277d-013e-e48e-4a4f5670f649/e/04e821c0-e5dd-013e-f544-2ec1a3f21564/img/loading.svg; https://www.alstapingtools.com/handle-extension-release-clip-hh30/"
"Columbia","Taper Clutch Lever - CT82","CT82","","N/A","","","https://cdn11.bigcommerce.com/s-dbb3r9a7se/images/stencil/1280w/products/2408/1202/054116f_1__52339.1675191895.jpg | https://cdn11.bigcommerce.com/s-dbb3r9a7se/stencil/382d9e80-277d-013e-e48e-4a4f5670f649/e/04e821c0-e5dd-013e-f544-2ec1a3f21564/img/loading.svg; https://www.alstapingtools.com/taper-clutch-lever-ct82/"
"Columbia","CT125A - Columbia Taper Bearing","CT-125A","","N/A","","","https://cdn11.bigcommerce.com/s-dbb3r9a7se/images/stencil/1280w/products/2387/465/480027__70866.1675191885.jpg | https://cdn11.bigcommerce.com/s-dbb3r9a7se/stencil/382d9e80-277d-013e-e48e-4a4f5670f649/e/04e821c0-e5dd-013e-f544-2ec1a3f21564/img/loading.svg; https://www.alstapingtools.com/ct125a-columbia-taper-bearing/"
"Columbia","Taper Carriage Guide Rod Stop - CT56","50068-A","","N/A","","","https://cdn11.bigcommerce.com/s-dbb3r9a7se/images/stencil/1280w/products/2385/3213/050068_1__77039.1675191923.jpg | https://cdn11.bigcommerce.com/s-dbb3r9a7se/stencil/382d9e80-277d-013e-e48e-4a4f5670f649/e/04e821c0-e5dd-013e-f544-2ec1a3f21564/img/loading.svg; https://www.alstapingtools.com/taper-carriage-guide-rod-stop-ct56/"
"Columbia","Columbia Nail Spotter Wedge for Skid Nail Spotter - HNS20","HNS20","","N/A","","","https://cdn11.bigcommerce.com/s-dbb3r9a7se/stencil/382d9e80-277d-013e-e48e-4a4f5670f649/e/04e821c0-e5dd-013e-f544-2ec1a3f21564/img/ProductDefault.svg; https://www.alstapingtools.com/columbia-nail-spotter-wedge-for-skid-nail-spotter-hns20/"
"Columbia","AH7-2 - Angle Head Frame Tension Spring 2in","AH7-2","","N/A","","","https://cdn11.bigcommerce.com/s-dbb3r9a7se/images/stencil/1280w/products/2358/1104/450005__63122.1675191894.jpg | https://cdn11.bigcommerce.com/s-dbb3r9a7se/stencil/382d9e80-277d-013e-e48e-4a4f5670f649/e/04e821c0-e5dd-013e-f544-2ec1a3f21564/img/loading.svg; https://www.alstapingtools.com/ah7-2-angle-head-frame-tension-spring-2in/"
"Columbia","Taper Roller - CT125","CT-125","","N/A","","","https://cdn11.bigcommerce.com/s-dbb3r9a7se/stencil/382d9e80-277d-013e-e48e-4a4f5670f649/e/04e821c0-e5dd-013e-f544-2ec1a3f21564/img/ProductDefault.svg; https://www.alstapingtools.com/taper-roller-ct125/"
"Columbia","Taper Nylatron Washer - CT76","CT-76","","N/A","","","https://cdn11.bigcommerce.com/s-dbb3r9a7se/stencil/382d9e80-277d-013e-e48e-4a4f5670f649/e/04e821c0-e5dd-013e-f544-2ec1a3f21564/img/ProductDefault.svg | https://cdn11.bigcommerce.com/s-dbb3r9a7se/stencil/382d9e80-277d-013e-e48e-4a4f5670f649/e/04e821c0-e5dd-013e-f544-2ec1a3f21564/img/loading.svg; https://www.alstapingtools.com/taper-nylatron-washer-ct76/"
"Columbia","Handle Release Clip Pin - Columbia Flat Box Door Gasket 10in Fat Boy-New Style - HFBB14-1","HH31","","N/A","","","https://cdn11.bigcommerce.com/s-dbb3r9a7se/stencil/382d9e80-277d-013e-e48e-4a4f5670f649/e/04e821c0-e5dd-013e-f544-2ec1a3f21564/img/ProductDefault.svg | https://cdn11.bigcommerce.com/s-dbb3r9a7se/stencil/382d9e80-277d-013e-e48e-4a4f5670f649/e/04e821c0-e5dd-013e-f544-2ec1a3f21564/img/loading.svg; https://www.alstapingtools.com/handle-release-clip-pin-columbia-flat-box-door-gasket-10in-fat-boy-new-style-hfbb14-1/"
"Columbia","Columbia Flat Box Door Gasket 10in Fat Boy-New Style - HFBB14-10","hfbb-14-1","","N/A","","","https://cdn11.bigcommerce.com/s-dbb3r9a7se/images/stencil/1280w/products/2338/930/qb8010-lo__27560.1675191891.jpg | https://cdn11.bigcommerce.com/s-dbb3r9a7se/stencil/382d9e80-277d-013e-e48e-4a4f5670f649/e/04e821c0-e5dd-013e-f544-2ec1a3f21564/img/loading.svg; https://www.alstapingtools.com/columbia-flat-box-door-gasket-10in-fat-boy-new-style-hfbb14-10/"
"Columbia","Columbia Pump Rebuild Kit","502H-A","","N/A","","","https://cdn11.bigcommerce.com/s-dbb3r9a7se/images/stencil/1280w/products/2335/1948/502h-full__68079.1675191906.jpg; https://www.alstapingtools.com/columbia-pump-rebuild-kit/"
"Columbia","Angle Box Hinge Seal - CFB1A","CFB-1A","","N/A","","","https://cdn11.bigcommerce.com/s-dbb3r9a7se/stencil/382d9e80-277d-013e-e48e-4a4f5670f649/e/04e821c0-e5dd-013e-f544-2ec1a3f21564/img/ProductDefault.svg | https://cdn11.bigcommerce.com/s-dbb3r9a7se/stencil/382d9e80-277d-013e-e48e-4a4f5670f649/e/04e821c0-e5dd-013e-f544-2ec1a3f21564/img/loading.svg; https://www.alstapingtools.com/angle-box-hinge-seal-cfb1a/"
"Columbia","Columbia Taper Head Maintenance Kit","CTR-2","","N/A","","","https://cdn11.bigcommerce.com/s-dbb3r9a7se/images/stencil/1280w/products/2322/420/columbia_ctr2__60800.1675191884.jpg | https://cdn11.bigcommerce.com/s-dbb3r9a7se/images/stencil/1280w/products/2322/1030/hqdefault_18_12__26110.1675191893.jpg | https://cdn11.bigcommerce.com/s-dbb3r9a7se/stencil/382d9e80-277d-013e-e48e-4a4f5670f649/e/04e821c0-e5dd-013e-f544-2ec1a3f21564/img/loading.svg; https://www.alstapingtools.com/columbia-taper-head-maintenance-kit/"
"Columbia","Taper Mud Supply Valve Body - CT97","054059F-A","","N/A","","","https://cdn11.bigcommerce.com/s-dbb3r9a7se/images/stencil/1280w/products/2320/1808/054064f_2__87268.1675191904.jpg | https://cdn11.bigcommerce.com/s-dbb3r9a7se/stencil/382d9e80-277d-013e-e48e-4a4f5670f649/e/04e821c0-e5dd-013e-f544-2ec1a3f21564/img/loading.svg; https://www.alstapingtools.com/taper-mud-supply-valve-body-ct97/"
"Columbia","Nail Spotter Door Gasket 2in - NS4-2","NS4-2","","N/A","","","https://cdn11.bigcommerce.com/s-dbb3r9a7se/images/stencil/1280w/products/2312/1963/630015_1__08660.1675191906.jpg | https://cdn11.bigcommerce.com/s-dbb3r9a7se/stencil/382d9e80-277d-013e-e48e-4a4f5670f649/e/04e821c0-e5dd-013e-f544-2ec1a3f21564/img/loading.svg; https://www.alstapingtools.com/nail-spotter-door-gasket-2in-ns4-2/"
"Columbia","Handle Release Clip Spring - HH33","HH33","","N/A","","","https://cdn11.bigcommerce.com/s-dbb3r9a7se/stencil/382d9e80-277d-013e-e48e-4a4f5670f649/e/04e821c0-e5dd-013e-f544-2ec1a3f21564/img/ProductDefault.svg | https://cdn11.bigcommerce.com/s-dbb3r9a7se/stencil/382d9e80-277d-013e-e48e-4a4f5670f649/e/04e821c0-e5dd-013e-f544-2ec1a3f21564/img/loading.svg; https://www.alstapingtools.com/handle-release-clip-spring-hh33/"
"Columbia","Taper Gooser Needle - Extra Long 6 pk","G10926-6","","N/A","","","https://cdn11.bigcommerce.com/s-dbb3r9a7se/images/stencil/1280w/products/2304/3322/6_pack_needle__88896.1675191925.jpg; https://www.alstapingtools.com/taper-gooser-needle-extra-long-6-pk/"
"Columbia","Taper Bearing Shaft - CT106","CT-106A","","N/A","","","https://cdn11.bigcommerce.com/s-dbb3r9a7se/stencil/382d9e80-277d-013e-e48e-4a4f5670f649/e/04e821c0-e5dd-013e-f544-2ec1a3f21564/img/ProductDefault.svg; https://www.alstapingtools.com/taper-bearing-shaft-ct106/"
"Columbia","Retaining Spring Clip(Quick Realease) - CT118A","CT118A","","N/A","","","https://cdn11.bigcommerce.com/s-dbb3r9a7se/stencil/382d9e80-277d-013e-e48e-4a4f5670f649/e/04e821c0-e5dd-013e-f544-2ec1a3f21564/img/ProductDefault.svg; https://www.alstapingtools.com/retaining-spring-clip-quick-realease-ct118a/"
"Columbia","Taper Needle Return Spring - CT65","56022-A","","N/A","","","https://cdn11.bigcommerce.com/s-dbb3r9a7se/images/stencil/1280w/products/2291/2820/056022_5__85569.1675191918.jpg; https://www.alstapingtools.com/taper-needle-return-spring-ct65/"
"Columbia","Columbia Taper Maintenance Kit","CTR-1","","N/A","","","https://cdn11.bigcommerce.com/s-dbb3r9a7se/images/stencil/1280w/products/2288/4254/col_main__96187.1675191938.jpg | https://cdn11.bigcommerce.com/s-dbb3r9a7se/images/stencil/1280w/products/2288/3954/hqdefault_18_11__89483.1675191934.jpg | https://cdn11.bigcommerce.com/s-dbb3r9a7se/stencil/382d9e80-277d-013e-e48e-4a4f5670f649/e/04e821c0-e5dd-013e-f544-2ec1a3f21564/img/loading.svg; https://www.alstapingtools.com/columbia-taper-maintenance-kit/"
"Columbia","Taper L Clip - CT92A","CT-92A","","N/A","","","https://cdn11.bigcommerce.com/s-dbb3r9a7se/stencil/382d9e80-277d-013e-e48e-4a4f5670f649/e/04e821c0-e5dd-013e-f544-2ec1a3f21564/img/ProductDefault.svg; https://www.alstapingtools.com/taper-l-clip-ct92a/"
"Columbia","Taper Side Plate Hub - CT7A","050150F-A","","N/A","","","https://cdn11.bigcommerce.com/s-dbb3r9a7se/images/stencil/1280w/products/2265/3968/050150f__46492.1675191934.jpg | https://cdn11.bigcommerce.com/s-dbb3r9a7se/stencil/382d9e80-277d-013e-e48e-4a4f5670f649/e/04e821c0-e5dd-013e-f544-2ec1a3f21564/img/loading.svg; https://www.alstapingtools.com/taper-side-plate-hub-ct7a/"
"Columbia","Flat Box Rubber Gasket Retainer 12in - FFB25-12","FFB-25-12","","N/A","","","https://cdn11.bigcommerce.com/s-dbb3r9a7se/stencil/382d9e80-277d-013e-e48e-4a4f5670f649/e/04e821c0-e5dd-013e-f544-2ec1a3f21564/img/ProductDefault.svg | https://cdn11.bigcommerce.com/s-dbb3r9a7se/stencil/382d9e80-277d-013e-e48e-4a4f5670f649/e/04e821c0-e5dd-013e-f544-2ec1a3f21564/img/loading.svg; https://www.alstapingtools.com/flat-box-rubber-gasket-retainer-12in-ffb25-12/"
"Columbia","Taper Toe Kicker - CT53","CT-53","","N/A","","","https://cdn11.bigcommerce.com/s-dbb3r9a7se/images/stencil/1280w/products/2256/1139/050079_1__71523.1675191894.jpg | https://cdn11.bigcommerce.com/s-dbb3r9a7se/stencil/382d9e80-277d-013e-e48e-4a4f5670f649/e/04e821c0-e5dd-013e-f544-2ec1a3f21564/img/loading.svg; https://www.alstapingtools.com/taper-toe-kicker-ct53/"
"Columbia","Flat Box Handle Lower Brake Lever - BH4","BH4","","N/A","","","https://cdn11.bigcommerce.com/s-dbb3r9a7se/images/stencil/1280w/products/2242/4479/802814-hires-lores__60503.1675191941.jpg; https://www.alstapingtools.com/flat-box-handle-lower-brake-lever-bh4/"
"Columbia","8-32 x 3/16"" Pan Slot - FA256","809171","","N/A","","","https://cdn11.bigcommerce.com/s-dbb3r9a7se/images/stencil/1280w/products/2238/2725/209048_4__61967.1675191917.jpg; https://www.alstapingtools.com/8-32-x-3-16-pan-slot-fa256/"
"Columbia","AH4 - Angle Head Side Blade","AH4","","N/A","","","https://cdn11.bigcommerce.com/s-dbb3r9a7se/images/stencil/1280w/products/2227/1785/409011_1__21197.1675191903.jpg; https://www.alstapingtools.com/ah4-angle-head-side-blade/"
"Columbia","Taper Clutch Return Spring - CT81","050115F-A","","N/A","","","https://cdn11.bigcommerce.com/s-dbb3r9a7se/images/stencil/1280w/products/2225/2657/050115f_1__36812.1675191916.jpg | https://cdn11.bigcommerce.com/s-dbb3r9a7se/stencil/382d9e80-277d-013e-e48e-4a4f5670f649/e/04e821c0-e5dd-013e-f544-2ec1a3f21564/img/loading.svg; https://www.alstapingtools.com/taper-clutch-return-spring-ct81/"
"Columbia","Box Handle Upper Mounting Bracket - BH5","BH-5","","N/A","","","https://cdn11.bigcommerce.com/s-dbb3r9a7se/stencil/382d9e80-277d-013e-e48e-4a4f5670f649/e/04e821c0-e5dd-013e-f544-2ec1a3f21564/img/ProductDefault.svg | https://cdn11.bigcommerce.com/s-dbb3r9a7se/stencil/382d9e80-277d-013e-e48e-4a4f5670f649/e/04e821c0-e5dd-013e-f544-2ec1a3f21564/img/loading.svg; https://www.alstapingtools.com/box-handle-upper-mounting-bracket-bh5/"
"Columbia","CT2 - Taper Insert Bushing","59078-A","","N/A","","","https://cdn11.bigcommerce.com/s-dbb3r9a7se/images/stencil/1280w/products/2211/4331/209047_2__64547.1675191939.jpg | https://cdn11.bigcommerce.com/s-dbb3r9a7se/stencil/382d9e80-277d-013e-e48e-4a4f5670f649/e/04e821c0-e5dd-013e-f544-2ec1a3f21564/img/loading.svg; https://www.alstapingtools.com/ct2-taper-insert-bushing/"
"Columbia","Columbia ONE Angle Box Door Adaptor #14499 - CFB8A","cfb8a","","N/A","","","https://cdn11.bigcommerce.com/s-dbb3r9a7se/stencil/382d9e80-277d-013e-e48e-4a4f5670f649/e/04e821c0-e5dd-013e-f544-2ec1a3f21564/img/ProductDefault.svg | https://cdn11.bigcommerce.com/s-dbb3r9a7se/stencil/382d9e80-277d-013e-e48e-4a4f5670f649/e/04e821c0-e5dd-013e-f544-2ec1a3f21564/img/loading.svg; https://www.alstapingtools.com/columbia-one-angle-box-door-adaptor-14499-cfb8a/"
"Columbia","Box Handle Hinge Pin - BH6","BH6","","N/A","","","https://cdn11.bigcommerce.com/s-dbb3r9a7se/stencil/382d9e80-277d-013e-e48e-4a4f5670f649/e/04e821c0-e5dd-013e-f544-2ec1a3f21564/img/ProductDefault.svg | https://cdn11.bigcommerce.com/s-dbb3r9a7se/stencil/382d9e80-277d-013e-e48e-4a4f5670f649/e/04e821c0-e5dd-013e-f544-2ec1a3f21564/img/loading.svg; https://www.alstapingtools.com/box-handle-hinge-pin-bh6/"
"Columbia","Flat Box Blade Bar Assembly 8in - FFBA10-8","FFBA-10-8","","N/A","","","https://cdn11.bigcommerce.com/s-dbb3r9a7se/images/stencil/1280w/products/2188/1374/204002_2__78991.1675191897.jpg | https://cdn11.bigcommerce.com/s-dbb3r9a7se/stencil/382d9e80-277d-013e-e48e-4a4f5670f649/e/04e821c0-e5dd-013e-f544-2ec1a3f21564/img/loading.svg; https://www.alstapingtools.com/flat-box-blade-bar-assembly-8in-ffba10-8/"
"Columbia","Nail Spotter Shoe 2in - NS8-2","NS8-2","","N/A","","","https://cdn11.bigcommerce.com/s-dbb3r9a7se/images/stencil/1280w/products/2180/839/600007_2__96891.1675191890.jpg; https://www.alstapingtools.com/nail-spotter-shoe-2in-ns8-2/"
"Columbia","CT28 - Taper Roller Bushing","CT-28","","N/A","","","https://cdn11.bigcommerce.com/s-dbb3r9a7se/stencil/382d9e80-277d-013e-e48e-4a4f5670f649/e/04e821c0-e5dd-013e-f544-2ec1a3f21564/img/ProductDefault.svg | https://cdn11.bigcommerce.com/s-dbb3r9a7se/stencil/382d9e80-277d-013e-e48e-4a4f5670f649/e/04e821c0-e5dd-013e-f544-2ec1a3f21564/img/loading.svg; https://www.alstapingtools.com/ct28-taper-roller-bushing/"
"Columbia","Nail Spotter Door Spring Short- Right - HNS10A","HNS10A","","N/A","","","https://cdn11.bigcommerce.com/s-dbb3r9a7se/images/stencil/1280w/products/2178/1784/602026f_2__14661.1675191903.jpg | https://cdn11.bigcommerce.com/s-dbb3r9a7se/stencil/382d9e80-277d-013e-e48e-4a4f5670f649/e/04e821c0-e5dd-013e-f544-2ec1a3f21564/img/loading.svg; https://www.alstapingtools.com/nail-spotter-door-spring-short-right-hns10a/"
"Columbia","Box Handle Mounting Plate - BH01","BH01","","N/A","","","https://cdn11.bigcommerce.com/s-dbb3r9a7se/stencil/382d9e80-277d-013e-e48e-4a4f5670f649/e/04e821c0-e5dd-013e-f544-2ec1a3f21564/img/ProductDefault.svg | https://cdn11.bigcommerce.com/s-dbb3r9a7se/stencil/382d9e80-277d-013e-e48e-4a4f5670f649/e/04e821c0-e5dd-013e-f544-2ec1a3f21564/img/loading.svg; https://www.alstapingtools.com/box-handle-mounting-plate-bh01/"
"Columbia","Taper Chain Tension & Guide Bracket - CT31","50163-A","","N/A","","","https://cdn11.bigcommerce.com/s-dbb3r9a7se/images/stencil/1280w/products/2163/1334/050163_1__56306.1675191897.jpg | https://cdn11.bigcommerce.com/s-dbb3r9a7se/stencil/382d9e80-277d-013e-e48e-4a4f5670f649/e/04e821c0-e5dd-013e-f544-2ec1a3f21564/img/loading.svg; https://www.alstapingtools.com/taper-chain-tension-guide-bracket-ct31/"
"Columbia","Nail Spotter Shoe 3in - NS8-3","ns8-3","","N/A","","","https://cdn11.bigcommerce.com/s-dbb3r9a7se/images/stencil/1280w/products/2156/1745/600007_1__27553.1675191903.jpg; https://www.alstapingtools.com/nail-spotter-shoe-3in-ns8-3/"
"Columbia","Mud Pump Filler Stud - MP25","700036-A2","","N/A","","","https://cdn11.bigcommerce.com/s-dbb3r9a7se/images/stencil/1280w/products/2149/3005/700036_2__39216.1675191921.jpg; https://www.alstapingtools.com/mud-pump-filler-stud-mp25/"
"Columbia","Taper Nylatron Chain Roller - CT29","CT-29","","N/A","","","https://cdn11.bigcommerce.com/s-dbb3r9a7se/stencil/382d9e80-277d-013e-e48e-4a4f5670f649/e/04e821c0-e5dd-013e-f544-2ec1a3f21564/img/ProductDefault.svg | https://cdn11.bigcommerce.com/s-dbb3r9a7se/stencil/382d9e80-277d-013e-e48e-4a4f5670f649/e/04e821c0-e5dd-013e-f544-2ec1a3f21564/img/loading.svg; https://www.alstapingtools.com/taper-nylatron-chain-roller-ct29/"
"Columbia","Flat Box Rubber Gasket Retainer 10in - FFB25-10","ffb-25-10","","N/A","","","https://cdn11.bigcommerce.com/s-dbb3r9a7se/stencil/382d9e80-277d-013e-e48e-4a4f5670f649/e/04e821c0-e5dd-013e-f544-2ec1a3f21564/img/ProductDefault.svg | https://cdn11.bigcommerce.com/s-dbb3r9a7se/stencil/382d9e80-277d-013e-e48e-4a4f5670f649/e/04e821c0-e5dd-013e-f544-2ec1a3f21564/img/loading.svg; https://www.alstapingtools.com/flat-box-rubber-gasket-retainer-10in-ffb25-10/"
"Columbia","Box Handle Cam for 180 Handle - BH26","BH26","","N/A","","","https://cdn11.bigcommerce.com/s-dbb3r9a7se/stencil/382d9e80-277d-013e-e48e-4a4f5670f649/e/04e821c0-e5dd-013e-f544-2ec1a3f21564/img/ProductDefault.svg | https://cdn11.bigcommerce.com/s-dbb3r9a7se/stencil/382d9e80-277d-013e-e48e-4a4f5670f649/e/04e821c0-e5dd-013e-f544-2ec1a3f21564/img/loading.svg; https://www.alstapingtools.com/box-handle-cam-for-180-handle-bh26/"
"Columbia","CT25 - Taper Knife Guide Square Tube","CT-25","","N/A","","","https://cdn11.bigcommerce.com/s-dbb3r9a7se/images/stencil/1280w/products/2121/3775/050113f_1_1__80633.1675191931.jpg; https://www.alstapingtools.com/ct25-taper-knife-guide-square-tube/"
"Columbia","Nail Spotter Door Swivel - NS25","NS-25-2","","N/A","","","https://cdn11.bigcommerce.com/s-dbb3r9a7se/stencil/382d9e80-277d-013e-e48e-4a4f5670f649/e/04e821c0-e5dd-013e-f544-2ec1a3f21564/img/ProductDefault.svg | https://cdn11.bigcommerce.com/s-dbb3r9a7se/stencil/382d9e80-277d-013e-e48e-4a4f5670f649/e/04e821c0-e5dd-013e-f544-2ec1a3f21564/img/loading.svg; https://www.alstapingtools.com/nail-spotter-door-swivel-ns25/"
"Columbia","Taper Knife Return Spring - CT39","CT39","","N/A","","","https://cdn11.bigcommerce.com/s-dbb3r9a7se/stencil/382d9e80-277d-013e-e48e-4a4f5670f649/e/04e821c0-e5dd-013e-f544-2ec1a3f21564/img/ProductDefault.svg | https://cdn11.bigcommerce.com/s-dbb3r9a7se/stencil/382d9e80-277d-013e-e48e-4a4f5670f649/e/04e821c0-e5dd-013e-f544-2ec1a3f21564/img/loading.svg; https://www.alstapingtools.com/taper-knife-return-spring-ct39/"
"Columbia","AH1B - Return Spring Angle Head","409010-A","","N/A","","","https://cdn11.bigcommerce.com/s-dbb3r9a7se/images/stencil/1280w/products/2103/3032/109254-hires-lores__06631.1675191921.jpg | https://cdn11.bigcommerce.com/s-dbb3r9a7se/stencil/382d9e80-277d-013e-e48e-4a4f5670f649/e/04e821c0-e5dd-013e-f544-2ec1a3f21564/img/loading.svg; https://www.alstapingtools.com/ah1b-return-spring-angle-head/"
"Columbia","Columbia Corner Cobra Maintenance Roller Wheel Replacement Kit","CC-RK","","N/A","","","https://cdn11.bigcommerce.com/s-dbb3r9a7se/images/stencil/1280w/products/2102/3379/ccparts__92759.1675191926.jpg | https://cdn11.bigcommerce.com/s-dbb3r9a7se/images/stencil/1280w/products/2102/2372/hqdefault_15_51__91136.1675191912.jpg | https://cdn11.bigcommerce.com/s-dbb3r9a7se/stencil/382d9e80-277d-013e-e48e-4a4f5670f649/e/04e821c0-e5dd-013e-f544-2ec1a3f21564/img/loading.svg; https://www.alstapingtools.com/columbia-corner-cobra-maintenance-roller-wheel-replacement-kit/"
"Columbia","6-32 X 1/2in Bind Head Screw - FA244","808991","","N/A","","","https://cdn11.bigcommerce.com/s-dbb3r9a7se/images/stencil/1280w/products/2100/1386/059020_2__73776.1675191898.jpg; https://www.alstapingtools.com/6-32-x-1-2in-bind-head-screw-fa244/"
"Columbia","Box Handle 180 Grip Plate - BH2","BH2","","N/A","","","https://cdn11.bigcommerce.com/s-dbb3r9a7se/stencil/382d9e80-277d-013e-e48e-4a4f5670f649/e/04e821c0-e5dd-013e-f544-2ec1a3f21564/img/ProductDefault.svg | https://cdn11.bigcommerce.com/s-dbb3r9a7se/stencil/382d9e80-277d-013e-e48e-4a4f5670f649/e/04e821c0-e5dd-013e-f544-2ec1a3f21564/img/loading.svg; https://www.alstapingtools.com/box-handle-180-grip-plate-bh2/"
"Columbia","Flat Box Box Wheel - FFB6","FFB6","","N/A","","","https://cdn11.bigcommerce.com/s-dbb3r9a7se/stencil/382d9e80-277d-013e-e48e-4a4f5670f649/e/04e821c0-e5dd-013e-f544-2ec1a3f21564/img/ProductDefault.svg; https://www.alstapingtools.com/flat-box-box-wheel-ffb6/"
"Columbia","Columbia Taper Drive Chain - CT78","058126F-A","","N/A","","","https://cdn11.bigcommerce.com/s-dbb3r9a7se/images/stencil/1280w/products/2074/424/058126f_3__13591.1675191884.jpg | https://cdn11.bigcommerce.com/s-dbb3r9a7se/stencil/382d9e80-277d-013e-e48e-4a4f5670f649/e/04e821c0-e5dd-013e-f544-2ec1a3f21564/img/loading.svg; https://www.alstapingtools.com/columbia-taper-drive-chain-ct78/"
"Columbia","4-40 X 3/4in Bind Head Screw - FA220","FA220","","N/A","","","https://cdn11.bigcommerce.com/s-dbb3r9a7se/stencil/382d9e80-277d-013e-e48e-4a4f5670f649/e/04e821c0-e5dd-013e-f544-2ec1a3f21564/img/ProductDefault.svg; https://www.alstapingtools.com/4-40-x-3-4in-bind-head-screw-fa220/"
"Columbia","Flat Box Door Gasket 8in Fat Boy-New Style - HFFB14-8","HFFB14-8","","N/A","","","https://cdn11.bigcommerce.com/s-dbb3r9a7se/stencil/382d9e80-277d-013e-e48e-4a4f5670f649/e/04e821c0-e5dd-013e-f544-2ec1a3f21564/img/ProductDefault.svg; https://www.alstapingtools.com/flat-box-door-gasket-8in-fat-boy-new-style-hffb14-8/"
"Columbia","1/4-20 X 7/8in Flat Socket - FA298","FA-298","","N/A","","","https://cdn11.bigcommerce.com/s-dbb3r9a7se/images/stencil/1280w/products/2059/4622/059238__92002.1675191943.jpg | https://cdn11.bigcommerce.com/s-dbb3r9a7se/stencil/382d9e80-277d-013e-e48e-4a4f5670f649/e/04e821c0-e5dd-013e-f544-2ec1a3f21564/img/loading.svg; https://www.alstapingtools.com/1-4-20-x-7-8in-flat-socket-fa298/"
"Columbia","Tall Boy Lef Stabilizer -TBMP8C","TBMP8C","","N/A","","","https://cdn11.bigcommerce.com/s-dbb3r9a7se/stencil/382d9e80-277d-013e-e48e-4a4f5670f649/e/04e821c0-e5dd-013e-f544-2ec1a3f21564/img/ProductDefault.svg; https://www.alstapingtools.com/tall-boy-lef-stabilizer-tbmp8c/"
"Columbia","CT129B - Taper Sleeve (Plastic Roller)","50226-A","","N/A","","","https://cdn11.bigcommerce.com/s-dbb3r9a7se/stencil/382d9e80-277d-013e-e48e-4a4f5670f649/e/04e821c0-e5dd-013e-f544-2ec1a3f21564/img/ProductDefault.svg; https://www.alstapingtools.com/ct129b-taper-sleeve-plastic-roller/"
"Columbia","Creaser Return Spring - CT54","050081F-A","","N/A","","","https://cdn11.bigcommerce.com/s-dbb3r9a7se/stencil/382d9e80-277d-013e-e48e-4a4f5670f649/e/04e821c0-e5dd-013e-f544-2ec1a3f21564/img/ProductDefault.svg | https://cdn11.bigcommerce.com/s-dbb3r9a7se/stencil/382d9e80-277d-013e-e48e-4a4f5670f649/e/04e821c0-e5dd-013e-f544-2ec1a3f21564/img/loading.svg; https://www.alstapingtools.com/creaser-return-spring-ct54/"
"Columbia","Taper Mud Shut Off Gasket - CT96","50003-A2","","N/A","","","https://cdn11.bigcommerce.com/s-dbb3r9a7se/images/stencil/1280w/products/2024/2077/050003_1__03481.1675191907.jpg | https://cdn11.bigcommerce.com/s-dbb3r9a7se/stencil/382d9e80-277d-013e-e48e-4a4f5670f649/e/04e821c0-e5dd-013e-f544-2ec1a3f21564/img/loading.svg; https://www.alstapingtools.com/taper-mud-shut-off-gasket-ct96/"
"Columbia","1/4in X 1/2in Split Pin - FA288","FA-288","","N/A","","","https://cdn11.bigcommerce.com/s-dbb3r9a7se/images/stencil/1280w/products/2022/1224/059120_2__57728.1675191895.jpg | https://cdn11.bigcommerce.com/s-dbb3r9a7se/stencil/382d9e80-277d-013e-e48e-4a4f5670f649/e/04e821c0-e5dd-013e-f544-2ec1a3f21564/img/loading.svg; https://www.alstapingtools.com/1-4in-x-1-2in-split-pin-fa288/"
"Columbia","CT127 - Taper Extension Shaft Bracket","ct127","","N/A","","","https://cdn11.bigcommerce.com/s-dbb3r9a7se/images/stencil/1280w/products/2018/549/050221f_1__40494.1675191886.jpg; https://www.alstapingtools.com/ct127-taper-extension-shaft-bracket/"
"Columbia","Taper Hollow Shaft - CT79","CT-79","","N/A","","","https://cdn11.bigcommerce.com/s-dbb3r9a7se/images/stencil/1280w/products/2007/4751/052121f_2__36768.1675191945.jpg | https://cdn11.bigcommerce.com/s-dbb3r9a7se/stencil/382d9e80-277d-013e-e48e-4a4f5670f649/e/04e821c0-e5dd-013e-f544-2ec1a3f21564/img/loading.svg; https://www.alstapingtools.com/taper-hollow-shaft-ct79/"
"Columbia","Taper Toe Kicker Cable - CT86","CT-86","","N/A","","","https://cdn11.bigcommerce.com/s-dbb3r9a7se/images/stencil/1280w/products/1993/4233/img_4463-removebg-preview__28734.1675191938.png | https://cdn11.bigcommerce.com/s-dbb3r9a7se/stencil/382d9e80-277d-013e-e48e-4a4f5670f649/e/04e821c0-e5dd-013e-f544-2ec1a3f21564/img/loading.svg; https://www.alstapingtools.com/taper-toe-kicker-cable-ct86/"
"Columbia","Taper Connecting Stud - CT112","50205-A","","N/A","","","https://cdn11.bigcommerce.com/s-dbb3r9a7se/images/stencil/1280w/products/1990/492/050205_1__24110.1675191885.jpg; https://www.alstapingtools.com/taper-connecting-stud-ct112/"
"Columbia","1/4-20 X 2in Hex Bolt - FA300","809526-A","","N/A","","","https://cdn11.bigcommerce.com/s-dbb3r9a7se/images/stencil/1280w/products/1987/4646/729051__21638.1675191943.jpg; https://www.alstapingtools.com/1-4-20-x-2in-hex-bolt-fa300/"
"Columbia","6-32 X 1/2in Fill. Head Screw - FA245","59091-A2","","N/A","","","https://cdn11.bigcommerce.com/s-dbb3r9a7se/images/stencil/1280w/products/1976/4384/059017__77563.1675191940.jpg | https://cdn11.bigcommerce.com/s-dbb3r9a7se/stencil/382d9e80-277d-013e-e48e-4a4f5670f649/e/04e821c0-e5dd-013e-f544-2ec1a3f21564/img/loading.svg; https://www.alstapingtools.com/6-32-x-1-2in-fill-head-screw-fa245/"
"Columbia","Angle Box Bearing Sleeve - CFB16","CFB16","","N/A","","","https://cdn11.bigcommerce.com/s-dbb3r9a7se/images/stencil/1280w/products/1972/609/050594_3__76575.1675191887.jpg; https://www.alstapingtools.com/angle-box-bearing-sleeve-cfb16/"
"Columbia","Taper Strap - CT116A","CT-116A","","N/A","","","https://cdn11.bigcommerce.com/s-dbb3r9a7se/stencil/382d9e80-277d-013e-e48e-4a4f5670f649/e/04e821c0-e5dd-013e-f544-2ec1a3f21564/img/ProductDefault.svg; https://www.alstapingtools.com/taper-strap-ct116a/"
"Columbia","Taper Piston Body - CT107","50200-A","","N/A","","","https://cdn11.bigcommerce.com/s-dbb3r9a7se/images/stencil/1280w/products/1962/3347/050200__73313.1675191925.jpg | https://cdn11.bigcommerce.com/s-dbb3r9a7se/stencil/382d9e80-277d-013e-e48e-4a4f5670f649/e/04e821c0-e5dd-013e-f544-2ec1a3f21564/img/loading.svg; https://www.alstapingtools.com/taper-piston-body-ct107/"
"Columbia","Removable Cover Plate Pin - CT99","CT-99","","N/A","","","https://cdn11.bigcommerce.com/s-dbb3r9a7se/stencil/382d9e80-277d-013e-e48e-4a4f5670f649/e/04e821c0-e5dd-013e-f544-2ec1a3f21564/img/ProductDefault.svg | https://cdn11.bigcommerce.com/s-dbb3r9a7se/stencil/382d9e80-277d-013e-e48e-4a4f5670f649/e/04e821c0-e5dd-013e-f544-2ec1a3f21564/img/loading.svg; https://www.alstapingtools.com/removable-cover-plate-pin-ct99/"
"Columbia","#6 Belleville Washer - FA227","809526-A2","","N/A","","","https://cdn11.bigcommerce.com/s-dbb3r9a7se/images/stencil/1280w/products/1959/453/0029630__95153.1675191885.jpg; https://www.alstapingtools.com/6-belleville-washer-fa227/"
"Columbia","AH7-3.5 - Angle Head Frame Tension Spring 3.5in","AH7-3.5","","N/A","","","https://cdn11.bigcommerce.com/s-dbb3r9a7se/images/stencil/1280w/products/1955/1846/480021_1__49249.1675191904.jpg | https://cdn11.bigcommerce.com/s-dbb3r9a7se/stencil/382d9e80-277d-013e-e48e-4a4f5670f649/e/04e821c0-e5dd-013e-f544-2ec1a3f21564/img/loading.svg; https://www.alstapingtools.com/ah7-3-5-angle-head-frame-tension-spring-3-5in/"
"Columbia","Nail Spotter 3in Nail Spotter Blade - NS7-3","NS7-3","","N/A","","","https://cdn11.bigcommerce.com/s-dbb3r9a7se/images/stencil/1280w/products/1944/2982/600005f_1__17543.1675191920.jpg | https://cdn11.bigcommerce.com/s-dbb3r9a7se/stencil/382d9e80-277d-013e-e48e-4a4f5670f649/e/04e821c0-e5dd-013e-f544-2ec1a3f21564/img/loading.svg; https://www.alstapingtools.com/nail-spotter-3in-nail-spotter-blade-ns7-3/"
"Columbia","Taper Rod Sleeve Housing - CT90","CT-90","","N/A","","","https://cdn11.bigcommerce.com/s-dbb3r9a7se/stencil/382d9e80-277d-013e-e48e-4a4f5670f649/e/04e821c0-e5dd-013e-f544-2ec1a3f21564/img/ProductDefault.svg | https://cdn11.bigcommerce.com/s-dbb3r9a7se/stencil/382d9e80-277d-013e-e48e-4a4f5670f649/e/04e821c0-e5dd-013e-f544-2ec1a3f21564/img/loading.svg; https://www.alstapingtools.com/taper-rod-sleeve-housing-ct90/"
"Columbia","Taper Plate O-Ring - CT99A","CT-99A","","N/A","","","https://cdn11.bigcommerce.com/s-dbb3r9a7se/stencil/382d9e80-277d-013e-e48e-4a4f5670f649/e/04e821c0-e5dd-013e-f544-2ec1a3f21564/img/ProductDefault.svg | https://cdn11.bigcommerce.com/s-dbb3r9a7se/stencil/382d9e80-277d-013e-e48e-4a4f5670f649/e/04e821c0-e5dd-013e-f544-2ec1a3f21564/img/loading.svg; https://www.alstapingtools.com/taper-plate-o-ring-ct99a/"
"Columbia","CT132 - Taper Connecting Link","709043-A","","N/A","","","https://cdn11.bigcommerce.com/s-dbb3r9a7se/images/stencil/1280w/products/1933/2528/709043_1__15876.1675191914.jpg | https://cdn11.bigcommerce.com/s-dbb3r9a7se/stencil/382d9e80-277d-013e-e48e-4a4f5670f649/e/04e821c0-e5dd-013e-f544-2ec1a3f21564/img/loading.svg; https://www.alstapingtools.com/ct132-taper-connecting-link/"
"Columbia","Taper Strap - CT122","CT-122A","","N/A","","","https://cdn11.bigcommerce.com/s-dbb3r9a7se/stencil/382d9e80-277d-013e-e48e-4a4f5670f649/e/04e821c0-e5dd-013e-f544-2ec1a3f21564/img/ProductDefault.svg | https://cdn11.bigcommerce.com/s-dbb3r9a7se/stencil/382d9e80-277d-013e-e48e-4a4f5670f649/e/04e821c0-e5dd-013e-f544-2ec1a3f21564/img/loading.svg; https://www.alstapingtools.com/taper-strap-ct122/"
"Columbia","Removable Cover Plate Attachment Block - CT34R","CT-34R","","N/A","","","https://cdn11.bigcommerce.com/s-dbb3r9a7se/stencil/382d9e80-277d-013e-e48e-4a4f5670f649/e/04e821c0-e5dd-013e-f544-2ec1a3f21564/img/ProductDefault.svg; https://www.alstapingtools.com/removable-cover-plate-attachment-block-ct34r/"
"Columbia","Angle Box Nylatron Bushing - CFB19","cfb-19","","N/A","","","https://cdn11.bigcommerce.com/s-dbb3r9a7se/stencil/382d9e80-277d-013e-e48e-4a4f5670f649/e/04e821c0-e5dd-013e-f544-2ec1a3f21564/img/ProductDefault.svg | https://cdn11.bigcommerce.com/s-dbb3r9a7se/stencil/382d9e80-277d-013e-e48e-4a4f5670f649/e/04e821c0-e5dd-013e-f544-2ec1a3f21564/img/loading.svg; https://www.alstapingtools.com/angle-box-nylatron-bushing-cfb19/"
"Columbia","Draw Latch Assembly - HP47","HP-47","","N/A","","","https://cdn11.bigcommerce.com/s-dbb3r9a7se/images/stencil/1280w/products/1902/2677/httpwww.alstapingtools.comimagesproductsdetailtapetech724061_1__40995.1675191916.jpg; https://www.alstapingtools.com/draw-latch-assembly-hp47/"
"Columbia","Columbia Taper Retaining Spring Clip - CT118","CT-118","","N/A","","","https://cdn11.bigcommerce.com/s-dbb3r9a7se/stencil/382d9e80-277d-013e-e48e-4a4f5670f649/e/04e821c0-e5dd-013e-f544-2ec1a3f21564/img/ProductDefault.svg | https://cdn11.bigcommerce.com/s-dbb3r9a7se/stencil/382d9e80-277d-013e-e48e-4a4f5670f649/e/04e821c0-e5dd-013e-f544-2ec1a3f21564/img/loading.svg; https://www.alstapingtools.com/columbia-taper-retaining-spring-clip-ct118/"
"Columbia","Taper Clutch Release Shaft - CT85","CT-085","","N/A","","","https://cdn11.bigcommerce.com/s-dbb3r9a7se/stencil/382d9e80-277d-013e-e48e-4a4f5670f649/e/04e821c0-e5dd-013e-f544-2ec1a3f21564/img/ProductDefault.svg | https://cdn11.bigcommerce.com/s-dbb3r9a7se/stencil/382d9e80-277d-013e-e48e-4a4f5670f649/e/04e821c0-e5dd-013e-f544-2ec1a3f21564/img/loading.svg; https://www.alstapingtools.com/taper-clutch-release-shaft-ct85/"
"Columbia","Columbia Taper Retaining Spring Shaft - CT123","CT-123","","N/A","","","https://cdn11.bigcommerce.com/s-dbb3r9a7se/images/stencil/1280w/products/1890/1907/050134_1__49717.1675191905.jpg | https://cdn11.bigcommerce.com/s-dbb3r9a7se/stencil/382d9e80-277d-013e-e48e-4a4f5670f649/e/04e821c0-e5dd-013e-f544-2ec1a3f21564/img/loading.svg; https://www.alstapingtools.com/columbia-taper-retaining-spring-shaft-ct123/"
"Columbia","Taper Connection Strap - CT104","CT-104","","N/A","","","https://cdn11.bigcommerce.com/s-dbb3r9a7se/images/stencil/1280w/products/1886/4619/802172-hires-lores__41344.1675191943.jpg; https://www.alstapingtools.com/taper-connection-strap-ct104/"
"Columbia","Columbia Wheel for Corner Flusher","CF-3B","","N/A","","","https://cdn11.bigcommerce.com/s-dbb3r9a7se/images/stencil/1280w/products/1874/2067/152025_1__16880.1675191907.jpg | https://cdn11.bigcommerce.com/s-dbb3r9a7se/stencil/382d9e80-277d-013e-e48e-4a4f5670f649/e/04e821c0-e5dd-013e-f544-2ec1a3f21564/img/loading.svg; https://www.alstapingtools.com/columbia-wheel-for-corner-flusher/"
"Columbia","CT23 - Taper Reinforcing Rod","050152F-A","","N/A","","","https://cdn11.bigcommerce.com/s-dbb3r9a7se/images/stencil/1280w/products/1863/518/050152f__76324.1675191885.jpg | https://cdn11.bigcommerce.com/s-dbb3r9a7se/stencil/382d9e80-277d-013e-e48e-4a4f5670f649/e/04e821c0-e5dd-013e-f544-2ec1a3f21564/img/loading.svg; https://www.alstapingtools.com/ct23-taper-reinforcing-rod/"
"Columbia","1/4-20 X 1-1/2"" Hex Bolt - FA299","805865-A","","N/A","","","https://cdn11.bigcommerce.com/s-dbb3r9a7se/stencil/382d9e80-277d-013e-e48e-4a4f5670f649/e/04e821c0-e5dd-013e-f544-2ec1a3f21564/img/ProductDefault.svg; https://www.alstapingtools.com/1-4-20-x-1-1-2-hex-bolt-fa299/"
"Columbia","Removable Cover Plate Pin ring - CT100","CT-100","","N/A","","","https://cdn11.bigcommerce.com/s-dbb3r9a7se/stencil/382d9e80-277d-013e-e48e-4a4f5670f649/e/04e821c0-e5dd-013e-f544-2ec1a3f21564/img/ProductDefault.svg; https://www.alstapingtools.com/removable-cover-plate-pin-ring-ct100/"
"Columbia","Nail Spotter Door Spring Long- Left - HNS10","HNS10","","N/A","","","https://cdn11.bigcommerce.com/s-dbb3r9a7se/images/stencil/1280w/products/1844/1807/602026f_1__38489.1675191903.jpg | https://cdn11.bigcommerce.com/s-dbb3r9a7se/stencil/382d9e80-277d-013e-e48e-4a4f5670f649/e/04e821c0-e5dd-013e-f544-2ec1a3f21564/img/loading.svg; https://www.alstapingtools.com/nail-spotter-door-spring-long-left-hns10/"
"Columbia","Taper Crimping Arm Bushing Left - CT10A","CT10A","","N/A","","","https://cdn11.bigcommerce.com/s-dbb3r9a7se/stencil/382d9e80-277d-013e-e48e-4a4f5670f649/e/04e821c0-e5dd-013e-f544-2ec1a3f21564/img/ProductDefault.svg; https://www.alstapingtools.com/taper-crimping-arm-bushing-left-ct10a/"
"Columbia","Nail Spotter Roll Pin Bushing #12535 - HNS13","hns13","","N/A","","","https://cdn11.bigcommerce.com/s-dbb3r9a7se/images/stencil/1280w/products/1839/4057/179011__77503.1675191935.jpg | https://cdn11.bigcommerce.com/s-dbb3r9a7se/stencil/382d9e80-277d-013e-e48e-4a4f5670f649/e/04e821c0-e5dd-013e-f544-2ec1a3f21564/img/loading.svg; https://www.alstapingtools.com/nail-spotter-roll-pin-bushing-12535-hns13/"
"Columbia","CT129A - Taper Strap Bracket","50232-A","","N/A","","","https://cdn11.bigcommerce.com/s-dbb3r9a7se/stencil/382d9e80-277d-013e-e48e-4a4f5670f649/e/04e821c0-e5dd-013e-f544-2ec1a3f21564/img/ProductDefault.svg | https://cdn11.bigcommerce.com/s-dbb3r9a7se/stencil/382d9e80-277d-013e-e48e-4a4f5670f649/e/04e821c0-e5dd-013e-f544-2ec1a3f21564/img/loading.svg; https://www.alstapingtools.com/ct129a-taper-strap-bracket/"
"Columbia","Columbia Taper Ratchet Gear - CT67","CT-67","","N/A","","","https://cdn11.bigcommerce.com/s-dbb3r9a7se/images/stencil/1280w/products/1827/1492/056093__24754.1675191899.jpg; https://www.alstapingtools.com/columbia-taper-ratchet-gear-ct67/"
"Columbia","Box Handle Thumb Screw (180 Degree Handle) - BH13","809011-A2","","N/A","","","https://cdn11.bigcommerce.com/s-dbb3r9a7se/stencil/382d9e80-277d-013e-e48e-4a4f5670f649/e/04e821c0-e5dd-013e-f544-2ec1a3f21564/img/ProductDefault.svg | https://cdn11.bigcommerce.com/s-dbb3r9a7se/stencil/382d9e80-277d-013e-e48e-4a4f5670f649/e/04e821c0-e5dd-013e-f544-2ec1a3f21564/img/loading.svg; https://www.alstapingtools.com/box-handle-thumb-screw-180-degree-handle-bh13/"
"Columbia","Columbia Mud Pump Nylatron Bushing - MP36","MP-36","","N/A","","","https://cdn11.bigcommerce.com/s-dbb3r9a7se/stencil/382d9e80-277d-013e-e48e-4a4f5670f649/e/04e821c0-e5dd-013e-f544-2ec1a3f21564/img/ProductDefault.svg | https://cdn11.bigcommerce.com/s-dbb3r9a7se/stencil/382d9e80-277d-013e-e48e-4a4f5670f649/e/04e821c0-e5dd-013e-f544-2ec1a3f21564/img/loading.svg; https://www.alstapingtools.com/columbia-mud-pump-nylatron-bushing-mp36/"
"Columbia","Taper Drive Drum","ct66","","N/A","","","https://cdn11.bigcommerce.com/s-dbb3r9a7se/images/stencil/1280w/products/1817/1531/050094f_2__79245.1675191900.jpg | https://cdn11.bigcommerce.com/s-dbb3r9a7se/stencil/382d9e80-277d-013e-e48e-4a4f5670f649/e/04e821c0-e5dd-013e-f544-2ec1a3f21564/img/loading.svg; https://www.alstapingtools.com/taper-drive-drum/"
"Columbia","Taper Micro Chain #5618 - CT43","CT-43","","N/A","","","https://cdn11.bigcommerce.com/s-dbb3r9a7se/stencil/382d9e80-277d-013e-e48e-4a4f5670f649/e/04e821c0-e5dd-013e-f544-2ec1a3f21564/img/ProductDefault.svg | https://cdn11.bigcommerce.com/s-dbb3r9a7se/stencil/382d9e80-277d-013e-e48e-4a4f5670f649/e/04e821c0-e5dd-013e-f544-2ec1a3f21564/img/loading.svg; https://www.alstapingtools.com/taper-micro-chain-5618-ct43/"
"Columbia","Taper Crimper Lever - CT105","CT-105","","N/A","","","https://cdn11.bigcommerce.com/s-dbb3r9a7se/stencil/382d9e80-277d-013e-e48e-4a4f5670f649/e/04e821c0-e5dd-013e-f544-2ec1a3f21564/img/ProductDefault.svg | https://cdn11.bigcommerce.com/s-dbb3r9a7se/stencil/382d9e80-277d-013e-e48e-4a4f5670f649/e/04e821c0-e5dd-013e-f544-2ec1a3f21564/img/loading.svg; https://www.alstapingtools.com/taper-crimper-lever-ct105/"
"Columbia","Columbia Taper Drive Shaft - CT70","050110F-A","","N/A","","","https://cdn11.bigcommerce.com/s-dbb3r9a7se/stencil/382d9e80-277d-013e-e48e-4a4f5670f649/e/04e821c0-e5dd-013e-f544-2ec1a3f21564/img/ProductDefault.svg | https://cdn11.bigcommerce.com/s-dbb3r9a7se/stencil/382d9e80-277d-013e-e48e-4a4f5670f649/e/04e821c0-e5dd-013e-f544-2ec1a3f21564/img/loading.svg; https://www.alstapingtools.com/columbia-taper-drive-shaft-ct70/"
"Columbia","Taper Mud Shut Off Upper Plate - CT94","50004-A2","","N/A","","","https://cdn11.bigcommerce.com/s-dbb3r9a7se/images/stencil/1280w/products/1794/1394/050004_1__79932.1675191898.jpg | https://cdn11.bigcommerce.com/s-dbb3r9a7se/stencil/382d9e80-277d-013e-e48e-4a4f5670f649/e/04e821c0-e5dd-013e-f544-2ec1a3f21564/img/loading.svg; https://www.alstapingtools.com/taper-mud-shut-off-upper-plate-ct94/"
"Columbia","#8 Flat Washer - FA253","FA253","","N/A","","","https://cdn11.bigcommerce.com/s-dbb3r9a7se/images/stencil/1280w/products/1793/2457/059423__61444.1675191913.jpg; https://www.alstapingtools.com/8-flat-washer-fa253/"
"Columbia","Mud Pump Latch Keeper - HP46","hp46","","N/A","","","https://cdn11.bigcommerce.com/s-dbb3r9a7se/stencil/382d9e80-277d-013e-e48e-4a4f5670f649/e/04e821c0-e5dd-013e-f544-2ec1a3f21564/img/ProductDefault.svg; https://www.alstapingtools.com/mud-pump-latch-keeper-hp46/"
"Columbia","Columbia Mud Pump Leg - MP8","mp-08","","N/A","","","https://cdn11.bigcommerce.com/s-dbb3r9a7se/stencil/382d9e80-277d-013e-e48e-4a4f5670f649/e/04e821c0-e5dd-013e-f544-2ec1a3f21564/img/ProductDefault.svg; https://www.alstapingtools.com/columbia-mud-pump-leg-mp8/"
"Columbia","Columbia Mud Pump O Ring Retainer - MP27C","MP-27C","","N/A","","","https://cdn11.bigcommerce.com/s-dbb3r9a7se/stencil/382d9e80-277d-013e-e48e-4a4f5670f649/e/04e821c0-e5dd-013e-f544-2ec1a3f21564/img/ProductDefault.svg | https://cdn11.bigcommerce.com/s-dbb3r9a7se/stencil/382d9e80-277d-013e-e48e-4a4f5670f649/e/04e821c0-e5dd-013e-f544-2ec1a3f21564/img/loading.svg; https://www.alstapingtools.com/columbia-mud-pump-o-ring-retainer-mp27c/"
"Columbia","Taper Side Plate Support Left - CT7","54075-A","","N/A","","","https://cdn11.bigcommerce.com/s-dbb3r9a7se/stencil/382d9e80-277d-013e-e48e-4a4f5670f649/e/04e821c0-e5dd-013e-f544-2ec1a3f21564/img/ProductDefault.svg; https://www.alstapingtools.com/taper-side-plate-support-left-ct7/"
"Columbia","Columbia #10 Belleville Washer - FA280","219064-A","","N/A","","","https://cdn11.bigcommerce.com/s-dbb3r9a7se/images/stencil/1280w/products/1752/4732/050599_1__96019.1675191945.jpg | https://cdn11.bigcommerce.com/s-dbb3r9a7se/stencil/382d9e80-277d-013e-e48e-4a4f5670f649/e/04e821c0-e5dd-013e-f544-2ec1a3f21564/img/loading.svg; https://www.alstapingtools.com/columbia-10-belleville-washer-fa280/"
"Columbia","Columbia Mud Pump Mud Pump Seal - MP23","MP-23","","N/A","","","https://cdn11.bigcommerce.com/s-dbb3r9a7se/images/stencil/1280w/products/1751/3123/700005_2__51815.1675191922.jpg; https://www.alstapingtools.com/columbia-mud-pump-mud-pump-seal-mp23/"
"Columbia","Angle Box Hinge Bushing - CFB15A","cfb-15a","","N/A","","","https://cdn11.bigcommerce.com/s-dbb3r9a7se/images/stencil/1280w/products/1750/2034/149034_1__03647.1675191907.jpg | https://cdn11.bigcommerce.com/s-dbb3r9a7se/stencil/382d9e80-277d-013e-e48e-4a4f5670f649/e/04e821c0-e5dd-013e-f544-2ec1a3f21564/img/loading.svg; https://www.alstapingtools.com/angle-box-hinge-bushing-cfb15a/"
"Columbia","Columbia Cover Plate Assembly - CTA87","CTA-87","","N/A","","","https://cdn11.bigcommerce.com/s-dbb3r9a7se/stencil/382d9e80-277d-013e-e48e-4a4f5670f649/e/04e821c0-e5dd-013e-f544-2ec1a3f21564/img/ProductDefault.svg | https://cdn11.bigcommerce.com/s-dbb3r9a7se/stencil/382d9e80-277d-013e-e48e-4a4f5670f649/e/04e821c0-e5dd-013e-f544-2ec1a3f21564/img/loading.svg; https://www.alstapingtools.com/columbia-cover-plate-assembly-cta87/"
"Columbia","CT14A - Taper Adjustable Brake","ct14A","","N/A","","","https://cdn11.bigcommerce.com/s-dbb3r9a7se/stencil/382d9e80-277d-013e-e48e-4a4f5670f649/e/04e821c0-e5dd-013e-f544-2ec1a3f21564/img/ProductDefault.svg | https://cdn11.bigcommerce.com/s-dbb3r9a7se/stencil/382d9e80-277d-013e-e48e-4a4f5670f649/e/04e821c0-e5dd-013e-f544-2ec1a3f21564/img/loading.svg; https://www.alstapingtools.com/ct14a-taper-adjustable-brake/"
"Columbia","Flat Box Axle 12in - HFFB5-12","HFFB5-12","","N/A","","","https://cdn11.bigcommerce.com/s-dbb3r9a7se/stencil/382d9e80-277d-013e-e48e-4a4f5670f649/e/04e821c0-e5dd-013e-f544-2ec1a3f21564/img/ProductDefault.svg | https://cdn11.bigcommerce.com/s-dbb3r9a7se/stencil/382d9e80-277d-013e-e48e-4a4f5670f649/e/04e821c0-e5dd-013e-f544-2ec1a3f21564/img/loading.svg; https://www.alstapingtools.com/flat-box-axle-12in-hffb5-12/"
"Columbia","6-32 X 3/16"" Flat Slot - FA226","219081-A","","N/A","","","https://cdn11.bigcommerce.com/s-dbb3r9a7se/images/stencil/1280w/products/1728/1599/059107_3__03977.1675191901.jpg | https://cdn11.bigcommerce.com/s-dbb3r9a7se/stencil/382d9e80-277d-013e-e48e-4a4f5670f649/e/04e821c0-e5dd-013e-f544-2ec1a3f21564/img/loading.svg; https://www.alstapingtools.com/6-32-x-3-16-flat-slot-fa226/"
"Columbia","Taper Bracket Base - CT87A","050036","","N/A","","","https://cdn11.bigcommerce.com/s-dbb3r9a7se/images/stencil/1280w/products/1717/1370/050036_1__86682.1675191897.jpg | https://cdn11.bigcommerce.com/s-dbb3r9a7se/stencil/382d9e80-277d-013e-e48e-4a4f5670f649/e/04e821c0-e5dd-013e-f544-2ec1a3f21564/img/loading.svg; https://www.alstapingtools.com/taper-bracket-base-ct87a/"
"Columbia","CT14 - Taper Adjustable Brake Holder","ct14","","N/A","","","https://cdn11.bigcommerce.com/s-dbb3r9a7se/stencil/382d9e80-277d-013e-e48e-4a4f5670f649/e/04e821c0-e5dd-013e-f544-2ec1a3f21564/img/ProductDefault.svg | https://cdn11.bigcommerce.com/s-dbb3r9a7se/stencil/382d9e80-277d-013e-e48e-4a4f5670f649/e/04e821c0-e5dd-013e-f544-2ec1a3f21564/img/loading.svg; https://www.alstapingtools.com/ct14-taper-adjustable-brake-holder/"
"Columbia","Flat Box Rubber Gasket Retainer 7in - FFB25-7","FFB25-7","","N/A","","","https://cdn11.bigcommerce.com/s-dbb3r9a7se/stencil/382d9e80-277d-013e-e48e-4a4f5670f649/e/04e821c0-e5dd-013e-f544-2ec1a3f21564/img/ProductDefault.svg | https://cdn11.bigcommerce.com/s-dbb3r9a7se/stencil/382d9e80-277d-013e-e48e-4a4f5670f649/e/04e821c0-e5dd-013e-f544-2ec1a3f21564/img/loading.svg; https://www.alstapingtools.com/flat-box-rubber-gasket-retainer-7in-ffb25-7/"
"Columbia","Flat Box Axle 8in - HFFB5-8","HFFFB5-8","","N/A","","","https://cdn11.bigcommerce.com/s-dbb3r9a7se/stencil/382d9e80-277d-013e-e48e-4a4f5670f649/e/04e821c0-e5dd-013e-f544-2ec1a3f21564/img/ProductDefault.svg; https://www.alstapingtools.com/flat-box-axle-8in-hffb5-8/"
"Columbia","Columbia Cover Plate Cork Seal","CT-87CS","","N/A","","","https://cdn11.bigcommerce.com/s-dbb3r9a7se/stencil/382d9e80-277d-013e-e48e-4a4f5670f649/e/04e821c0-e5dd-013e-f544-2ec1a3f21564/img/ProductDefault.svg | https://cdn11.bigcommerce.com/s-dbb3r9a7se/stencil/382d9e80-277d-013e-e48e-4a4f5670f649/e/04e821c0-e5dd-013e-f544-2ec1a3f21564/img/loading.svg; https://www.alstapingtools.com/columbia-cover-plate-cork-seal/"
"Columbia","Taper Spacer Bar - CT51","050023F-A","","N/A","","","https://cdn11.bigcommerce.com/s-dbb3r9a7se/images/stencil/1280w/products/1693/792/050023f_1__21905.1675191889.jpg | https://cdn11.bigcommerce.com/s-dbb3r9a7se/stencil/382d9e80-277d-013e-e48e-4a4f5670f649/e/04e821c0-e5dd-013e-f544-2ec1a3f21564/img/loading.svg; https://www.alstapingtools.com/taper-spacer-bar-ct51/"
"Columbia","Flat Box Blade Bar Assembly 14in - FFBA10-14","FFBA-10-14","","N/A","","","https://cdn11.bigcommerce.com/s-dbb3r9a7se/images/stencil/1280w/products/1686/2920/304002_3__22779.1675191919.jpg; https://www.alstapingtools.com/flat-box-blade-bar-assembly-14in-ffba10-14/"
"Columbia","10-32 X Nyloc Jam Nut - FA281","59225-A","","N/A","","","https://cdn11.bigcommerce.com/s-dbb3r9a7se/images/stencil/1280w/products/1667/2011/059074_3__03750.1675191906.jpg; https://www.alstapingtools.com/10-32-x-nyloc-jam-nut-fa281/"
"Columbia","Taper Cutter Block Clamp - CT41A","CT-41A","","N/A","","","https://cdn11.bigcommerce.com/s-dbb3r9a7se/stencil/382d9e80-277d-013e-e48e-4a4f5670f649/e/04e821c0-e5dd-013e-f544-2ec1a3f21564/img/ProductDefault.svg | https://cdn11.bigcommerce.com/s-dbb3r9a7se/stencil/382d9e80-277d-013e-e48e-4a4f5670f649/e/04e821c0-e5dd-013e-f544-2ec1a3f21564/img/loading.svg; https://www.alstapingtools.com/taper-cutter-block-clamp-ct41a/"
"Columbia","Columbia Roller for Corner Cobra - CC5","CC5","","N/A","","","https://cdn11.bigcommerce.com/s-dbb3r9a7se/stencil/382d9e80-277d-013e-e48e-4a4f5670f649/e/04e821c0-e5dd-013e-f544-2ec1a3f21564/img/ProductDefault.svg; https://www.alstapingtools.com/columbia-roller-for-corner-cobra-cc5/"
"Columbia","Taper Crimping Arm Left - CT48","054096F-A","","N/A","","","https://cdn11.bigcommerce.com/s-dbb3r9a7se/stencil/382d9e80-277d-013e-e48e-4a4f5670f649/e/04e821c0-e5dd-013e-f544-2ec1a3f21564/img/ProductDefault.svg | https://cdn11.bigcommerce.com/s-dbb3r9a7se/stencil/382d9e80-277d-013e-e48e-4a4f5670f649/e/04e821c0-e5dd-013e-f544-2ec1a3f21564/img/loading.svg; https://www.alstapingtools.com/taper-crimping-arm-left-ct48/"
"Columbia","Taper Tape Advance Carriage - CT57","54028-A","","N/A","","","https://cdn11.bigcommerce.com/s-dbb3r9a7se/images/stencil/1280w/products/1630/1865/054028_2__83692.1675191904.jpg; https://www.alstapingtools.com/taper-tape-advance-carriage-ct57/"
"Columbia","Columbia Direct Plate - Flusher - CF1B","CF1B","","N/A","","","https://cdn11.bigcommerce.com/s-dbb3r9a7se/stencil/382d9e80-277d-013e-e48e-4a4f5670f649/e/04e821c0-e5dd-013e-f544-2ec1a3f21564/img/ProductDefault.svg; https://www.alstapingtools.com/columbia-direct-plate-flusher-cf1b/"
"Columbia","Taper Cutter Block - CT41","CT-41","","N/A","","","https://cdn11.bigcommerce.com/s-dbb3r9a7se/stencil/382d9e80-277d-013e-e48e-4a4f5670f649/e/04e821c0-e5dd-013e-f544-2ec1a3f21564/img/ProductDefault.svg | https://cdn11.bigcommerce.com/s-dbb3r9a7se/stencil/382d9e80-277d-013e-e48e-4a4f5670f649/e/04e821c0-e5dd-013e-f544-2ec1a3f21564/img/loading.svg; https://www.alstapingtools.com/taper-cutter-block-ct41/"
"Columbia","Taper Drive Sprocket Small - CT71","052125F-A","","N/A","","","https://cdn11.bigcommerce.com/s-dbb3r9a7se/stencil/382d9e80-277d-013e-e48e-4a4f5670f649/e/04e821c0-e5dd-013e-f544-2ec1a3f21564/img/ProductDefault.svg | https://cdn11.bigcommerce.com/s-dbb3r9a7se/stencil/382d9e80-277d-013e-e48e-4a4f5670f649/e/04e821c0-e5dd-013e-f544-2ec1a3f21564/img/loading.svg; https://www.alstapingtools.com/taper-drive-sprocket-small-ct71/"
"Columbia","Taper Head Casting - CT1","CT-01","","N/A","","","https://cdn11.bigcommerce.com/s-dbb3r9a7se/stencil/382d9e80-277d-013e-e48e-4a4f5670f649/e/04e821c0-e5dd-013e-f544-2ec1a3f21564/img/ProductDefault.svg | https://cdn11.bigcommerce.com/s-dbb3r9a7se/stencil/382d9e80-277d-013e-e48e-4a4f5670f649/e/04e821c0-e5dd-013e-f544-2ec1a3f21564/img/loading.svg; https://www.alstapingtools.com/taper-head-casting-ct1/"
"Columbia","Taper Tape Spool - CT120","CT-120","","N/A","","","https://cdn11.bigcommerce.com/s-dbb3r9a7se/images/stencil/1280w/products/1600/4357/050244_1__63495.1675191939.jpg | https://cdn11.bigcommerce.com/s-dbb3r9a7se/stencil/382d9e80-277d-013e-e48e-4a4f5670f649/e/04e821c0-e5dd-013e-f544-2ec1a3f21564/img/loading.svg; https://www.alstapingtools.com/taper-tape-spool-ct120/"
"Columbia","Taper Manual Drive Grip - CT80","CT-80","","N/A","","","https://cdn11.bigcommerce.com/s-dbb3r9a7se/images/stencil/1280w/products/1597/3354/054118f_1__26960.1675191925.jpg | https://cdn11.bigcommerce.com/s-dbb3r9a7se/stencil/382d9e80-277d-013e-e48e-4a4f5670f649/e/04e821c0-e5dd-013e-f544-2ec1a3f21564/img/loading.svg; https://www.alstapingtools.com/taper-manual-drive-grip-ct80/"
"Columbia","Columbia 8"" Flat Box Blade Kit 501C8 - 3 Blades, 2 Sets of Skid Covers","501c8","","N/A","","","https://cdn11.bigcommerce.com/s-dbb3r9a7se/images/stencil/1280w/products/1438/3012/columbia_8_kit__08885.1675191921.jpg; https://www.alstapingtools.com/columbia-8-flat-box-blade-kit-501c8-3-blades-2-sets-of-skid-covers/"
"Columbia","Columbia 5.5"" Flat Box Blade Kit 501C55 - 3 Blades, 2 Sets of Skid Covers","501C55","","N/A","","","https://cdn11.bigcommerce.com/s-dbb3r9a7se/images/stencil/1280w/products/1326/1890/55_columbia__51241.1675191905.jpg; https://www.alstapingtools.com/columbia-5-5-flat-box-blade-kit-501c55-3-blades-2-sets-of-skid-covers/"
"Columbia","Columbia 3.5"" Angle Head Rebuild Kit","COL3.5 KIT","","N/A","","","https://cdn11.bigcommerce.com/s-dbb3r9a7se/images/stencil/1280w/products/1202/2721/blade_kit222_1_1__81205.1675191917.jpg; https://www.alstapingtools.com/columbia-3-5-angle-head-rebuild-kit/"
"Columbia","Columbia 3"" Angle Head Rebuild Kit","COL3 KIt","","N/A","","","https://cdn11.bigcommerce.com/s-dbb3r9a7se/images/stencil/1280w/products/1175/1078/blade_kit222_1__17018.1675191893.jpg; https://www.alstapingtools.com/columbia-3-angle-head-rebuild-kit/"
"Columbia","Columbia 2.5"" Angle Head Rebuild Kit","COL2.5 KIT","","N/A","","","https://cdn11.bigcommerce.com/s-dbb3r9a7se/images/stencil/1280w/products/1148/2403/blade_kit222__35072.1675191912.jpg; https://www.alstapingtools.com/columbia-2-5-angle-head-rebuild-kit/"
"Columbia","Piston Cup - MP14","MP-14","","N/A","","","https://cdn11.bigcommerce.com/s-dbb3r9a7se/images/stencil/1280w/products/981/2525/720009_1__42143.1675191914.jpg; https://www.alstapingtools.com/piston-cup-mp14/"
"Columbia","Columbia Box Shoe Maintenance Kit","FFBR-7-7a","","N/A","","","https://cdn11.bigcommerce.com/s-dbb3r9a7se/images/stencil/1280w/products/940/4354/colubia_box_shoe_kit__21866.1675191939.jpg | https://cdn11.bigcommerce.com/s-dbb3r9a7se/images/stencil/1280w/products/940/4196/hqdefault_15_18__50282.1675191937.jpg | https://cdn11.bigcommerce.com/s-dbb3r9a7se/stencil/382d9e80-277d-013e-e48e-4a4f5670f649/e/04e821c0-e5dd-013e-f544-2ec1a3f21564/img/loading.svg; https://www.alstapingtools.com/columbia-box-shoe-maintenance-kit/"
"Columbia","Columbia Hydra Handle Repair Kit","HHR-1","","N/A","","","https://cdn11.bigcommerce.com/s-dbb3r9a7se/images/stencil/1280w/products/923/3958/hhr-1__55801.1675191934.jpg; https://www.alstapingtools.com/columbia-hydra-handle-repair-kit/"
"Columbia","Columbia Flat Box Std Door Gasket 12"" - FFB14-12","FFB14-12","","N/A","","","https://cdn11.bigcommerce.com/s-dbb3r9a7se/images/stencil/1280w/products/817/1715/300026f_1__31504.1675191902.jpg | https://cdn11.bigcommerce.com/s-dbb3r9a7se/stencil/382d9e80-277d-013e-e48e-4a4f5670f649/e/04e821c0-e5dd-013e-f544-2ec1a3f21564/img/loading.svg; https://www.alstapingtools.com/columbia-flat-box-std-door-gasket-12-ffb14-12/"
"Columbia","Columbia Flat Box Door Gasket 10"" - FFB14-10","FFB14-10","","N/A","","","https://cdn11.bigcommerce.com/s-dbb3r9a7se/images/stencil/1280w/products/793/2133/250026f_2__24454.1675191908.jpg | https://cdn11.bigcommerce.com/s-dbb3r9a7se/stencil/382d9e80-277d-013e-e48e-4a4f5670f649/e/04e821c0-e5dd-013e-f544-2ec1a3f21564/img/loading.svg; https://www.alstapingtools.com/columbia-flat-box-door-gasket-10-ffb14-10/"
"Columbia","Columbia Flat Box Door Gasket 8"" - FFB14-8","ffb14-8","","N/A","","","https://cdn11.bigcommerce.com/s-dbb3r9a7se/images/stencil/1280w/products/770/1765/250026f_1__71365.1675191903.jpg | https://cdn11.bigcommerce.com/s-dbb3r9a7se/stencil/382d9e80-277d-013e-e48e-4a4f5670f649/e/04e821c0-e5dd-013e-f544-2ec1a3f21564/img/loading.svg; https://www.alstapingtools.com/columbia-flat-box-door-gasket-8-ffb14-8/"
"Columbia","Columbia Flat Box Shoe (Right) - FFB7","FFB-7","","N/A","","","https://cdn11.bigcommerce.com/s-dbb3r9a7se/images/stencil/1280w/products/724/716/209006_2__86687.1675191888.jpg | https://cdn11.bigcommerce.com/s-dbb3r9a7se/stencil/382d9e80-277d-013e-e48e-4a4f5670f649/e/04e821c0-e5dd-013e-f544-2ec1a3f21564/img/loading.svg; https://www.alstapingtools.com/columbia-flat-box-shoe-right-ffb7/"
"Columbia","Columbia Flat Box Shoe (Left) - FFB7A","FFB-7A","","N/A","","","https://cdn11.bigcommerce.com/s-dbb3r9a7se/images/stencil/1280w/products/694/636/209039_1__92251.1675191887.jpg | https://cdn11.bigcommerce.com/s-dbb3r9a7se/stencil/382d9e80-277d-013e-e48e-4a4f5670f649/e/04e821c0-e5dd-013e-f544-2ec1a3f21564/img/loading.svg; https://www.alstapingtools.com/columbia-flat-box-shoe-left-ffb7a/"
"Columbia","Columbia Flat Box Blade 14"" - FFB9-14","FFB9-14","","N/A","","","https://cdn11.bigcommerce.com/s-dbb3r9a7se/images/stencil/1280w/products/671/986/300001_1__21467.1675191892.jpg; https://www.alstapingtools.com/columbia-flat-box-blade-14-ffb9-14/"
"Columbia","Columbia Flat Box Blade 12"" - FFB9-12","FFB9-12","","N/A","","","https://cdn11.bigcommerce.com/s-dbb3r9a7se/images/stencil/1280w/products/650/1823/300001__13500.1675191904.jpg; https://www.alstapingtools.com/columbia-flat-box-blade-12-ffb9-12/"
"Columbia","Columbia Flat Box Blade 10"" - FFB9-10","FFB9-10","","N/A","","","https://cdn11.bigcommerce.com/s-dbb3r9a7se/images/stencil/1280w/products/627/1764/250001__60563.1675191903.jpg; https://www.alstapingtools.com/columbia-flat-box-blade-10-ffb9-10/"
"Columbia","Columbia Taper Left Insert Bushing - CT3A","CT-3A","","N/A","","","https://cdn11.bigcommerce.com/s-dbb3r9a7se/stencil/382d9e80-277d-013e-e48e-4a4f5670f649/e/04e821c0-e5dd-013e-f544-2ec1a3f21564/img/ProductDefault.svg | https://cdn11.bigcommerce.com/s-dbb3r9a7se/stencil/382d9e80-277d-013e-e48e-4a4f5670f649/e/04e821c0-e5dd-013e-f544-2ec1a3f21564/img/loading.svg; https://www.alstapingtools.com/columbia-taper-left-insert-bushing-ct3a/"
"Columbia","Columbia Flat Box Blade 8"" - FFB9-8","FFB9-8","","N/A","","","https://cdn11.bigcommerce.com/s-dbb3r9a7se/images/stencil/1280w/products/605/604/200001_2__38126.1675191887.jpg | https://cdn11.bigcommerce.com/s-dbb3r9a7se/stencil/382d9e80-277d-013e-e48e-4a4f5670f649/e/04e821c0-e5dd-013e-f544-2ec1a3f21564/img/loading.svg; https://www.alstapingtools.com/columbia-flat-box-blade-8-ffb9-8/"
"Columbia","AH8A - Short Center Clip","ah8a","","N/A","","","https://cdn11.bigcommerce.com/s-dbb3r9a7se/images/stencil/1280w/products/598/515/480017f_1__13276.1675191885.jpg | https://cdn11.bigcommerce.com/s-dbb3r9a7se/stencil/382d9e80-277d-013e-e48e-4a4f5670f649/e/04e821c0-e5dd-013e-f544-2ec1a3f21564/img/loading.svg; https://www.alstapingtools.com/ah8a-short-center-clip/"
"Columbia","Columbia Replacement 12"" Classic Flat Box Wiper Gasket","FFB14D","","N/A","","","https://cdn11.bigcommerce.com/s-dbb3r9a7se/images/stencil/1280w/products/589/4336/platinum_rubber_1__86905.1675191939.jpg | https://cdn11.bigcommerce.com/s-dbb3r9a7se/stencil/382d9e80-277d-013e-e48e-4a4f5670f649/e/04e821c0-e5dd-013e-f544-2ec1a3f21564/img/loading.svg; https://www.alstapingtools.com/columbia-replacement-12-classic-flat-box-wiper-gasket/"
"Columbia","Columbia Flat Box Blade 7"" - FFB9-7","FFB9-7","","N/A","","","https://cdn11.bigcommerce.com/s-dbb3r9a7se/images/stencil/1280w/products/582/3269/200001_1__90198.1675191924.jpg; https://www.alstapingtools.com/columbia-flat-box-blade-7-ffb9-7/"
"Columbia","AH9A - Center Clip Assembly","AH9A","","N/A","","","https://cdn11.bigcommerce.com/s-dbb3r9a7se/images/stencil/1280w/products/573/2486/484014f_1__04949.1675191913.jpg | https://cdn11.bigcommerce.com/s-dbb3r9a7se/stencil/382d9e80-277d-013e-e48e-4a4f5670f649/e/04e821c0-e5dd-013e-f544-2ec1a3f21564/img/loading.svg; https://www.alstapingtools.com/ah9a-center-clip-assembly/"
"Columbia","Columbia Flat Box Blade 5.5"" - FFB9-5.5","ffb9-5.5","","N/A","","","https://cdn11.bigcommerce.com/s-dbb3r9a7se/images/stencil/1280w/products/535/691/200001__53702.1675191888.jpg | https://cdn11.bigcommerce.com/s-dbb3r9a7se/stencil/382d9e80-277d-013e-e48e-4a4f5670f649/e/04e821c0-e5dd-013e-f544-2ec1a3f21564/img/loading.svg; https://www.alstapingtools.com/columbia-flat-box-blade-5-5-ffb9-5-5/"
"NorthStar","NorthStar Adjustar Handle Repair Kit - RK-NS001","RK-NS001","","N/A","","","https://cdn11.bigcommerce.com/s-dbb3r9a7se/images/stencil/1280w/products/4085/5865/my_project_copy__50890.1748975414.jpg; https://www.alstapingtools.com/northstar-adjustar-handle-repair-kit-rk-ns001/"
"NorthStar","NorthStar Taper Repair Kit","RK-NS039","","N/A","","","https://cdn11.bigcommerce.com/s-dbb3r9a7se/images/stencil/1280w/products/4082/5866/northstar-split-drive-wheel-4-pack_copy__03828.1748975414.jpg | https://cdn11.bigcommerce.com/s-dbb3r9a7se/stencil/382d9e80-277d-013e-e48e-4a4f5670f649/e/04e821c0-e5dd-013e-f544-2ec1a3f21564/img/loading.svg; https://www.alstapingtools.com/northstar-taper-repair-kit/"
"NorthStar","16 - Seal Retainer Guide","FLP-33","","N/A","","","https://cdn11.bigcommerce.com/s-dbb3r9a7se/stencil/382d9e80-277d-013e-e48e-4a4f5670f649/e/04e821c0-e5dd-013e-f544-2ec1a3f21564/img/ProductDefault.svg; https://www.alstapingtools.com/16-seal-retainer-guide/"
"NorthStar","15 - Handle","FLP-32","","N/A","","","https://cdn11.bigcommerce.com/s-dbb3r9a7se/stencil/382d9e80-277d-013e-e48e-4a4f5670f649/e/04e821c0-e5dd-013e-f544-2ec1a3f21564/img/ProductDefault.svg | https://cdn11.bigcommerce.com/s-dbb3r9a7se/stencil/382d9e80-277d-013e-e48e-4a4f5670f649/e/04e821c0-e5dd-013e-f544-2ec1a3f21564/img/loading.svg; https://www.alstapingtools.com/15-handle/"
"NorthStar","14 - Coarse Mesh Screen","FLP30","","N/A","","","https://cdn11.bigcommerce.com/s-dbb3r9a7se/images/stencil/1280w/products/2868/1321/img_4465-removebg-preview__32069.1675191897.png; https://www.alstapingtools.com/14-coarse-mesh-screen/"
"NorthStar","13 - Piston Shaft","FLP-26","","N/A","","","https://cdn11.bigcommerce.com/s-dbb3r9a7se/stencil/382d9e80-277d-013e-e48e-4a4f5670f649/e/04e821c0-e5dd-013e-f544-2ec1a3f21564/img/ProductDefault.svg; https://www.alstapingtools.com/13-piston-shaft/"
"NorthStar","11 - Bearing 3/8 OD x 1/4 ID x 1.10","FLP-21","","N/A","","","https://cdn11.bigcommerce.com/s-dbb3r9a7se/stencil/382d9e80-277d-013e-e48e-4a4f5670f649/e/04e821c0-e5dd-013e-f544-2ec1a3f21564/img/ProductDefault.svg; https://www.alstapingtools.com/11-bearing-3-8-od-x-1-4-id-x-1-10/"
"NorthStar","10 - Bearing 3/8 OD x 1/4 ID x 1.25","FLP-20","","N/A","","","https://cdn11.bigcommerce.com/s-dbb3r9a7se/stencil/382d9e80-277d-013e-e48e-4a4f5670f649/e/04e821c0-e5dd-013e-f544-2ec1a3f21564/img/ProductDefault.svg; https://www.alstapingtools.com/10-bearing-3-8-od-x-1-4-id-x-1-25/"
"NorthStar","8 - Extra Thick Hex Nut","700037-A","","N/A","","","https://cdn11.bigcommerce.com/s-dbb3r9a7se/images/stencil/1280w/products/2665/2224/700037_1__31718.1675191910.jpg | https://cdn11.bigcommerce.com/s-dbb3r9a7se/stencil/382d9e80-277d-013e-e48e-4a4f5670f649/e/04e821c0-e5dd-013e-f544-2ec1a3f21564/img/loading.svg; https://www.alstapingtools.com/8-extra-thick-hex-nut/"
"NorthStar","7 - Stud 5/16 - 24 x 1 7/16","700036-A","","N/A","","","https://cdn11.bigcommerce.com/s-dbb3r9a7se/images/stencil/1280w/products/2636/1668/700036_1__18526.1675191902.jpg; https://www.alstapingtools.com/7-stud-5-16-24-x-1-7-16/"
"NorthStar","4 - Body Extrusion 10""","ffb-04-10","","N/A","","","https://cdn11.bigcommerce.com/s-dbb3r9a7se/stencil/382d9e80-277d-013e-e48e-4a4f5670f649/e/04e821c0-e5dd-013e-f544-2ec1a3f21564/img/ProductDefault.svg; https://www.alstapingtools.com/4-body-extrusion-10/"
"NorthStar","17 - Axle 10""","FFB-22-10","","N/A","","","https://cdn11.bigcommerce.com/s-dbb3r9a7se/stencil/382d9e80-277d-013e-e48e-4a4f5670f649/e/04e821c0-e5dd-013e-f544-2ec1a3f21564/img/ProductDefault.svg; https://www.alstapingtools.com/17-axle-10/"
"NorthStar","10 - 10"" Troweling Blade","250001-A","","N/A","","","https://cdn11.bigcommerce.com/s-dbb3r9a7se/images/stencil/1280w/products/2543/4477/250001_1__11035.1675191941.jpg | https://cdn11.bigcommerce.com/s-dbb3r9a7se/stencil/382d9e80-277d-013e-e48e-4a4f5670f649/e/04e821c0-e5dd-013e-f544-2ec1a3f21564/img/loading.svg; https://www.alstapingtools.com/10-10-troweling-blade/"
"NorthStar","46 - Fillister Head Screw 4-40 x 5/16","F010","","N/A","","","https://cdn11.bigcommerce.com/s-dbb3r9a7se/stencil/382d9e80-277d-013e-e48e-4a4f5670f649/e/04e821c0-e5dd-013e-f544-2ec1a3f21564/img/ProductDefault.svg; https://www.alstapingtools.com/46-fillister-head-screw-4-40-x-5-16/"
"NorthStar","45 - Hex Socket Cap Screw 6-32 x 1/2","59091-A","","N/A","","","https://cdn11.bigcommerce.com/s-dbb3r9a7se/stencil/382d9e80-277d-013e-e48e-4a4f5670f649/e/04e821c0-e5dd-013e-f544-2ec1a3f21564/img/ProductDefault.svg | https://cdn11.bigcommerce.com/s-dbb3r9a7se/stencil/382d9e80-277d-013e-e48e-4a4f5670f649/e/04e821c0-e5dd-013e-f544-2ec1a3f21564/img/loading.svg; https://www.alstapingtools.com/45-hex-socket-cap-screw-6-32-x-1-2/"
"NorthStar","44 - Brass Flat Washer #10","209042-A","","N/A","","","https://cdn11.bigcommerce.com/s-dbb3r9a7se/images/stencil/1280w/products/2426/1527/209042_2__50821.1675191900.jpg | https://cdn11.bigcommerce.com/s-dbb3r9a7se/stencil/382d9e80-277d-013e-e48e-4a4f5670f649/e/04e821c0-e5dd-013e-f544-2ec1a3f21564/img/loading.svg; https://www.alstapingtools.com/44-brass-flat-washer-10/"
"NorthStar","43 - Hex Socket Cap Screw 6-32 x 1/4","889052-A","","N/A","","","https://cdn11.bigcommerce.com/s-dbb3r9a7se/stencil/382d9e80-277d-013e-e48e-4a4f5670f649/e/04e821c0-e5dd-013e-f544-2ec1a3f21564/img/ProductDefault.svg; https://www.alstapingtools.com/43-hex-socket-cap-screw-6-32-x-1-4/"
"NorthStar","42 - Nylock 4-40","807221-A","","N/A","","","https://cdn11.bigcommerce.com/s-dbb3r9a7se/images/stencil/1280w/products/2378/1284/209017_4__01799.1675191896.jpg; https://www.alstapingtools.com/42-nylock-4-40/"
"NorthStar","41 - Pan Head Screw 4-40 x 1/4","SHW-071","","N/A","","","https://cdn11.bigcommerce.com/s-dbb3r9a7se/stencil/382d9e80-277d-013e-e48e-4a4f5670f649/e/04e821c0-e5dd-013e-f544-2ec1a3f21564/img/ProductDefault.svg; https://www.alstapingtools.com/41-pan-head-screw-4-40-x-1-4/"
"NorthStar","40 - Shaft U-Cup Seal","700005-A2","","N/A","","","https://cdn11.bigcommerce.com/s-dbb3r9a7se/images/stencil/1280w/products/2324/1240/700005_3__08704.1675191896.jpg | https://cdn11.bigcommerce.com/s-dbb3r9a7se/stencil/382d9e80-277d-013e-e48e-4a4f5670f649/e/04e821c0-e5dd-013e-f544-2ec1a3f21564/img/loading.svg; https://www.alstapingtools.com/40-shaft-u-cup-seal/"
"NorthStar","39 - Hex Head Bolt 10-24 x 3/4","FA275","","N/A","","","https://cdn11.bigcommerce.com/s-dbb3r9a7se/stencil/382d9e80-277d-013e-e48e-4a4f5670f649/e/04e821c0-e5dd-013e-f544-2ec1a3f21564/img/ProductDefault.svg | https://cdn11.bigcommerce.com/s-dbb3r9a7se/stencil/382d9e80-277d-013e-e48e-4a4f5670f649/e/04e821c0-e5dd-013e-f544-2ec1a3f21564/img/loading.svg; https://www.alstapingtools.com/39-hex-head-bolt-10-24-x-3-4/"
"NorthStar","39 - 4L4-F Nyliner","SHW054","","N/A","","","https://cdn11.bigcommerce.com/s-dbb3r9a7se/stencil/382d9e80-277d-013e-e48e-4a4f5670f649/e/04e821c0-e5dd-013e-f544-2ec1a3f21564/img/ProductDefault.svg; https://www.alstapingtools.com/39-4l4-f-nyliner/"
"NorthStar","38 - 4L6-D Nyliner","SHW053","","N/A","","","https://cdn11.bigcommerce.com/s-dbb3r9a7se/stencil/382d9e80-277d-013e-e48e-4a4f5670f649/e/04e821c0-e5dd-013e-f544-2ec1a3f21564/img/ProductDefault.svg; https://www.alstapingtools.com/38-4l6-d-nyliner/"
"NorthStar","37 - Nylon Washer 7/8 OD x 1/4","SHW-083","","N/A","","","https://cdn11.bigcommerce.com/s-dbb3r9a7se/stencil/382d9e80-277d-013e-e48e-4a4f5670f649/e/04e821c0-e5dd-013e-f544-2ec1a3f21564/img/ProductDefault.svg; https://www.alstapingtools.com/37-nylon-washer-7-8-od-x-1-4/"
"NorthStar","NorthStar 8"" Flat Box Repair Kit","8 BOX KIT","","N/A","","","https://cdn11.bigcommerce.com/s-dbb3r9a7se/images/stencil/1280w/products/2234/1649/8_box_kit__09477.1675191901.jpg; https://www.alstapingtools.com/northstar-8-flat-box-repair-kit/"
"NorthStar","37 - Pan Head Screw 4-40 x 1/8","808591","","N/A","","","https://cdn11.bigcommerce.com/s-dbb3r9a7se/images/stencil/1280w/products/2216/4428/209048_2__77089.1675191940.jpg; https://www.alstapingtools.com/37-pan-head-screw-4-40-x-1-8/"
"NorthStar","35 - Fillister Head Screw 6-32 x 3/16","59051-A","","N/A","","","https://cdn11.bigcommerce.com/s-dbb3r9a7se/stencil/382d9e80-277d-013e-e48e-4a4f5670f649/e/04e821c0-e5dd-013e-f544-2ec1a3f21564/img/ProductDefault.svg | https://cdn11.bigcommerce.com/s-dbb3r9a7se/stencil/382d9e80-277d-013e-e48e-4a4f5670f649/e/04e821c0-e5dd-013e-f544-2ec1a3f21564/img/loading.svg; https://www.alstapingtools.com/35-fillister-head-screw-6-32-x-3-16/"
"NorthStar","34 - Flat Washer 1/4 ID x .682","SHW-79","","N/A","","","https://cdn11.bigcommerce.com/s-dbb3r9a7se/stencil/382d9e80-277d-013e-e48e-4a4f5670f649/e/04e821c0-e5dd-013e-f544-2ec1a3f21564/img/ProductDefault.svg; https://www.alstapingtools.com/34-flat-washer-1-4-id-x-682/"
"NorthStar","33 - Hex Head Bolt 1/4-20 x 2 1/4","SHW021","","N/A","","","https://cdn11.bigcommerce.com/s-dbb3r9a7se/stencil/382d9e80-277d-013e-e48e-4a4f5670f649/e/04e821c0-e5dd-013e-f544-2ec1a3f21564/img/ProductDefault.svg; https://www.alstapingtools.com/33-hex-head-bolt-1-4-20-x-2-1-4/"
"NorthStar","NorthStar 12"" Flat Box Repair Kit","12 BOX KIT","","N/A","","","https://cdn11.bigcommerce.com/s-dbb3r9a7se/images/stencil/1280w/products/2104/1044/501c12-full_2__58475.1675191893.jpg; https://www.alstapingtools.com/northstar-12-flat-box-repair-kit/"
"NorthStar","34 - Thumb Screw 6-32 x 1/2","SHW-044","","N/A","","","https://cdn11.bigcommerce.com/s-dbb3r9a7se/stencil/382d9e80-277d-013e-e48e-4a4f5670f649/e/04e821c0-e5dd-013e-f544-2ec1a3f21564/img/ProductDefault.svg | https://cdn11.bigcommerce.com/s-dbb3r9a7se/stencil/382d9e80-277d-013e-e48e-4a4f5670f649/e/04e821c0-e5dd-013e-f544-2ec1a3f21564/img/loading.svg; https://www.alstapingtools.com/34-thumb-screw-6-32-x-1-2/"
"NorthStar","33 - Wing Nut 10-24","209030-A","","N/A","","","https://cdn11.bigcommerce.com/s-dbb3r9a7se/images/stencil/1280w/products/2069/1481/209030_2__21553.1675191899.jpg | https://cdn11.bigcommerce.com/s-dbb3r9a7se/stencil/382d9e80-277d-013e-e48e-4a4f5670f649/e/04e821c0-e5dd-013e-f544-2ec1a3f21564/img/loading.svg; https://www.alstapingtools.com/33-wing-nut-10-24/"
"NorthStar","NorthStar 10"" Flat Box Repair Kit","10 BOX KIT""""","","N/A","","","https://cdn11.bigcommerce.com/s-dbb3r9a7se/images/stencil/1280w/products/2067/2765/501c10-full_1__89993.1675191917.jpg; https://www.alstapingtools.com/northstar-10-flat-box-repair-kit/"
"NorthStar","32 - Hex Head Bolt 10-32 x 3/4","SHW041","","N/A","","","https://cdn11.bigcommerce.com/s-dbb3r9a7se/stencil/382d9e80-277d-013e-e48e-4a4f5670f649/e/04e821c0-e5dd-013e-f544-2ec1a3f21564/img/ProductDefault.svg; https://www.alstapingtools.com/32-hex-head-bolt-10-32-x-3-4/"
"NorthStar","31 - Piston U-Cup Seal","SHW069","","N/A","","","https://cdn11.bigcommerce.com/s-dbb3r9a7se/images/stencil/1280w/products/1991/1175/northstar_ss__72857.1675191895.jpg; https://www.alstapingtools.com/31-piston-u-cup-seal/"
"NorthStar","30 - Regular Nylock 10-32","SHW039","","N/A","","","https://cdn11.bigcommerce.com/s-dbb3r9a7se/images/stencil/1280w/products/1982/740/059018_3__89994.1675191889.jpg; https://www.alstapingtools.com/30-regular-nylock-10-32/"
"NorthStar","NorthStar Pump Rebuild Kit","NSPUMPREP","","N/A","","","https://cdn11.bigcommerce.com/s-dbb3r9a7se/images/stencil/1280w/products/1957/1177/ns_pump_kit__46571.1675191895.jpg; https://www.alstapingtools.com/northstar-pump-rebuild-kit/"
"NorthStar","30 - Tetraseal","SHW-036","","N/A","","","https://cdn11.bigcommerce.com/s-dbb3r9a7se/images/stencil/1280w/products/1948/1703/059709_1__08379.1675191902.jpg; https://www.alstapingtools.com/30-tetraseal/"
"NorthStar","29 - Latch","SHW-035","","N/A","","","https://cdn11.bigcommerce.com/s-dbb3r9a7se/images/stencil/1280w/products/1931/5869/shw-035__20472.1748975416.jpg | https://cdn11.bigcommerce.com/s-dbb3r9a7se/stencil/382d9e80-277d-013e-e48e-4a4f5670f649/e/04e821c0-e5dd-013e-f544-2ec1a3f21564/img/loading.svg; https://www.alstapingtools.com/29-latch/"
"NorthStar","28 - Hex Socket Cap Screw 8-32 x 3/16","AT118","","N/A","","","https://cdn11.bigcommerce.com/s-dbb3r9a7se/stencil/382d9e80-277d-013e-e48e-4a4f5670f649/e/04e821c0-e5dd-013e-f544-2ec1a3f21564/img/ProductDefault.svg; https://www.alstapingtools.com/28-hex-socket-cap-screw-8-32-x-3-16/"
"NorthStar","26 - Hex Head Bolt 5/16-18 x 7/8","709023-A","","N/A","","","https://cdn11.bigcommerce.com/s-dbb3r9a7se/images/stencil/1280w/products/1855/1516/559017_5__86084.1675191899.jpg; https://www.alstapingtools.com/26-hex-head-bolt-5-16-18-x-7-8/"
"NorthStar","25 - Regular Nylock 3/8-16","709027-A","","N/A","","","https://cdn11.bigcommerce.com/s-dbb3r9a7se/stencil/382d9e80-277d-013e-e48e-4a4f5670f649/e/04e821c0-e5dd-013e-f544-2ec1a3f21564/img/ProductDefault.svg | https://cdn11.bigcommerce.com/s-dbb3r9a7se/stencil/382d9e80-277d-013e-e48e-4a4f5670f649/e/04e821c0-e5dd-013e-f544-2ec1a3f21564/img/loading.svg; https://www.alstapingtools.com/25-regular-nylock-3-8-16/"
"NorthStar","23 - Thin Jam Nut 5/16-24","SHW024","","N/A","","","https://cdn11.bigcommerce.com/s-dbb3r9a7se/stencil/382d9e80-277d-013e-e48e-4a4f5670f649/e/04e821c0-e5dd-013e-f544-2ec1a3f21564/img/ProductDefault.svg; https://www.alstapingtools.com/23-thin-jam-nut-5-16-24/"
"NorthStar","22 - Regular Nylock 1/4-20","SHW022","","N/A","","","https://cdn11.bigcommerce.com/s-dbb3r9a7se/images/stencil/1280w/products/1740/423/059018_5__57851.1675191884.jpg; https://www.alstapingtools.com/22-regular-nylock-1-4-20/"
"NorthStar","6 - Position Lock Level","FFH015","","N/A","","","https://cdn11.bigcommerce.com/s-dbb3r9a7se/images/stencil/1280w/products/1700/4542/1c54657b59b443adb3696b3c7ab2e041_1__73911.1675191942.jpg; https://www.alstapingtools.com/6-position-lock-level/"
"NorthStar","21 - Hex Head Bolt 1/4-20 x 2","709051","","N/A","","","https://cdn11.bigcommerce.com/s-dbb3r9a7se/stencil/382d9e80-277d-013e-e48e-4a4f5670f649/e/04e821c0-e5dd-013e-f544-2ec1a3f21564/img/ProductDefault.svg; https://www.alstapingtools.com/21-hex-head-bolt-1-4-20-x-2/"
"NorthStar","69 - Cutter Block Tube","050113F-A","","N/A","","","https://cdn11.bigcommerce.com/s-dbb3r9a7se/images/stencil/1280w/products/1609/827/050113f_1__25936.1675191890.jpg | https://cdn11.bigcommerce.com/s-dbb3r9a7se/stencil/382d9e80-277d-013e-e48e-4a4f5670f649/e/04e821c0-e5dd-013e-f544-2ec1a3f21564/img/loading.svg; https://www.alstapingtools.com/69-cutter-block-tube/"
"NorthStar","19 - Grip Hitch Pin 1/4 x 2.80","SHW-019","","N/A","","","https://cdn11.bigcommerce.com/s-dbb3r9a7se/stencil/382d9e80-277d-013e-e48e-4a4f5670f649/e/04e821c0-e5dd-013e-f544-2ec1a3f21564/img/ProductDefault.svg; https://www.alstapingtools.com/19-grip-hitch-pin-1-4-x-2-80/"
"NorthStar","68 - Roll Pin 5/64 x 1/4","059129-1","","N/A","","","https://cdn11.bigcommerce.com/s-dbb3r9a7se/images/stencil/1280w/products/1576/2847/889016__54530.1675191918.jpg; https://www.alstapingtools.com/68-roll-pin-5-64-x-1-4/"
"NorthStar","17 - U-Cup Retainer","FLP-38","","N/A","","","https://cdn11.bigcommerce.com/s-dbb3r9a7se/stencil/382d9e80-277d-013e-e48e-4a4f5670f649/e/04e821c0-e5dd-013e-f544-2ec1a3f21564/img/ProductDefault.svg; https://www.alstapingtools.com/17-u-cup-retainer/"
"NorthStar","19 - Thumbscrew 5/16""","808300-A","","N/A","","","https://cdn11.bigcommerce.com/s-dbb3r9a7se/stencil/382d9e80-277d-013e-e48e-4a4f5670f649/e/04e821c0-e5dd-013e-f544-2ec1a3f21564/img/ProductDefault.svg; https://www.alstapingtools.com/19-thumbscrew-5-16/"
"NorthStar","2 - Push Rod Assembly","PS-14","","N/A","","","https://cdn11.bigcommerce.com/s-dbb3r9a7se/images/stencil/1280w/products/1525/2217/52fabca51c8948a6be5d40ec3d22e5f6__92469.1675191909.jpg | https://cdn11.bigcommerce.com/s-dbb3r9a7se/images/stencil/1280w/products/1525/2544/82300970d80b4814b89fa3f42d99c59e__62427.1675191914.jpg | https://cdn11.bigcommerce.com/s-dbb3r9a7se/images/stencil/1280w/products/1525/3036/ed6e0823eb5846a1b0e5bd512932e965__70554.1675191921.jpg | https://cdn11.bigcommerce.com/s-dbb3r9a7se/stencil/382d9e80-277d-013e-e48e-4a4f5670f649/e/04e821c0-e5dd-013e-f544-2ec1a3f21564/img/loading.svg; https://www.alstapingtools.com/2-push-rod-assembly/"
"NorthStar","66 - Cutter Blade","50133-A","","N/A","","","https://cdn11.bigcommerce.com/s-dbb3r9a7se/images/stencil/1280w/products/1523/2734/pyrimid_blade__85967.1675191917.jpg; https://www.alstapingtools.com/66-cutter-blade/"
"NorthStar","28 - Troweling Bar Assembly 12""","304002-A","","N/A","","","https://cdn11.bigcommerce.com/s-dbb3r9a7se/images/stencil/1280w/products/1513/1620/304002_1__20904.1675191901.jpg; https://www.alstapingtools.com/28-troweling-bar-assembly-12/"
"NorthStar","26 - Gooser Release Cam","50053-A","","N/A","","","https://cdn11.bigcommerce.com/s-dbb3r9a7se/images/stencil/1280w/products/1503/2709/050053__41465.1675191917.jpg; https://www.alstapingtools.com/26-gooser-release-cam/"
"NorthStar","65 - Cutter Block","050135F","","N/A","","","https://cdn11.bigcommerce.com/s-dbb3r9a7se/stencil/382d9e80-277d-013e-e48e-4a4f5670f649/e/04e821c0-e5dd-013e-f544-2ec1a3f21564/img/ProductDefault.svg | https://cdn11.bigcommerce.com/s-dbb3r9a7se/stencil/382d9e80-277d-013e-e48e-4a4f5670f649/e/04e821c0-e5dd-013e-f544-2ec1a3f21564/img/loading.svg; https://www.alstapingtools.com/65-cutter-block/"
"NorthStar","NorthStar Drywall 8"" HighTop Flat Box Wiper Seal","HTB-03-08","","N/A","","","https://cdn11.bigcommerce.com/s-dbb3r9a7se/images/stencil/1280w/products/1481/5563/httpwww.alstapingtools.comimagesproductsdetailnorthstar8highgasket1__36531.1675191963.jpg; https://www.alstapingtools.com/northstar-drywall-8-hightop-flat-box-wiper-seal/"
"NorthStar","25 - Cam","50123-A2","","N/A","","","https://cdn11.bigcommerce.com/s-dbb3r9a7se/images/stencil/1280w/products/1480/1471/050123__94873.1675191899.jpg; https://www.alstapingtools.com/25-cam/"
"NorthStar","112 - Gooser Bushing","50031-A","","N/A","","","https://cdn11.bigcommerce.com/s-dbb3r9a7se/images/stencil/1280w/products/1477/3068/050031__47585.1675191921.jpg; https://www.alstapingtools.com/112-gooser-bushing/"
"NorthStar","28 - Troweling Bar Assembly","ffb-37-08","","N/A","","","https://cdn11.bigcommerce.com/s-dbb3r9a7se/stencil/382d9e80-277d-013e-e48e-4a4f5670f649/e/04e821c0-e5dd-013e-f544-2ec1a3f21564/img/ProductDefault.svg | https://cdn11.bigcommerce.com/s-dbb3r9a7se/stencil/382d9e80-277d-013e-e48e-4a4f5670f649/e/04e821c0-e5dd-013e-f544-2ec1a3f21564/img/loading.svg; https://www.alstapingtools.com/28-troweling-bar-assembly/"
"NorthStar","19 - Axle Shoulder Bushing","FFB-24","","N/A","","","https://cdn11.bigcommerce.com/s-dbb3r9a7se/stencil/382d9e80-277d-013e-e48e-4a4f5670f649/e/04e821c0-e5dd-013e-f544-2ec1a3f21564/img/ProductDefault.svg; https://www.alstapingtools.com/19-axle-shoulder-bushing/"
"NorthStar","111 - Gooser Body","54028-A2","","N/A","","","https://cdn11.bigcommerce.com/s-dbb3r9a7se/images/stencil/1280w/products/1441/3227/054028_1__64430.1675191924.jpg; https://www.alstapingtools.com/111-gooser-body/"
"NorthStar","18 - Wheel","FFB23","","N/A","","","https://cdn11.bigcommerce.com/s-dbb3r9a7se/stencil/382d9e80-277d-013e-e48e-4a4f5670f649/e/04e821c0-e5dd-013e-f544-2ec1a3f21564/img/ProductDefault.svg; https://www.alstapingtools.com/18-wheel/"
"NorthStar","3 - O-Ring","709034-A","","N/A","","","https://cdn11.bigcommerce.com/s-dbb3r9a7se/images/stencil/1280w/products/1427/700/709034__59787.1675191888.jpg | https://cdn11.bigcommerce.com/s-dbb3r9a7se/stencil/382d9e80-277d-013e-e48e-4a4f5670f649/e/04e821c0-e5dd-013e-f544-2ec1a3f21564/img/loading.svg; https://www.alstapingtools.com/3-o-ring/"
"NorthStar","3 - NorthStar 12"" Flat Box Wiper Seal","FFB-03-12","","N/A","","","https://cdn11.bigcommerce.com/s-dbb3r9a7se/images/stencil/1280w/products/1426/2716/httpwww.alstapingtools.comimagesproductsdetailnorthstar12wiper__04616.1675191917.jpg; https://www.alstapingtools.com/3-northstar-12-flat-box-wiper-seal/"
"NorthStar","24 - Pan Head Screw 6-32 x 3/16","59252-A","","N/A","","","https://cdn11.bigcommerce.com/s-dbb3r9a7se/images/stencil/1280w/products/1421/2875/059252_2__18579.1675191919.jpg | https://cdn11.bigcommerce.com/s-dbb3r9a7se/stencil/382d9e80-277d-013e-e48e-4a4f5670f649/e/04e821c0-e5dd-013e-f544-2ec1a3f21564/img/loading.svg; https://www.alstapingtools.com/24-pan-head-screw-6-32-x-3-16/"
"NorthStar","28 - Troweling Bar Assembly 10""","254002-A","","N/A","","","https://cdn11.bigcommerce.com/s-dbb3r9a7se/stencil/382d9e80-277d-013e-e48e-4a4f5670f649/e/04e821c0-e5dd-013e-f544-2ec1a3f21564/img/ProductDefault.svg | https://cdn11.bigcommerce.com/s-dbb3r9a7se/stencil/382d9e80-277d-013e-e48e-4a4f5670f649/e/04e821c0-e5dd-013e-f544-2ec1a3f21564/img/loading.svg; https://www.alstapingtools.com/28-troweling-bar-assembly-10/"
"NorthStar","64 - Hex Set Screw 4-40 x 1/8","409013-A","","N/A","","","https://cdn11.bigcommerce.com/s-dbb3r9a7se/images/stencil/1280w/products/1416/1460/409013_1_1__62957.1675191899.jpg | https://cdn11.bigcommerce.com/s-dbb3r9a7se/stencil/382d9e80-277d-013e-e48e-4a4f5670f649/e/04e821c0-e5dd-013e-f544-2ec1a3f21564/img/loading.svg; https://www.alstapingtools.com/64-hex-set-screw-4-40-x-1-8/"
"NorthStar","23 - Slotted Pan Head Screw 10-24 x 1/2""","809315-A","","N/A","","","https://cdn11.bigcommerce.com/s-dbb3r9a7se/stencil/382d9e80-277d-013e-e48e-4a4f5670f649/e/04e821c0-e5dd-013e-f544-2ec1a3f21564/img/ProductDefault.svg; https://www.alstapingtools.com/23-slotted-pan-head-screw-10-24-x-1-2/"
"NorthStar","17 - 12"" Axle","FFB-22-12","","N/A","","","https://cdn11.bigcommerce.com/s-dbb3r9a7se/stencil/382d9e80-277d-013e-e48e-4a4f5670f649/e/04e821c0-e5dd-013e-f544-2ec1a3f21564/img/ProductDefault.svg; https://www.alstapingtools.com/17-12-axle/"
"NorthStar","110 - Small Sprocket","50125","","N/A","","","https://cdn11.bigcommerce.com/s-dbb3r9a7se/stencil/382d9e80-277d-013e-e48e-4a4f5670f649/e/04e821c0-e5dd-013e-f544-2ec1a3f21564/img/ProductDefault.svg | https://cdn11.bigcommerce.com/s-dbb3r9a7se/stencil/382d9e80-277d-013e-e48e-4a4f5670f649/e/04e821c0-e5dd-013e-f544-2ec1a3f21564/img/loading.svg; https://www.alstapingtools.com/110-small-sprocket/"
"NorthStar","NorthStar Drywall 10"" Flat Box Wiper Seal","FFB-03-10","","N/A","","","https://cdn11.bigcommerce.com/s-dbb3r9a7se/images/stencil/1280w/products/1398/2245/httpwww.alstapingtools.comimagesproductsdetailnorthstar10wiper1__19115.1675191910.jpg; https://www.alstapingtools.com/northstar-drywall-10-flat-box-wiper-seal/"
"NorthStar","63 - Bind Head Screw 6-32 x 1/4","359005-A","","N/A","","","https://cdn11.bigcommerce.com/s-dbb3r9a7se/images/stencil/1280w/products/1392/2378/359005_2__98657.1675191912.jpg | https://cdn11.bigcommerce.com/s-dbb3r9a7se/stencil/382d9e80-277d-013e-e48e-4a4f5670f649/e/04e821c0-e5dd-013e-f544-2ec1a3f21564/img/loading.svg; https://www.alstapingtools.com/63-bind-head-screw-6-32-x-1-4/"
"NorthStar","27 - Crown Dial Assembly","206003-A","","N/A","","","https://cdn11.bigcommerce.com/s-dbb3r9a7se/stencil/382d9e80-277d-013e-e48e-4a4f5670f649/e/04e821c0-e5dd-013e-f544-2ec1a3f21564/img/ProductDefault.svg | https://cdn11.bigcommerce.com/s-dbb3r9a7se/stencil/382d9e80-277d-013e-e48e-4a4f5670f649/e/04e821c0-e5dd-013e-f544-2ec1a3f21564/img/loading.svg; https://www.alstapingtools.com/27-crown-dial-assembly/"
"NorthStar","109 - Drive Shaft Main","050110F-A2","","N/A","","","https://cdn11.bigcommerce.com/s-dbb3r9a7se/stencil/382d9e80-277d-013e-e48e-4a4f5670f649/e/04e821c0-e5dd-013e-f544-2ec1a3f21564/img/ProductDefault.svg | https://cdn11.bigcommerce.com/s-dbb3r9a7se/stencil/382d9e80-277d-013e-e48e-4a4f5670f649/e/04e821c0-e5dd-013e-f544-2ec1a3f21564/img/loading.svg; https://www.alstapingtools.com/109-drive-shaft-main/"
"NorthStar","16 - Left Skid Cover","209039-A3","","N/A","","","https://cdn11.bigcommerce.com/s-dbb3r9a7se/images/stencil/1280w/products/1373/757/209039_2__59643.1675191889.jpg | https://cdn11.bigcommerce.com/s-dbb3r9a7se/stencil/382d9e80-277d-013e-e48e-4a4f5670f649/e/04e821c0-e5dd-013e-f544-2ec1a3f21564/img/loading.svg; https://www.alstapingtools.com/16-left-skid-cover/"
"NorthStar","23 - Lock Washer #6","59016-A","","N/A","","","https://cdn11.bigcommerce.com/s-dbb3r9a7se/images/stencil/1280w/products/1371/1018/059016_1__20997.1675191893.jpg; https://www.alstapingtools.com/23-lock-washer-6/"
"NorthStar","26 - LG Standoff","FFB-35","","N/A","","","https://cdn11.bigcommerce.com/s-dbb3r9a7se/stencil/382d9e80-277d-013e-e48e-4a4f5670f649/e/04e821c0-e5dd-013e-f544-2ec1a3f21564/img/ProductDefault.svg | https://cdn11.bigcommerce.com/s-dbb3r9a7se/stencil/382d9e80-277d-013e-e48e-4a4f5670f649/e/04e821c0-e5dd-013e-f544-2ec1a3f21564/img/loading.svg; https://www.alstapingtools.com/26-lg-standoff/"
"NorthStar","10 -  Door Wiper | CB-17","CB-17","","N/A","","","https://cdn11.bigcommerce.com/s-dbb3r9a7se/images/stencil/1280w/products/1356/5201/httpwww.alstapingtools.comimagesproductsdisplaynorthstarcornerboxgasket__13844.1675191953.jpg | https://cdn11.bigcommerce.com/s-dbb3r9a7se/images/stencil/1280w/products/1356/5490/httpwww.alstapingtools.comimagesproductsdetailnorthstarcornerboxgasket__85162.1675191961.jpg | https://cdn11.bigcommerce.com/s-dbb3r9a7se/images/stencil/1280w/products/1356/5585/httpwww.alstapingtools.comimagesproductsthumbnorthstarcornerboxgasket__57268.1675191964.jpg; https://www.alstapingtools.com/10-door-wiper-cb-17/"
"NorthStar","15 - Right Skid Cover","209006-A2","","N/A","","","https://cdn11.bigcommerce.com/s-dbb3r9a7se/images/stencil/1280w/products/1352/1124/209006_3__97215.1675191894.jpg | https://cdn11.bigcommerce.com/s-dbb3r9a7se/stencil/382d9e80-277d-013e-e48e-4a4f5670f649/e/04e821c0-e5dd-013e-f544-2ec1a3f21564/img/loading.svg; https://www.alstapingtools.com/15-right-skid-cover-1/"
"NorthStar","61 - Insert","AT-102","","N/A","","","https://cdn11.bigcommerce.com/s-dbb3r9a7se/stencil/382d9e80-277d-013e-e48e-4a4f5670f649/e/04e821c0-e5dd-013e-f544-2ec1a3f21564/img/ProductDefault.svg | https://cdn11.bigcommerce.com/s-dbb3r9a7se/stencil/382d9e80-277d-013e-e48e-4a4f5670f649/e/04e821c0-e5dd-013e-f544-2ec1a3f21564/img/loading.svg; https://www.alstapingtools.com/61-insert/"
"NorthStar","108 - Bind Head Screw 4-40 x 3/16","59057-A","","N/A","","","https://cdn11.bigcommerce.com/s-dbb3r9a7se/images/stencil/1280w/products/1343/1514/059057_1__69627.1675191899.jpg | https://cdn11.bigcommerce.com/s-dbb3r9a7se/stencil/382d9e80-277d-013e-e48e-4a4f5670f649/e/04e821c0-e5dd-013e-f544-2ec1a3f21564/img/loading.svg; https://www.alstapingtools.com/108-bind-head-screw-4-40-x-3-16/"
"NorthStar","22 - Flat Head Screw 6-32 x 1/4","59107-A","","N/A","","","https://cdn11.bigcommerce.com/s-dbb3r9a7se/images/stencil/1280w/products/1341/2032/059107_1__86630.1675191907.jpg; https://www.alstapingtools.com/22-flat-head-screw-6-32-x-1-4/"
"NorthStar","45 - Custom Nut Plunger","59206-A","","N/A","","","https://cdn11.bigcommerce.com/s-dbb3r9a7se/stencil/382d9e80-277d-013e-e48e-4a4f5670f649/e/04e821c0-e5dd-013e-f544-2ec1a3f21564/img/ProductDefault.svg; https://www.alstapingtools.com/45-custom-nut-plunger/"
"NorthStar","26 - Hex Socket Cap Screw 6-32 x 1/4""","SHW-016-A","","N/A","","","https://cdn11.bigcommerce.com/s-dbb3r9a7se/stencil/382d9e80-277d-013e-e48e-4a4f5670f649/e/04e821c0-e5dd-013e-f544-2ec1a3f21564/img/ProductDefault.svg | https://cdn11.bigcommerce.com/s-dbb3r9a7se/stencil/382d9e80-277d-013e-e48e-4a4f5670f649/e/04e821c0-e5dd-013e-f544-2ec1a3f21564/img/loading.svg; https://www.alstapingtools.com/26-hex-socket-cap-screw-6-32-x-1-4/"
"NorthStar","60 - Spring Anchor Washer Derlin","AT-137","","N/A","","","https://cdn11.bigcommerce.com/s-dbb3r9a7se/stencil/382d9e80-277d-013e-e48e-4a4f5670f649/e/04e821c0-e5dd-013e-f544-2ec1a3f21564/img/ProductDefault.svg | https://cdn11.bigcommerce.com/s-dbb3r9a7se/stencil/382d9e80-277d-013e-e48e-4a4f5670f649/e/04e821c0-e5dd-013e-f544-2ec1a3f21564/img/loading.svg; https://www.alstapingtools.com/60-spring-anchor-washer-derlin/"
"NorthStar","44 - Castle Hex Nut","59201-A","","N/A","","","https://cdn11.bigcommerce.com/s-dbb3r9a7se/stencil/382d9e80-277d-013e-e48e-4a4f5670f649/e/04e821c0-e5dd-013e-f544-2ec1a3f21564/img/ProductDefault.svg; https://www.alstapingtools.com/44-castle-hex-nut/"
"NorthStar","27 - Slotted Pan Head Screw 6-32 x 5/16""","SHW-103","","N/A","","","https://cdn11.bigcommerce.com/s-dbb3r9a7se/images/stencil/1280w/products/1295/1417/059020_1__87770.1675191898.jpg; https://www.alstapingtools.com/27-slotted-pan-head-screw-6-32-x-5-16/"
"NorthStar","20 - Pan Head Screw 4-40 x 3/16","59057-A2","","N/A","","","https://cdn11.bigcommerce.com/s-dbb3r9a7se/images/stencil/1280w/products/1294/993/059057__12594.1675191892.jpg | https://cdn11.bigcommerce.com/s-dbb3r9a7se/stencil/382d9e80-277d-013e-e48e-4a4f5670f649/e/04e821c0-e5dd-013e-f544-2ec1a3f21564/img/loading.svg; https://www.alstapingtools.com/20-pan-head-screw-4-40-x-3-16/"
"NorthStar","59 - Roller Adjustment Level","AT-164","","N/A","","","https://cdn11.bigcommerce.com/s-dbb3r9a7se/images/stencil/1280w/products/1282/1043/img_2756_clean___72601.1675191893.jpg | https://cdn11.bigcommerce.com/s-dbb3r9a7se/stencil/382d9e80-277d-013e-e48e-4a4f5670f649/e/04e821c0-e5dd-013e-f544-2ec1a3f21564/img/loading.svg; https://www.alstapingtools.com/59-roller-adjustment-level/"
"NorthStar","43 - Hex Head Screw 1/4-20 x 5/8""","AT121","","N/A","","","https://cdn11.bigcommerce.com/s-dbb3r9a7se/stencil/382d9e80-277d-013e-e48e-4a4f5670f649/e/04e821c0-e5dd-013e-f544-2ec1a3f21564/img/ProductDefault.svg; https://www.alstapingtools.com/43-hex-head-screw-1-4-20-x-5-8/"
"NorthStar","13 - Crown Nut 6-32","202021-A","","N/A","","","https://cdn11.bigcommerce.com/s-dbb3r9a7se/stencil/382d9e80-277d-013e-e48e-4a4f5670f649/e/04e821c0-e5dd-013e-f544-2ec1a3f21564/img/ProductDefault.svg | https://cdn11.bigcommerce.com/s-dbb3r9a7se/stencil/382d9e80-277d-013e-e48e-4a4f5670f649/e/04e821c0-e5dd-013e-f544-2ec1a3f21564/img/loading.svg; https://www.alstapingtools.com/13-crown-nut-6-32/"
"NorthStar","28 - Brass Flat Washer #10","209042-A3","","N/A","","","https://cdn11.bigcommerce.com/s-dbb3r9a7se/images/stencil/1280w/products/1263/1438/14_brass_washr__07602.1675191898.jpg | https://cdn11.bigcommerce.com/s-dbb3r9a7se/stencil/382d9e80-277d-013e-e48e-4a4f5670f649/e/04e821c0-e5dd-013e-f544-2ec1a3f21564/img/loading.svg; https://www.alstapingtools.com/28-brass-flat-washer-10/"
"NorthStar","NorthStar Split Drive Wheel (4 Pack)","AT-158E-4PK","","N/A","","","https://cdn11.bigcommerce.com/s-dbb3r9a7se/images/stencil/1280w/products/1261/2992/northstar_split_4__24219.1675191920.jpg | https://cdn11.bigcommerce.com/s-dbb3r9a7se/stencil/382d9e80-277d-013e-e48e-4a4f5670f649/e/04e821c0-e5dd-013e-f544-2ec1a3f21564/img/loading.svg; https://www.alstapingtools.com/northstar-split-drive-wheel-4-pack/"
"NorthStar","58 - Spring Achor","AT-138","","N/A","","","https://cdn11.bigcommerce.com/s-dbb3r9a7se/images/stencil/1280w/products/1259/3308/img_2759__002_-removebg-preview__94157.1675191925.png; https://www.alstapingtools.com/58-spring-achor/"
"NorthStar","19 - Pan Head Screw 4-40 x 5/16","59156-A","","N/A","","","https://cdn11.bigcommerce.com/s-dbb3r9a7se/images/stencil/1280w/products/1258/3865/059156_2__56106.1675191933.jpg | https://cdn11.bigcommerce.com/s-dbb3r9a7se/stencil/382d9e80-277d-013e-e48e-4a4f5670f649/e/04e821c0-e5dd-013e-f544-2ec1a3f21564/img/loading.svg; https://www.alstapingtools.com/19-pan-head-screw-4-40-x-5-16/"
"NorthStar","105 - Drive Wheel","050094F-A","","N/A","","","https://cdn11.bigcommerce.com/s-dbb3r9a7se/images/stencil/1280w/products/1257/605/050094f__31498.1675191887.jpg | https://cdn11.bigcommerce.com/s-dbb3r9a7se/stencil/382d9e80-277d-013e-e48e-4a4f5670f649/e/04e821c0-e5dd-013e-f544-2ec1a3f21564/img/loading.svg; https://www.alstapingtools.com/105-drive-wheel/"
"NorthStar","23 - Mounting Stud 10-24","339073-A","","N/A","","","https://cdn11.bigcommerce.com/s-dbb3r9a7se/stencil/382d9e80-277d-013e-e48e-4a4f5670f649/e/04e821c0-e5dd-013e-f544-2ec1a3f21564/img/ProductDefault.svg | https://cdn11.bigcommerce.com/s-dbb3r9a7se/stencil/382d9e80-277d-013e-e48e-4a4f5670f649/e/04e821c0-e5dd-013e-f544-2ec1a3f21564/img/loading.svg; https://www.alstapingtools.com/23-mounting-stud-10-24/"
"NorthStar","42 - Plunger Washer","50204-A","","N/A","","","https://cdn11.bigcommerce.com/s-dbb3r9a7se/stencil/382d9e80-277d-013e-e48e-4a4f5670f649/e/04e821c0-e5dd-013e-f544-2ec1a3f21564/img/ProductDefault.svg; https://www.alstapingtools.com/42-plunger-washer/"
"NorthStar","12 - Crown Spring","303010-A","","N/A","","","https://cdn11.bigcommerce.com/s-dbb3r9a7se/stencil/382d9e80-277d-013e-e48e-4a4f5670f649/e/04e821c0-e5dd-013e-f544-2ec1a3f21564/img/ProductDefault.svg | https://cdn11.bigcommerce.com/s-dbb3r9a7se/stencil/382d9e80-277d-013e-e48e-4a4f5670f649/e/04e821c0-e5dd-013e-f544-2ec1a3f21564/img/loading.svg; https://www.alstapingtools.com/12-crown-spring/"
"NorthStar","NorthStar Split Drive Wheel (2 Pack)","at-158e-2pk","","N/A","","","https://cdn11.bigcommerce.com/s-dbb3r9a7se/images/stencil/1280w/products/1234/805/northstar_wheel_2__84663.1675191890.jpg | https://cdn11.bigcommerce.com/s-dbb3r9a7se/stencil/382d9e80-277d-013e-e48e-4a4f5670f649/e/04e821c0-e5dd-013e-f544-2ec1a3f21564/img/loading.svg; https://www.alstapingtools.com/northstar-split-drive-wheel-2-pack/"
"NorthStar","18 - Lock Washer #4","59038-A2","","N/A","","","https://cdn11.bigcommerce.com/s-dbb3r9a7se/images/stencil/1280w/products/1229/2968/059038__40772.1675191920.jpg; https://www.alstapingtools.com/18-lock-washer-4/"
"NorthStar","22 - Spacer Nut 10-24","FFB-28","","N/A","","","https://cdn11.bigcommerce.com/s-dbb3r9a7se/stencil/382d9e80-277d-013e-e48e-4a4f5670f649/e/04e821c0-e5dd-013e-f544-2ec1a3f21564/img/ProductDefault.svg | https://cdn11.bigcommerce.com/s-dbb3r9a7se/stencil/382d9e80-277d-013e-e48e-4a4f5670f649/e/04e821c0-e5dd-013e-f544-2ec1a3f21564/img/loading.svg; https://www.alstapingtools.com/22-spacer-nut-10-24/"
"NorthStar","NorthStar Split Drive Wheel","AT-158E","","N/A","","","https://cdn11.bigcommerce.com/s-dbb3r9a7se/images/stencil/1280w/products/1205/2961/northstar_split__05755.1675191920.jpg | https://cdn11.bigcommerce.com/s-dbb3r9a7se/stencil/382d9e80-277d-013e-e48e-4a4f5670f649/e/04e821c0-e5dd-013e-f544-2ec1a3f21564/img/loading.svg; https://www.alstapingtools.com/northstar-split-drive-wheel/"
"NorthStar","17 - Pan Head Screw 4-40x1/8","209048-A","","N/A","","","https://cdn11.bigcommerce.com/s-dbb3r9a7se/images/stencil/1280w/products/1198/1997/209048_1__22221.1675191906.jpg; https://www.alstapingtools.com/17-pan-head-screw-4-40x1-8/"
"NorthStar","103 - Spring Pin 3/32 x 3/8","SS332X37RP","","N/A","","","https://cdn11.bigcommerce.com/s-dbb3r9a7se/stencil/382d9e80-277d-013e-e48e-4a4f5670f649/e/04e821c0-e5dd-013e-f544-2ec1a3f21564/img/ProductDefault.svg; https://www.alstapingtools.com/103-spring-pin-3-32-x-3-8/"
"NorthStar","21 - Hex Socket Cap Screw 4-40x3/16 (SHW-099)","shw-099","","N/A","","","https://cdn11.bigcommerce.com/s-dbb3r9a7se/images/stencil/1280w/products/1184/1945/809725__33229.1675191906.jpg; https://www.alstapingtools.com/21-hex-socket-cap-screw-4-40x3-16-shw-099/"
"NorthStar","41 - Plunger Seal","50203-A","","N/A","","","https://cdn11.bigcommerce.com/s-dbb3r9a7se/stencil/382d9e80-277d-013e-e48e-4a4f5670f649/e/04e821c0-e5dd-013e-f544-2ec1a3f21564/img/ProductDefault.svg | https://cdn11.bigcommerce.com/s-dbb3r9a7se/stencil/382d9e80-277d-013e-e48e-4a4f5670f649/e/04e821c0-e5dd-013e-f544-2ec1a3f21564/img/loading.svg; https://www.alstapingtools.com/41-plunger-seal/"
"NorthStar","30 - Socket Set Screw 8-32","809195-A","","N/A","","","https://cdn11.bigcommerce.com/s-dbb3r9a7se/stencil/382d9e80-277d-013e-e48e-4a4f5670f649/e/04e821c0-e5dd-013e-f544-2ec1a3f21564/img/ProductDefault.svg; https://www.alstapingtools.com/30-socket-set-screw-8-32/"
"NorthStar","21 - Threaded Washer","202028-A","","N/A","","","https://cdn11.bigcommerce.com/s-dbb3r9a7se/stencil/382d9e80-277d-013e-e48e-4a4f5670f649/e/04e821c0-e5dd-013e-f544-2ec1a3f21564/img/ProductDefault.svg | https://cdn11.bigcommerce.com/s-dbb3r9a7se/stencil/382d9e80-277d-013e-e48e-4a4f5670f649/e/04e821c0-e5dd-013e-f544-2ec1a3f21564/img/loading.svg; https://www.alstapingtools.com/21-threaded-washer/"
"NorthStar","16 - Fillister Head Screw 6-32x3/16","SHW045","","N/A","","","https://cdn11.bigcommerce.com/s-dbb3r9a7se/images/stencil/1280w/products/1171/1610/059051_1__20425.1675191901.jpg; https://www.alstapingtools.com/16-fillister-head-screw-6-32x3-16/"
"NorthStar","29 - 3/16x2.1 LG Clevis Pin","FFH-26","","N/A","","","https://cdn11.bigcommerce.com/s-dbb3r9a7se/images/stencil/1280w/products/1162/3282/shw-011__79521.1675191924.jpg | https://cdn11.bigcommerce.com/s-dbb3r9a7se/stencil/382d9e80-277d-013e-e48e-4a4f5670f649/e/04e821c0-e5dd-013e-f544-2ec1a3f21564/img/loading.svg; https://www.alstapingtools.com/29-3-16x2-1-lg-clevis-pin/"
"NorthStar","40 - Plunger Body","50200-A2","","N/A","","","https://cdn11.bigcommerce.com/s-dbb3r9a7se/stencil/382d9e80-277d-013e-e48e-4a4f5670f649/e/04e821c0-e5dd-013e-f544-2ec1a3f21564/img/ProductDefault.svg | https://cdn11.bigcommerce.com/s-dbb3r9a7se/stencil/382d9e80-277d-013e-e48e-4a4f5670f649/e/04e821c0-e5dd-013e-f544-2ec1a3f21564/img/loading.svg; https://www.alstapingtools.com/40-plunger-body/"
"NorthStar","24 - Hex Set Screw 6-32x1/8 (SHW-098)","489013-A","","N/A","","","https://cdn11.bigcommerce.com/s-dbb3r9a7se/images/stencil/1280w/products/1160/772/409013_2_1__86384.1675191889.jpg | https://cdn11.bigcommerce.com/s-dbb3r9a7se/stencil/382d9e80-277d-013e-e48e-4a4f5670f649/e/04e821c0-e5dd-013e-f544-2ec1a3f21564/img/loading.svg; https://www.alstapingtools.com/24-hex-set-screw-6-32x1-8-shw-098/"
"NorthStar","55 - Bulkhead","AT-26","","N/A","","","https://cdn11.bigcommerce.com/s-dbb3r9a7se/stencil/382d9e80-277d-013e-e48e-4a4f5670f649/e/04e821c0-e5dd-013e-f544-2ec1a3f21564/img/ProductDefault.svg; https://www.alstapingtools.com/55-bulkhead/"
"NorthStar","20 - Wheel Shoulder Bushing","ffb-26","","N/A","","","https://cdn11.bigcommerce.com/s-dbb3r9a7se/images/stencil/1280w/products/1151/615/209148_1__18413.1675191887.jpg; https://www.alstapingtools.com/20-wheel-shoulder-bushing/"
"NorthStar","28 - 3L3-F Nyliner","SHW-011","","N/A","","","https://cdn11.bigcommerce.com/s-dbb3r9a7se/stencil/382d9e80-277d-013e-e48e-4a4f5670f649/e/04e821c0-e5dd-013e-f544-2ec1a3f21564/img/ProductDefault.svg | https://cdn11.bigcommerce.com/s-dbb3r9a7se/stencil/382d9e80-277d-013e-e48e-4a4f5670f649/e/04e821c0-e5dd-013e-f544-2ec1a3f21564/img/loading.svg; https://www.alstapingtools.com/28-3l3-f-nyliner/"
"NorthStar","15 - Hex Socket Cap Screw 6-32 x 1/4","889052-A2","","N/A","","","https://cdn11.bigcommerce.com/s-dbb3r9a7se/images/stencil/1280w/products/1144/3566/889015_1__85083.1675191928.jpg; https://www.alstapingtools.com/15-hex-socket-cap-screw-6-32-x-1-4/"
"NorthStar","9 - 12"" Blade Adjuster Clamp","FFB-10-12","","N/A","","","https://cdn11.bigcommerce.com/s-dbb3r9a7se/stencil/382d9e80-277d-013e-e48e-4a4f5670f649/e/04e821c0-e5dd-013e-f544-2ec1a3f21564/img/ProductDefault.svg; https://www.alstapingtools.com/9-12-blade-adjuster-clamp/"
"NorthStar","20 - Hex Set Screw 6-32x1/8 (SHW-098)","SHW-098","","N/A","","","https://cdn11.bigcommerce.com/s-dbb3r9a7se/images/stencil/1280w/products/1142/2890/409013_2__45431.1675191919.jpg; https://www.alstapingtools.com/20-hex-set-screw-6-32x1-8-shw-098/"
"NorthStar","39 - Special Nut","AT-136","","N/A","","","https://cdn11.bigcommerce.com/s-dbb3r9a7se/stencil/382d9e80-277d-013e-e48e-4a4f5670f649/e/04e821c0-e5dd-013e-f544-2ec1a3f21564/img/ProductDefault.svg | https://cdn11.bigcommerce.com/s-dbb3r9a7se/stencil/382d9e80-277d-013e-e48e-4a4f5670f649/e/04e821c0-e5dd-013e-f544-2ec1a3f21564/img/loading.svg; https://www.alstapingtools.com/39-special-nut/"
"NorthStar","38 - Flat Washer 11/16 OD","SHW086","","N/A","","","https://cdn11.bigcommerce.com/s-dbb3r9a7se/stencil/382d9e80-277d-013e-e48e-4a4f5670f649/e/04e821c0-e5dd-013e-f544-2ec1a3f21564/img/ProductDefault.svg; https://www.alstapingtools.com/38-flat-washer-11-16-od/"
"NorthStar","14 - Screw Block","050080F-A","","N/A","","","https://cdn11.bigcommerce.com/s-dbb3r9a7se/images/stencil/1280w/products/1099/434/050080f__10536.1675191884.jpg | https://cdn11.bigcommerce.com/s-dbb3r9a7se/stencil/382d9e80-277d-013e-e48e-4a4f5670f649/e/04e821c0-e5dd-013e-f544-2ec1a3f21564/img/loading.svg; https://www.alstapingtools.com/14-screw-block/"
"NorthStar","101 - Cotter Pin 1/16 x 1/2","59143-A","","N/A","","","https://cdn11.bigcommerce.com/s-dbb3r9a7se/images/stencil/1280w/products/1098/3194/059025_1__55116.1675191923.jpg | https://cdn11.bigcommerce.com/s-dbb3r9a7se/stencil/382d9e80-277d-013e-e48e-4a4f5670f649/e/04e821c0-e5dd-013e-f544-2ec1a3f21564/img/loading.svg; https://www.alstapingtools.com/101-cotter-pin-1-16-x-1-2/"
"NorthStar","1 - Corner Box Frame","CB014","","N/A","","","https://cdn11.bigcommerce.com/s-dbb3r9a7se/stencil/382d9e80-277d-013e-e48e-4a4f5670f649/e/04e821c0-e5dd-013e-f544-2ec1a3f21564/img/ProductDefault.svg; https://www.alstapingtools.com/1-corner-box-frame/"
"NorthStar","9 - Blade Adjuster Clamp 10""","FFB-10-10","","N/A","","","https://cdn11.bigcommerce.com/s-dbb3r9a7se/stencil/382d9e80-277d-013e-e48e-4a4f5670f649/e/04e821c0-e5dd-013e-f544-2ec1a3f21564/img/ProductDefault.svg; https://www.alstapingtools.com/9-blade-adjuster-clamp-10/"
"NorthStar","NorthStar 2.5"" Drywall Corner Finishing Angle Head Complete Rebuild Kit","NS2.5 KIT","","N/A","","","https://cdn11.bigcommerce.com/s-dbb3r9a7se/images/stencil/1280w/products/1075/4738/httpwww.alstapingtools.comimagesproductsdetailnorthstar25kit__45523.1675191945.jpg | https://cdn11.bigcommerce.com/s-dbb3r9a7se/stencil/382d9e80-277d-013e-e48e-4a4f5670f649/e/04e821c0-e5dd-013e-f544-2ec1a3f21564/img/loading.svg; https://www.alstapingtools.com/northstar-2-5-drywall-corner-finishing-angle-head-complete-rebuild-kit/"
"NorthStar","13 - Side Plate Shim","59098-A","","N/A","","","https://cdn11.bigcommerce.com/s-dbb3r9a7se/images/stencil/1280w/products/1072/2859/059098_1__12325.1675191919.jpg; https://www.alstapingtools.com/13-side-plate-shim/"
"NorthStar","19 - Hex Set Screw 8-32x1/4 (SHW-057)","59084-A","","N/A","","","https://cdn11.bigcommerce.com/s-dbb3r9a7se/images/stencil/1280w/products/1067/2641/059084_3__86137.1675191915.jpg | https://cdn11.bigcommerce.com/s-dbb3r9a7se/stencil/382d9e80-277d-013e-e48e-4a4f5670f649/e/04e821c0-e5dd-013e-f544-2ec1a3f21564/img/loading.svg; https://www.alstapingtools.com/19-hex-set-screw-8-32x1-4-shw-057/"
"NorthStar","26 - 1/4x1 1/8 Large Spring Pin","SHW-056","","N/A","","","https://cdn11.bigcommerce.com/s-dbb3r9a7se/images/stencil/1280w/products/1064/1242/shw-056__37208.1675191896.jpg; https://www.alstapingtools.com/26-1-4x1-1-8-large-spring-pin/"
"NorthStar","36 - O-Ring","SHW040","","N/A","","","https://cdn11.bigcommerce.com/s-dbb3r9a7se/stencil/382d9e80-277d-013e-e48e-4a4f5670f649/e/04e821c0-e5dd-013e-f544-2ec1a3f21564/img/ProductDefault.svg; https://www.alstapingtools.com/36-o-ring/"
"NorthStar","3 - Wiper Seal 10""","250026F-A","","N/A","","","https://cdn11.bigcommerce.com/s-dbb3r9a7se/images/stencil/1280w/products/1047/1491/httpwww.alstapingtools.comimagesproductsdetailnorthstar10wiper1_1__66437.1675191899.jpg | https://cdn11.bigcommerce.com/s-dbb3r9a7se/stencil/382d9e80-277d-013e-e48e-4a4f5670f649/e/04e821c0-e5dd-013e-f544-2ec1a3f21564/img/loading.svg; https://www.alstapingtools.com/3-wiper-seal-10/"
"NorthStar","99 - Drive Dog Spring","050115F-A2","","N/A","","","https://cdn11.bigcommerce.com/s-dbb3r9a7se/images/stencil/1280w/products/1039/2072/050115f__41983.1675191907.jpg | https://cdn11.bigcommerce.com/s-dbb3r9a7se/stencil/382d9e80-277d-013e-e48e-4a4f5670f649/e/04e821c0-e5dd-013e-f544-2ec1a3f21564/img/loading.svg; https://www.alstapingtools.com/99-drive-dog-spring/"
"NorthStar","11 - Side Plate (Near Main Chain)","51105-A","","N/A","","","https://cdn11.bigcommerce.com/s-dbb3r9a7se/images/stencil/1280w/products/1032/2551/051105__16489.1675191914.jpg | https://cdn11.bigcommerce.com/s-dbb3r9a7se/stencil/382d9e80-277d-013e-e48e-4a4f5670f649/e/04e821c0-e5dd-013e-f544-2ec1a3f21564/img/loading.svg; https://www.alstapingtools.com/11-side-plate-near-main-chain/"
"NorthStar","54 - Filler Valve Cylinder","054059F-A2","","N/A","","","https://cdn11.bigcommerce.com/s-dbb3r9a7se/images/stencil/1280w/products/1025/1178/tapetech_054059_1___03526.1675191895.jpg | https://cdn11.bigcommerce.com/s-dbb3r9a7se/stencil/382d9e80-277d-013e-e48e-4a4f5670f649/e/04e821c0-e5dd-013e-f544-2ec1a3f21564/img/loading.svg; https://www.alstapingtools.com/54-filler-valve-cylinder/"
"NorthStar","18 - Thin Nylock 6-32 (SHW-038)","SHW038","","N/A","","","https://cdn11.bigcommerce.com/s-dbb3r9a7se/images/stencil/1280w/products/1024/3463/059212_1__82612.1675191927.jpg; https://www.alstapingtools.com/18-thin-nylock-6-32-shw-038/"
"NorthStar","6 - Discharge Tube Gasket","FLP-14","","N/A","","","https://cdn11.bigcommerce.com/s-dbb3r9a7se/images/stencil/1280w/products/1022/892/pump_gasket_rubber__72629.1675191891.jpg; https://www.alstapingtools.com/6-discharge-tube-gasket/"
"NorthStar","25 - Brake Lever","FFH-23","","N/A","","","https://cdn11.bigcommerce.com/s-dbb3r9a7se/stencil/382d9e80-277d-013e-e48e-4a4f5670f649/e/04e821c0-e5dd-013e-f544-2ec1a3f21564/img/ProductDefault.svg | https://cdn11.bigcommerce.com/s-dbb3r9a7se/stencil/382d9e80-277d-013e-e48e-4a4f5670f649/e/04e821c0-e5dd-013e-f544-2ec1a3f21564/img/loading.svg; https://www.alstapingtools.com/25-brake-lever/"
"NorthStar","10 - Side Plate (Right)","51089-A","","N/A","","","https://cdn11.bigcommerce.com/s-dbb3r9a7se/images/stencil/1280w/products/1009/1444/051089__61208.1675191898.jpg | https://cdn11.bigcommerce.com/s-dbb3r9a7se/stencil/382d9e80-277d-013e-e48e-4a4f5670f649/e/04e821c0-e5dd-013e-f544-2ec1a3f21564/img/loading.svg; https://www.alstapingtools.com/10-side-plate-right/"
"NorthStar","53 - Tape Runner Assembly - Left","54104-A2","","N/A","","","https://cdn11.bigcommerce.com/s-dbb3r9a7se/images/stencil/1280w/products/1005/1285/054104_1__87807.1675191896.jpg; https://www.alstapingtools.com/53-tape-runner-assembly-left/"
"NorthStar","17 - Hex Socket Cap Screw 6-32x1/4 (SHW-016)","SHW-016-A2","","N/A","","","https://cdn11.bigcommerce.com/s-dbb3r9a7se/images/stencil/1280w/products/1003/1517/489029_3_1__39463.1675191900.jpg | https://cdn11.bigcommerce.com/s-dbb3r9a7se/stencil/382d9e80-277d-013e-e48e-4a4f5670f649/e/04e821c0-e5dd-013e-f544-2ec1a3f21564/img/loading.svg; https://www.alstapingtools.com/17-hex-socket-cap-screw-6-32x1-4-shw-016/"
"NorthStar","20 - Hex Socket Cap Screw 6-32x1/4 (SHW-016)","SHW-016","","N/A","","","https://cdn11.bigcommerce.com/s-dbb3r9a7se/images/stencil/1280w/products/988/1917/489029_3__73136.1675191905.jpg | https://cdn11.bigcommerce.com/s-dbb3r9a7se/stencil/382d9e80-277d-013e-e48e-4a4f5670f649/e/04e821c0-e5dd-013e-f544-2ec1a3f21564/img/loading.svg; https://www.alstapingtools.com/20-hex-socket-cap-screw-6-32x1-4-shw-016/"
"NorthStar","97 - Drive Dog Holder","54118","","N/A","","","https://cdn11.bigcommerce.com/s-dbb3r9a7se/images/stencil/1280w/products/984/1778/054118f__79556.1675191903.jpg | https://cdn11.bigcommerce.com/s-dbb3r9a7se/stencil/382d9e80-277d-013e-e48e-4a4f5670f649/e/04e821c0-e5dd-013e-f544-2ec1a3f21564/img/loading.svg; https://www.alstapingtools.com/97-drive-dog-holder/"
"NorthStar","5 - Valve Disc","FLP-11","","N/A","","","https://cdn11.bigcommerce.com/s-dbb3r9a7se/stencil/382d9e80-277d-013e-e48e-4a4f5670f649/e/04e821c0-e5dd-013e-f544-2ec1a3f21564/img/ProductDefault.svg; https://www.alstapingtools.com/5-valve-disc/"
"NorthStar","23 - 5L7 Type 3 Nyliner","SHW-101","","N/A","","","https://cdn11.bigcommerce.com/s-dbb3r9a7se/images/stencil/1280w/products/969/3429/shw-101__83981.1675191926.jpg; https://www.alstapingtools.com/23-5l7-type-3-nyliner/"
"NorthStar","16 - Nyliner 3L3 (SHW-011)","SHW-011-A3","","N/A","","","https://cdn11.bigcommerce.com/s-dbb3r9a7se/images/stencil/1280w/products/964/1095/059078_1__14741.1675191894.jpg | https://cdn11.bigcommerce.com/s-dbb3r9a7se/stencil/382d9e80-277d-013e-e48e-4a4f5670f649/e/04e821c0-e5dd-013e-f544-2ec1a3f21564/img/loading.svg; https://www.alstapingtools.com/16-nyliner-3l3-shw-011/"
"NorthStar","4 - Head","FLP-09","","N/A","","","https://cdn11.bigcommerce.com/s-dbb3r9a7se/stencil/382d9e80-277d-013e-e48e-4a4f5670f649/e/04e821c0-e5dd-013e-f544-2ec1a3f21564/img/ProductDefault.svg; https://www.alstapingtools.com/4-head/"
"NorthStar","48 - C-Clip 1/4","SHW-002","","N/A","","","https://cdn11.bigcommerce.com/s-dbb3r9a7se/images/stencil/1280w/products/953/4375/129061_1__16602.1675191940.jpg | https://cdn11.bigcommerce.com/s-dbb3r9a7se/stencil/382d9e80-277d-013e-e48e-4a4f5670f649/e/04e821c0-e5dd-013e-f544-2ec1a3f21564/img/loading.svg; https://www.alstapingtools.com/48-c-clip-1-4/"
"NorthStar","96 - Sprocket Assembly","054114F-A","","N/A","","","https://cdn11.bigcommerce.com/s-dbb3r9a7se/images/stencil/1280w/products/951/4460/054114f__33118.1675191941.jpg | https://cdn11.bigcommerce.com/s-dbb3r9a7se/stencil/382d9e80-277d-013e-e48e-4a4f5670f649/e/04e821c0-e5dd-013e-f544-2ec1a3f21564/img/loading.svg; https://www.alstapingtools.com/96-sprocket-assembly/"
"NorthStar","15 - Skid Blade (AH-35)","AH035","","N/A","","","https://cdn11.bigcommerce.com/s-dbb3r9a7se/images/stencil/1280w/products/938/2366/ag035__47752.1675191912.jpg | https://cdn11.bigcommerce.com/s-dbb3r9a7se/stencil/382d9e80-277d-013e-e48e-4a4f5670f649/e/04e821c0-e5dd-013e-f544-2ec1a3f21564/img/loading.svg; https://www.alstapingtools.com/15-skid-blade-ah-35/"
"NorthStar","22 - 8-32 x 1/4 LG Hex Set Screw","SHW057","","N/A","","","https://cdn11.bigcommerce.com/s-dbb3r9a7se/images/stencil/1280w/products/936/3086/tapetech_059084__64091.1675191922.jpg; https://www.alstapingtools.com/22-8-32-x-1-4-lg-hex-set-screw/"
"NorthStar","NorthStar 3.5"" Drywall Corner Finishing Angle Head Complete Rebuild Kit","NS3.5 KIT","","N/A","","","https://cdn11.bigcommerce.com/s-dbb3r9a7se/images/stencil/1280w/products/933/2557/httpwww.alstapingtools.comimagesproductsdetailnorthstar25kit_1__05769.1675191914.jpg | https://cdn11.bigcommerce.com/s-dbb3r9a7se/stencil/382d9e80-277d-013e-e48e-4a4f5670f649/e/04e821c0-e5dd-013e-f544-2ec1a3f21564/img/loading.svg; https://www.alstapingtools.com/northstar-3-5-drywall-corner-finishing-angle-head-complete-rebuild-kit/"
"NorthStar","47 - Nylon Tip Set Screw","SHW181","","N/A","","","https://cdn11.bigcommerce.com/s-dbb3r9a7se/stencil/382d9e80-277d-013e-e48e-4a4f5670f649/e/04e821c0-e5dd-013e-f544-2ec1a3f21564/img/ProductDefault.svg; https://www.alstapingtools.com/47-nylon-tip-set-screw/"
"NorthStar","51 - Cut-Off Spring","AT-172","","N/A","","","https://cdn11.bigcommerce.com/s-dbb3r9a7se/images/stencil/1280w/products/920/1156/050132f_1__36728.1675191894.jpg | https://cdn11.bigcommerce.com/s-dbb3r9a7se/stencil/382d9e80-277d-013e-e48e-4a4f5670f649/e/04e821c0-e5dd-013e-f544-2ec1a3f21564/img/loading.svg; https://www.alstapingtools.com/51-cut-off-spring/"
"NorthStar","14 - Frame Assy - Right Hand (AH-26-RH)","AH-26-RT","","N/A","","","https://cdn11.bigcommerce.com/s-dbb3r9a7se/stencil/382d9e80-277d-013e-e48e-4a4f5670f649/e/04e821c0-e5dd-013e-f544-2ec1a3f21564/img/ProductDefault.svg | https://cdn11.bigcommerce.com/s-dbb3r9a7se/stencil/382d9e80-277d-013e-e48e-4a4f5670f649/e/04e821c0-e5dd-013e-f544-2ec1a3f21564/img/loading.svg; https://www.alstapingtools.com/14-frame-assy-right-hand-ah-26-rh/"
"NorthStar","3 - Connecting Link","FLP-07","","N/A","","","https://cdn11.bigcommerce.com/s-dbb3r9a7se/stencil/382d9e80-277d-013e-e48e-4a4f5670f649/e/04e821c0-e5dd-013e-f544-2ec1a3f21564/img/ProductDefault.svg; https://www.alstapingtools.com/3-connecting-link/"
"NorthStar","95 - Thin Nylock 8-32","59074-A","","N/A","","","https://cdn11.bigcommerce.com/s-dbb3r9a7se/images/stencil/1280w/products/910/597/709027_3__14427.1675191887.jpg; https://www.alstapingtools.com/95-thin-nylock-8-32/"
"NorthStar","7 - Front Clip (AH-9)","AH-09","","N/A","","","https://cdn11.bigcommerce.com/s-dbb3r9a7se/images/stencil/1280w/products/908/4066/northstar_bullet_short__29461.1675191935.jpg | https://cdn11.bigcommerce.com/s-dbb3r9a7se/stencil/382d9e80-277d-013e-e48e-4a4f5670f649/e/04e821c0-e5dd-013e-f544-2ec1a3f21564/img/loading.svg; https://www.alstapingtools.com/7-front-clip-ah-9/"
"NorthStar","21 - Pivot Bushing","FFH-38","","N/A","","","https://cdn11.bigcommerce.com/s-dbb3r9a7se/images/stencil/1280w/products/906/4078/ffh-38__68238.1675191935.jpg; https://www.alstapingtools.com/21-pivot-bushing/"
"NorthStar","31 - Nylock Nut 10-24","SHW-146","","N/A","","","https://cdn11.bigcommerce.com/s-dbb3r9a7se/images/stencil/1280w/products/903/1344/209017_5__42782.1675191897.jpg; https://www.alstapingtools.com/31-nylock-nut-10-24/"
"NorthStar","46 - Hex Socket Cap Screw 8-32 x 3/8","SHW-095","","N/A","","","https://cdn11.bigcommerce.com/s-dbb3r9a7se/images/stencil/1280w/products/900/3763/809024_1__32182.1675191931.jpg | https://cdn11.bigcommerce.com/s-dbb3r9a7se/stencil/382d9e80-277d-013e-e48e-4a4f5670f649/e/04e821c0-e5dd-013e-f544-2ec1a3f21564/img/loading.svg; https://www.alstapingtools.com/46-hex-socket-cap-screw-8-32-x-3-8/"
"NorthStar","20 - Rod End","FFH-39","","N/A","","","https://cdn11.bigcommerce.com/s-dbb3r9a7se/images/stencil/1280w/products/888/4364/ffh-39__96854.1675191939.jpg | https://cdn11.bigcommerce.com/s-dbb3r9a7se/stencil/382d9e80-277d-013e-e48e-4a4f5670f649/e/04e821c0-e5dd-013e-f544-2ec1a3f21564/img/loading.svg; https://www.alstapingtools.com/20-rod-end/"
"NorthStar","94 - Chain Tensioner","50163-A2","","N/A","","","https://cdn11.bigcommerce.com/s-dbb3r9a7se/images/stencil/1280w/products/886/3171/050163__52664.1675191923.jpg | https://cdn11.bigcommerce.com/s-dbb3r9a7se/stencil/382d9e80-277d-013e-e48e-4a4f5670f649/e/04e821c0-e5dd-013e-f544-2ec1a3f21564/img/loading.svg; https://www.alstapingtools.com/94-chain-tensioner/"
"NorthStar","50 - Key Ring 5/8","59067-A","","N/A","","","https://cdn11.bigcommerce.com/s-dbb3r9a7se/images/stencil/1280w/products/882/3276/059067_1__90376.1675191924.jpg; https://www.alstapingtools.com/50-key-ring-5-8/"
"NorthStar","30 - Brass Flat Washer","shw-061","","N/A","","","https://cdn11.bigcommerce.com/s-dbb3r9a7se/images/stencil/1280w/products/881/674/209042_3__16311.1675191888.jpg; https://www.alstapingtools.com/30-brass-flat-washer/"
"NorthStar","13 - Frame Assy - Left Hand (AH-26-LH)","AH-26-LH","","N/A","","","https://cdn11.bigcommerce.com/s-dbb3r9a7se/stencil/382d9e80-277d-013e-e48e-4a4f5670f649/e/04e821c0-e5dd-013e-f544-2ec1a3f21564/img/ProductDefault.svg; https://www.alstapingtools.com/13-frame-assy-left-hand-ah-26-lh/"
"NorthStar","2 - Foot Valve","FLP-03","","N/A","","","https://cdn11.bigcommerce.com/s-dbb3r9a7se/stencil/382d9e80-277d-013e-e48e-4a4f5670f649/e/04e821c0-e5dd-013e-f544-2ec1a3f21564/img/ProductDefault.svg; https://www.alstapingtools.com/2-foot-valve/"
"NorthStar","6 - NorthStar Rear Bullet Assembly (AH-8)","AH-08","","N/A","","","https://cdn11.bigcommerce.com/s-dbb3r9a7se/images/stencil/1280w/products/875/891/northstar_bullet__87633.1675191891.jpg | https://cdn11.bigcommerce.com/s-dbb3r9a7se/stencil/382d9e80-277d-013e-e48e-4a4f5670f649/e/04e821c0-e5dd-013e-f544-2ec1a3f21564/img/loading.svg; https://www.alstapingtools.com/6-northstar-rear-bullet-assembly-ah-8/"
"NorthStar","45 - Spacer 1/8","SHW-064","","N/A","","","https://cdn11.bigcommerce.com/s-dbb3r9a7se/images/stencil/1280w/products/873/3191/050594_2__34485.1675191923.jpg | https://cdn11.bigcommerce.com/s-dbb3r9a7se/stencil/382d9e80-277d-013e-e48e-4a4f5670f649/e/04e821c0-e5dd-013e-f544-2ec1a3f21564/img/loading.svg; https://www.alstapingtools.com/45-spacer-1-8/"
"NorthStar","19 - Connection Rod","FFH-13","","N/A","","","https://cdn11.bigcommerce.com/s-dbb3r9a7se/stencil/382d9e80-277d-013e-e48e-4a4f5670f649/e/04e821c0-e5dd-013e-f544-2ec1a3f21564/img/ProductDefault.svg | https://cdn11.bigcommerce.com/s-dbb3r9a7se/stencil/382d9e80-277d-013e-e48e-4a4f5670f649/e/04e821c0-e5dd-013e-f544-2ec1a3f21564/img/loading.svg; https://www.alstapingtools.com/19-connection-rod/"
"NorthStar","22 - Slotted Pan Head Screw 4-40 x 1/8 (SHW-052)","shw-052","","N/A","","","https://cdn11.bigcommerce.com/s-dbb3r9a7se/images/stencil/1280w/products/866/571/209048_3__91093.1675191886.jpg; https://www.alstapingtools.com/22-slotted-pan-head-screw-4-40-x-1-8-shw-052/"
"NorthStar","49 - Wing Nut 10-24","209030-A2","","N/A","","","https://cdn11.bigcommerce.com/s-dbb3r9a7se/images/stencil/1280w/products/860/1493/209030__59121.1675191899.jpg | https://cdn11.bigcommerce.com/s-dbb3r9a7se/stencil/382d9e80-277d-013e-e48e-4a4f5670f649/e/04e821c0-e5dd-013e-f544-2ec1a3f21564/img/loading.svg; https://www.alstapingtools.com/49-wing-nut-10-24/"
"NorthStar","93 - Chain Keeper Washer","59024-A","","N/A","","","https://cdn11.bigcommerce.com/s-dbb3r9a7se/images/stencil/1280w/products/857/3083/059024__13455.1675191922.jpg; https://www.alstapingtools.com/93-chain-keeper-washer/"
"NorthStar","29 - Trigger Lever","AT-159","","N/A","","","https://cdn11.bigcommerce.com/s-dbb3r9a7se/stencil/382d9e80-277d-013e-e48e-4a4f5670f649/e/04e821c0-e5dd-013e-f544-2ec1a3f21564/img/ProductDefault.svg | https://cdn11.bigcommerce.com/s-dbb3r9a7se/stencil/382d9e80-277d-013e-e48e-4a4f5670f649/e/04e821c0-e5dd-013e-f544-2ec1a3f21564/img/loading.svg; https://www.alstapingtools.com/29-trigger-lever/"
"NorthStar","12 - 2.5"" Carbide Blade (AH-24)","AH-24","","N/A","","","https://cdn11.bigcommerce.com/s-dbb3r9a7se/images/stencil/1280w/products/853/3356/psx_20171228_100316__62526.1675191925.jpg | https://cdn11.bigcommerce.com/s-dbb3r9a7se/stencil/382d9e80-277d-013e-e48e-4a4f5670f649/e/04e821c0-e5dd-013e-f544-2ec1a3f21564/img/loading.svg; https://www.alstapingtools.com/12-2-5-carbide-blade-ah-24/"
"NorthStar","1 - Aluminum Cylinder","FLP-01","","N/A","","","https://cdn11.bigcommerce.com/s-dbb3r9a7se/images/stencil/1280w/products/852/5807/subject__84222.1748975379.png; https://www.alstapingtools.com/1-aluminum-cylinder/"
"NorthStar","48 - Anchor","AT-01","","N/A","","","https://cdn11.bigcommerce.com/s-dbb3r9a7se/stencil/382d9e80-277d-013e-e48e-4a4f5670f649/e/04e821c0-e5dd-013e-f544-2ec1a3f21564/img/ProductDefault.svg; https://www.alstapingtools.com/48-anchor/"
"NorthStar","4 - Ball Socket Insert (AH-6)","ah-6","","N/A","","","https://cdn11.bigcommerce.com/s-dbb3r9a7se/images/stencil/1280w/products/838/3421/ah-6__34742.1675191926.jpg; https://www.alstapingtools.com/4-ball-socket-insert-ah-6/"
"NorthStar","28 - Trigger Band Post","AT-1-61","","N/A","","","https://cdn11.bigcommerce.com/s-dbb3r9a7se/stencil/382d9e80-277d-013e-e48e-4a4f5670f649/e/04e821c0-e5dd-013e-f544-2ec1a3f21564/img/ProductDefault.svg; https://www.alstapingtools.com/28-trigger-band-post/"
"NorthStar","44 - Handle Grip","SHW001","","N/A","","","https://cdn11.bigcommerce.com/s-dbb3r9a7se/stencil/382d9e80-277d-013e-e48e-4a4f5670f649/e/04e821c0-e5dd-013e-f544-2ec1a3f21564/img/ProductDefault.svg; https://www.alstapingtools.com/44-handle-grip/"
"NorthStar","18 - 4L4-F Nyliner","SHW-010","","N/A","","","https://cdn11.bigcommerce.com/s-dbb3r9a7se/images/stencil/1280w/products/827/5106/209047_1__25989.1675191951.jpg | https://cdn11.bigcommerce.com/s-dbb3r9a7se/stencil/382d9e80-277d-013e-e48e-4a4f5670f649/e/04e821c0-e5dd-013e-f544-2ec1a3f21564/img/loading.svg; https://www.alstapingtools.com/18-4l4-f-nyliner/"
"NorthStar","107 - Taper Wheel (AT-158)","AT-158","","N/A","","","https://cdn11.bigcommerce.com/s-dbb3r9a7se/images/stencil/1280w/products/825/2571/httpwww.alstapingtools.comimagesproductsdetail050093f_1__53068.1675191914.jpg; https://www.alstapingtools.com/107-taper-wheel-at-158/"
"NorthStar","92 - Chain Roller Support (Left)","50141-A2","","N/A","","","https://cdn11.bigcommerce.com/s-dbb3r9a7se/images/stencil/1280w/products/814/1678/050141__22174.1675191902.jpg; https://www.alstapingtools.com/92-chain-roller-support-left/"
"NorthStar","11 - Leaf Spring for 2.5"" (AH-21)","AH-21","","N/A","","","https://cdn11.bigcommerce.com/s-dbb3r9a7se/images/stencil/1280w/products/812/2794/b2f8f0528c7246b09b462fe388ef5a2d__93719.1675191918.jpg; https://www.alstapingtools.com/11-leaf-spring-for-2-5-ah-21/"
"NorthStar","43 - Position Lock Compression Spring","FFH-16","","N/A","","","https://cdn11.bigcommerce.com/s-dbb3r9a7se/images/stencil/1280w/products/807/1584/140018_1__28295.1675191900.jpg | https://cdn11.bigcommerce.com/s-dbb3r9a7se/stencil/382d9e80-277d-013e-e48e-4a4f5670f649/e/04e821c0-e5dd-013e-f544-2ec1a3f21564/img/loading.svg; https://www.alstapingtools.com/43-position-lock-compression-spring/"
"NorthStar","27 - S Hook Creaser Strap","AT-129","","N/A","","","https://cdn11.bigcommerce.com/s-dbb3r9a7se/stencil/382d9e80-277d-013e-e48e-4a4f5670f649/e/04e821c0-e5dd-013e-f544-2ec1a3f21564/img/ProductDefault.svg | https://cdn11.bigcommerce.com/s-dbb3r9a7se/stencil/382d9e80-277d-013e-e48e-4a4f5670f649/e/04e821c0-e5dd-013e-f544-2ec1a3f21564/img/loading.svg; https://www.alstapingtools.com/27-s-hook-creaser-strap/"
"NorthStar","17 - Brake Rod Bushing","FFH-06","","N/A","","","https://cdn11.bigcommerce.com/s-dbb3r9a7se/images/stencil/1280w/products/798/1786/ffh-06__54772.1675191903.jpg | https://cdn11.bigcommerce.com/s-dbb3r9a7se/stencil/382d9e80-277d-013e-e48e-4a4f5670f649/e/04e821c0-e5dd-013e-f544-2ec1a3f21564/img/loading.svg; https://www.alstapingtools.com/17-brake-rod-bushing/"
"NorthStar","47 - Cutoff Spring Bracket","AT-62","","N/A","","","https://cdn11.bigcommerce.com/s-dbb3r9a7se/stencil/382d9e80-277d-013e-e48e-4a4f5670f649/e/04e821c0-e5dd-013e-f544-2ec1a3f21564/img/ProductDefault.svg; https://www.alstapingtools.com/47-cutoff-spring-bracket/"
"NorthStar","19 - Nyliner 3L3 (SHW-011)","SHW-011-A2","","N/A","","","https://cdn11.bigcommerce.com/s-dbb3r9a7se/stencil/382d9e80-277d-013e-e48e-4a4f5670f649/e/04e821c0-e5dd-013e-f544-2ec1a3f21564/img/ProductDefault.svg | https://cdn11.bigcommerce.com/s-dbb3r9a7se/stencil/382d9e80-277d-013e-e48e-4a4f5670f649/e/04e821c0-e5dd-013e-f544-2ec1a3f21564/img/loading.svg; https://www.alstapingtools.com/19-nyliner-3l3-shw-011/"
"NorthStar","1 - Brake Roller","56007-A","","N/A","","","https://cdn11.bigcommerce.com/s-dbb3r9a7se/images/stencil/1280w/products/787/1595/056007_1_1__27708.1675191901.jpg; https://www.alstapingtools.com/1-brake-roller/"
"NorthStar","91 - Truss Head Screw 8-32 x 5/8","59127-A","","N/A","","","https://cdn11.bigcommerce.com/s-dbb3r9a7se/images/stencil/1280w/products/785/1480/059127_2__33542.1675191899.jpg; https://www.alstapingtools.com/91-truss-head-screw-8-32-x-5-8/"
"NorthStar","10 - Pin-Arm Lock - Left (AH-11-RH)","AH-11-RH","","N/A","","","https://cdn11.bigcommerce.com/s-dbb3r9a7se/stencil/382d9e80-277d-013e-e48e-4a4f5670f649/e/04e821c0-e5dd-013e-f544-2ec1a3f21564/img/ProductDefault.svg | https://cdn11.bigcommerce.com/s-dbb3r9a7se/stencil/382d9e80-277d-013e-e48e-4a4f5670f649/e/04e821c0-e5dd-013e-f544-2ec1a3f21564/img/loading.svg; https://www.alstapingtools.com/10-pin-arm-lock-left-ah-11-rh/"
"NorthStar","26 - Creaser Connector Strap","AT-55","","N/A","","","https://cdn11.bigcommerce.com/s-dbb3r9a7se/images/stencil/1280w/products/774/1782/tapetech_050249_1__54607.1675191903.jpg; https://www.alstapingtools.com/26-creaser-connector-strap/"
"NorthStar","41 - Spring Pin 5/32 x 7/8","SHW005","","N/A","","","https://cdn11.bigcommerce.com/s-dbb3r9a7se/stencil/382d9e80-277d-013e-e48e-4a4f5670f649/e/04e821c0-e5dd-013e-f544-2ec1a3f21564/img/ProductDefault.svg; https://www.alstapingtools.com/41-spring-pin-5-32-x-7-8/"
"NorthStar","18 - Pin Spring (AH-37)","ah-037","","N/A","","","https://cdn11.bigcommerce.com/s-dbb3r9a7se/stencil/382d9e80-277d-013e-e48e-4a4f5670f649/e/04e821c0-e5dd-013e-f544-2ec1a3f21564/img/ProductDefault.svg; https://www.alstapingtools.com/18-pin-spring-ah-37/"
"NorthStar","13 - Clevis Pin","SHW-091","","N/A","","","https://cdn11.bigcommerce.com/s-dbb3r9a7se/stencil/382d9e80-277d-013e-e48e-4a4f5670f649/e/04e821c0-e5dd-013e-f544-2ec1a3f21564/img/ProductDefault.svg | https://cdn11.bigcommerce.com/s-dbb3r9a7se/stencil/382d9e80-277d-013e-e48e-4a4f5670f649/e/04e821c0-e5dd-013e-f544-2ec1a3f21564/img/loading.svg; https://www.alstapingtools.com/13-clevis-pin/"
"NorthStar","9 - Pin-Arm Lock - Left (AH-11-LH)","AH-11-LH","","N/A","","","https://cdn11.bigcommerce.com/s-dbb3r9a7se/stencil/382d9e80-277d-013e-e48e-4a4f5670f649/e/04e821c0-e5dd-013e-f544-2ec1a3f21564/img/ProductDefault.svg; https://www.alstapingtools.com/9-pin-arm-lock-left-ah-11-lh/"
"NorthStar","16 - Position Lock Pin Bushing","FFH-17","","N/A","","","https://cdn11.bigcommerce.com/s-dbb3r9a7se/images/stencil/1280w/products/745/3720/ffh-17__16461.1675191930.jpg; https://www.alstapingtools.com/16-position-lock-pin-bushing/"
"NorthStar","25 - Tube Protector","AT-1-62","","N/A","","","https://cdn11.bigcommerce.com/s-dbb3r9a7se/stencil/382d9e80-277d-013e-e48e-4a4f5670f649/e/04e821c0-e5dd-013e-f544-2ec1a3f21564/img/ProductDefault.svg; https://www.alstapingtools.com/25-tube-protector/"
"NorthStar","40 - Position Lock Pin","FFH-18","","N/A","","","https://cdn11.bigcommerce.com/s-dbb3r9a7se/stencil/382d9e80-277d-013e-e48e-4a4f5670f649/e/04e821c0-e5dd-013e-f544-2ec1a3f21564/img/ProductDefault.svg | https://cdn11.bigcommerce.com/s-dbb3r9a7se/stencil/382d9e80-277d-013e-e48e-4a4f5670f649/e/04e821c0-e5dd-013e-f544-2ec1a3f21564/img/loading.svg; https://www.alstapingtools.com/40-position-lock-pin/"
"NorthStar","89 - Chain Roller Bushing","050128F-A","","N/A","","","https://cdn11.bigcommerce.com/s-dbb3r9a7se/images/stencil/1280w/products/739/858/050128f_1__92743.1675191890.jpg | https://cdn11.bigcommerce.com/s-dbb3r9a7se/stencil/382d9e80-277d-013e-e48e-4a4f5670f649/e/04e821c0-e5dd-013e-f544-2ec1a3f21564/img/loading.svg; https://www.alstapingtools.com/89-chain-roller-bushing/"
"NorthStar","8 - Frame Stop (AH-10)","AH-10","","N/A","","","https://cdn11.bigcommerce.com/s-dbb3r9a7se/stencil/382d9e80-277d-013e-e48e-4a4f5670f649/e/04e821c0-e5dd-013e-f544-2ec1a3f21564/img/ProductDefault.svg; https://www.alstapingtools.com/8-frame-stop-ah-10/"
"NorthStar","15 - Band","AT202","","N/A","","","https://cdn11.bigcommerce.com/s-dbb3r9a7se/stencil/382d9e80-277d-013e-e48e-4a4f5670f649/e/04e821c0-e5dd-013e-f544-2ec1a3f21564/img/ProductDefault.svg; https://www.alstapingtools.com/15-band/"
"NorthStar","17 - Frame Assy - Right Hand (AH-36-RH)","AH-36-RH","","N/A","","","https://cdn11.bigcommerce.com/s-dbb3r9a7se/stencil/382d9e80-277d-013e-e48e-4a4f5670f649/e/04e821c0-e5dd-013e-f544-2ec1a3f21564/img/ProductDefault.svg | https://cdn11.bigcommerce.com/s-dbb3r9a7se/stencil/382d9e80-277d-013e-e48e-4a4f5670f649/e/04e821c0-e5dd-013e-f544-2ec1a3f21564/img/loading.svg; https://www.alstapingtools.com/17-frame-assy-right-hand-ah-36-rh/"
"NorthStar","46 - Brass Washer #10","209042-A2","","N/A","","","https://cdn11.bigcommerce.com/s-dbb3r9a7se/images/stencil/1280w/products/728/544/209042_1__25284.1675191886.jpg | https://cdn11.bigcommerce.com/s-dbb3r9a7se/stencil/382d9e80-277d-013e-e48e-4a4f5670f649/e/04e821c0-e5dd-013e-f544-2ec1a3f21564/img/loading.svg; https://www.alstapingtools.com/46-brass-washer-10/"
"NorthStar","24 - Band Adapter Guide Post","AT-13","","N/A","","","https://cdn11.bigcommerce.com/s-dbb3r9a7se/stencil/382d9e80-277d-013e-e48e-4a4f5670f649/e/04e821c0-e5dd-013e-f544-2ec1a3f21564/img/ProductDefault.svg; https://www.alstapingtools.com/24-band-adapter-guide-post/"
"NorthStar","14 - Main Tube","FFH-02","","N/A","","","https://cdn11.bigcommerce.com/s-dbb3r9a7se/stencil/382d9e80-277d-013e-e48e-4a4f5670f649/e/04e821c0-e5dd-013e-f544-2ec1a3f21564/img/ProductDefault.svg; https://www.alstapingtools.com/14-main-tube/"
"NorthStar","39 - Grip Rivet 1/8 x 1/8","SHW006","","N/A","","","https://cdn11.bigcommerce.com/s-dbb3r9a7se/stencil/382d9e80-277d-013e-e48e-4a4f5670f649/e/04e821c0-e5dd-013e-f544-2ec1a3f21564/img/ProductDefault.svg; https://www.alstapingtools.com/39-grip-rivet-1-8-x-1-8/"
"NorthStar","5 - Hex Head Custom Screw (AH-7)","ah-7","","N/A","","","https://cdn11.bigcommerce.com/s-dbb3r9a7se/stencil/382d9e80-277d-013e-e48e-4a4f5670f649/e/04e821c0-e5dd-013e-f544-2ec1a3f21564/img/ProductDefault.svg; https://www.alstapingtools.com/5-hex-head-custom-screw-ah-7/"
"NorthStar","11 - Flat Washer","shw-170","","N/A","","","https://cdn11.bigcommerce.com/s-dbb3r9a7se/stencil/382d9e80-277d-013e-e48e-4a4f5670f649/e/04e821c0-e5dd-013e-f544-2ec1a3f21564/img/ProductDefault.svg | https://cdn11.bigcommerce.com/s-dbb3r9a7se/stencil/382d9e80-277d-013e-e48e-4a4f5670f649/e/04e821c0-e5dd-013e-f544-2ec1a3f21564/img/loading.svg; https://www.alstapingtools.com/11-flat-washer/"
"NorthStar","88 - Chain Roller","50134-A","","N/A","","","https://cdn11.bigcommerce.com/s-dbb3r9a7se/images/stencil/1280w/products/709/2577/050134__19217.1675191915.jpg | https://cdn11.bigcommerce.com/s-dbb3r9a7se/stencil/382d9e80-277d-013e-e48e-4a4f5670f649/e/04e821c0-e5dd-013e-f544-2ec1a3f21564/img/loading.svg; https://www.alstapingtools.com/88-chain-roller/"
"NorthStar","14 - NorthStar Taper Tube","AT-152","","N/A","","","https://cdn11.bigcommerce.com/s-dbb3r9a7se/images/stencil/1280w/products/708/1813/northstatr_tube_2__57410.1675191904.jpg | https://cdn11.bigcommerce.com/s-dbb3r9a7se/images/stencil/1280w/products/708/1122/northstatr_tube_endss__80558.1675191894.jpg | https://cdn11.bigcommerce.com/s-dbb3r9a7se/stencil/382d9e80-277d-013e-e48e-4a4f5670f649/e/04e821c0-e5dd-013e-f544-2ec1a3f21564/img/loading.svg; https://www.alstapingtools.com/14-northstar-taper-tube/"
"NorthStar","16 - Frame Assy - Left Hand (AH-36-LH)","AH-36-LH","","N/A","","","https://cdn11.bigcommerce.com/s-dbb3r9a7se/stencil/382d9e80-277d-013e-e48e-4a4f5670f649/e/04e821c0-e5dd-013e-f544-2ec1a3f21564/img/ProductDefault.svg | https://cdn11.bigcommerce.com/s-dbb3r9a7se/stencil/382d9e80-277d-013e-e48e-4a4f5670f649/e/04e821c0-e5dd-013e-f544-2ec1a3f21564/img/loading.svg; https://www.alstapingtools.com/16-frame-assy-left-hand-ah-36-lh/"
"NorthStar","45 - Nylock Nut 8-32","709027-A3","","N/A","","","https://cdn11.bigcommerce.com/s-dbb3r9a7se/images/stencil/1280w/products/703/3047/709027_2__39034.1675191921.jpg | https://cdn11.bigcommerce.com/s-dbb3r9a7se/stencil/382d9e80-277d-013e-e48e-4a4f5670f649/e/04e821c0-e5dd-013e-f544-2ec1a3f21564/img/loading.svg; https://www.alstapingtools.com/45-nylock-nut-8-32/"
"NorthStar","3 - Ball Lock Spring (AH-5)","AH-5","","N/A","","","https://cdn11.bigcommerce.com/s-dbb3r9a7se/images/stencil/1280w/products/693/2953/ah005__87438.1675191920.jpg | https://cdn11.bigcommerce.com/s-dbb3r9a7se/stencil/382d9e80-277d-013e-e48e-4a4f5670f649/e/04e821c0-e5dd-013e-f544-2ec1a3f21564/img/loading.svg; https://www.alstapingtools.com/3-ball-lock-spring-ah-5/"
"NorthStar","10 - Hex Bolt 1/4-20 x 1 1/4","shw-172","","N/A","","","https://cdn11.bigcommerce.com/s-dbb3r9a7se/stencil/382d9e80-277d-013e-e48e-4a4f5670f649/e/04e821c0-e5dd-013e-f544-2ec1a3f21564/img/ProductDefault.svg | https://cdn11.bigcommerce.com/s-dbb3r9a7se/stencil/382d9e80-277d-013e-e48e-4a4f5670f649/e/04e821c0-e5dd-013e-f544-2ec1a3f21564/img/loading.svg; https://www.alstapingtools.com/10-hex-bolt-1-4-20-x-1-1-4/"
"NorthStar","13 - Position Lock Sleeve","FFH-14","","N/A","","","https://cdn11.bigcommerce.com/s-dbb3r9a7se/images/stencil/1280w/products/689/3530/ffh-14__78239.1675191928.jpg; https://www.alstapingtools.com/13-position-lock-sleeve/"
"NorthStar","23 - Tape Roll Keeper","58241-A","","N/A","","","https://cdn11.bigcommerce.com/s-dbb3r9a7se/stencil/382d9e80-277d-013e-e48e-4a4f5670f649/e/04e821c0-e5dd-013e-f544-2ec1a3f21564/img/ProductDefault.svg | https://cdn11.bigcommerce.com/s-dbb3r9a7se/stencil/382d9e80-277d-013e-e48e-4a4f5670f649/e/04e821c0-e5dd-013e-f544-2ec1a3f21564/img/loading.svg; https://www.alstapingtools.com/23-tape-roll-keeper/"
"NorthStar","38 - Spring Pin 1/8 x 7/8","SHW015","","N/A","","","https://cdn11.bigcommerce.com/s-dbb3r9a7se/stencil/382d9e80-277d-013e-e48e-4a4f5670f649/e/04e821c0-e5dd-013e-f544-2ec1a3f21564/img/ProductDefault.svg; https://www.alstapingtools.com/38-spring-pin-1-8-x-7-8/"
"NorthStar","14 - 3.5"" Carbide Blade (AH-34)","AH-34","","N/A","","","https://cdn11.bigcommerce.com/s-dbb3r9a7se/images/stencil/1280w/products/675/850/480209_1__95762.1675191890.jpg | https://cdn11.bigcommerce.com/s-dbb3r9a7se/stencil/382d9e80-277d-013e-e48e-4a4f5670f649/e/04e821c0-e5dd-013e-f544-2ec1a3f21564/img/loading.svg; https://www.alstapingtools.com/14-3-5-carbide-blade-ah-34/"
"NorthStar","2 - Ball Lock Receiver (AH-2)","AH-2","","N/A","","","https://cdn11.bigcommerce.com/s-dbb3r9a7se/images/stencil/1280w/products/666/1034/psx_20171228_100739__04613.1675191893.jpg | https://cdn11.bigcommerce.com/s-dbb3r9a7se/stencil/382d9e80-277d-013e-e48e-4a4f5670f649/e/04e821c0-e5dd-013e-f544-2ec1a3f21564/img/loading.svg; https://www.alstapingtools.com/2-ball-lock-receiver-ah-2/"
"NorthStar","86 - Main Chain","058126F-A2","","N/A","","","https://cdn11.bigcommerce.com/s-dbb3r9a7se/images/stencil/1280w/products/663/2176/058126f__70120.1675191909.jpg | https://cdn11.bigcommerce.com/s-dbb3r9a7se/stencil/382d9e80-277d-013e-e48e-4a4f5670f649/e/04e821c0-e5dd-013e-f544-2ec1a3f21564/img/loading.svg; https://www.alstapingtools.com/86-main-chain/"
"NorthStar","12 - Pinch Brake Spring","FFH-12","","N/A","","","https://cdn11.bigcommerce.com/s-dbb3r9a7se/images/stencil/1280w/products/662/5214/ffh-12__56225.1675191954.jpg; https://www.alstapingtools.com/12-pinch-brake-spring/"
"NorthStar","9 - Flat Washer 1/4","shw-092","","N/A","","","https://cdn11.bigcommerce.com/s-dbb3r9a7se/stencil/382d9e80-277d-013e-e48e-4a4f5670f649/e/04e821c0-e5dd-013e-f544-2ec1a3f21564/img/ProductDefault.svg | https://cdn11.bigcommerce.com/s-dbb3r9a7se/stencil/382d9e80-277d-013e-e48e-4a4f5670f649/e/04e821c0-e5dd-013e-f544-2ec1a3f21564/img/loading.svg; https://www.alstapingtools.com/9-flat-washer-1-4/"
"NorthStar","13 - Spring Adjustment Pin (AH-33)","AH3-3","","N/A","","","https://cdn11.bigcommerce.com/s-dbb3r9a7se/stencil/382d9e80-277d-013e-e48e-4a4f5670f649/e/04e821c0-e5dd-013e-f544-2ec1a3f21564/img/ProductDefault.svg | https://cdn11.bigcommerce.com/s-dbb3r9a7se/stencil/382d9e80-277d-013e-e48e-4a4f5670f649/e/04e821c0-e5dd-013e-f544-2ec1a3f21564/img/loading.svg; https://www.alstapingtools.com/13-spring-adjustment-pin-ah-33/"
"NorthStar","37 - Hex Set Screw 10-24 x 1/4","SHW067","","N/A","","","https://cdn11.bigcommerce.com/s-dbb3r9a7se/images/stencil/1280w/products/643/2239/059331_1__85168.1675191910.jpg; https://www.alstapingtools.com/37-hex-set-screw-10-24-x-1-4/"
"NorthStar","22 - Tape Spool","AT-151","","N/A","","","https://cdn11.bigcommerce.com/s-dbb3r9a7se/images/stencil/1280w/products/640/933/050244__49416.1675191891.jpg; https://www.alstapingtools.com/22-tape-spool/"
"NorthStar","1 - 2.5"" Body (AH-1-2.5)","AH-1-2.5","","N/A","","","https://cdn11.bigcommerce.com/s-dbb3r9a7se/stencil/382d9e80-277d-013e-e48e-4a4f5670f649/e/04e821c0-e5dd-013e-f544-2ec1a3f21564/img/ProductDefault.svg; https://www.alstapingtools.com/1-2-5-body-ah-1-2-5/"
"NorthStar","85 - Creaser Chain","AT-56","","N/A","","","https://cdn11.bigcommerce.com/s-dbb3r9a7se/stencil/382d9e80-277d-013e-e48e-4a4f5670f649/e/04e821c0-e5dd-013e-f544-2ec1a3f21564/img/ProductDefault.svg; https://www.alstapingtools.com/85-creaser-chain/"
"NorthStar","11 - Front Bracket","FFH-04","","N/A","","","https://cdn11.bigcommerce.com/s-dbb3r9a7se/images/stencil/1280w/products/632/2252/ffh-04__33285.1675191910.jpg; https://www.alstapingtools.com/11-front-bracket/"
"NorthStar","12 - Upper Leaf Spring (AH-32)","AH-32","","N/A","","","https://cdn11.bigcommerce.com/s-dbb3r9a7se/stencil/382d9e80-277d-013e-e48e-4a4f5670f649/e/04e821c0-e5dd-013e-f544-2ec1a3f21564/img/ProductDefault.svg | https://cdn11.bigcommerce.com/s-dbb3r9a7se/stencil/382d9e80-277d-013e-e48e-4a4f5670f649/e/04e821c0-e5dd-013e-f544-2ec1a3f21564/img/loading.svg; https://www.alstapingtools.com/12-upper-leaf-spring-ah-32/"
"NorthStar","13 - Lock Nut 5-40","59212-A","","N/A","","","https://cdn11.bigcommerce.com/s-dbb3r9a7se/images/stencil/1280w/products/622/4407/059018_1__38342.1675191940.jpg | https://cdn11.bigcommerce.com/s-dbb3r9a7se/stencil/382d9e80-277d-013e-e48e-4a4f5670f649/e/04e821c0-e5dd-013e-f544-2ec1a3f21564/img/loading.svg; https://www.alstapingtools.com/13-lock-nut-5-40/"
"NorthStar","84 - Cutter Chain","056142F-A","","N/A","","","https://cdn11.bigcommerce.com/s-dbb3r9a7se/images/stencil/1280w/products/618/2898/tapetech_chain_1__94903.1675191919.jpg; https://www.alstapingtools.com/84-cutter-chain/"
"NorthStar","36 - End Link Clevis Pin","FFH-27","","N/A","","","https://cdn11.bigcommerce.com/s-dbb3r9a7se/stencil/382d9e80-277d-013e-e48e-4a4f5670f649/e/04e821c0-e5dd-013e-f544-2ec1a3f21564/img/ProductDefault.svg | https://cdn11.bigcommerce.com/s-dbb3r9a7se/stencil/382d9e80-277d-013e-e48e-4a4f5670f649/e/04e821c0-e5dd-013e-f544-2ec1a3f21564/img/loading.svg; https://www.alstapingtools.com/36-end-link-clevis-pin/"
"NorthStar","10 - Spacer Bushing","FFH-37","","N/A","","","https://cdn11.bigcommerce.com/s-dbb3r9a7se/images/stencil/1280w/products/597/3762/ffh37__67536.1675191931.jpg; https://www.alstapingtools.com/10-spacer-bushing/"
"NorthStar","12 - Hex Socket Cap Screw 5-40 x 3/4","shw-149","","N/A","","","https://cdn11.bigcommerce.com/s-dbb3r9a7se/images/stencil/1280w/products/595/2785/489029_2__81531.1675191918.jpg; https://www.alstapingtools.com/12-hex-socket-cap-screw-5-40-x-3-4/"
"NorthStar","35 - Hex Socket Cap Screw","SHW016","","N/A","","","https://cdn11.bigcommerce.com/s-dbb3r9a7se/stencil/382d9e80-277d-013e-e48e-4a4f5670f649/e/04e821c0-e5dd-013e-f544-2ec1a3f21564/img/ProductDefault.svg; https://www.alstapingtools.com/35-hex-socket-cap-screw/"
"NorthStar","130 - Creaser Arm (Right)","054096F-A2","","N/A","","","https://cdn11.bigcommerce.com/s-dbb3r9a7se/images/stencil/1280w/products/586/1391/054096f_1__96033.1675191898.jpg | https://cdn11.bigcommerce.com/s-dbb3r9a7se/stencil/382d9e80-277d-013e-e48e-4a4f5670f649/e/04e821c0-e5dd-013e-f544-2ec1a3f21564/img/loading.svg; https://www.alstapingtools.com/130-creaser-arm-right/"
"NorthStar","42 - Spacer","050023F-A2","","N/A","","","https://cdn11.bigcommerce.com/s-dbb3r9a7se/images/stencil/1280w/products/583/4270/050023f__70210.1675191938.jpg | https://cdn11.bigcommerce.com/s-dbb3r9a7se/stencil/382d9e80-277d-013e-e48e-4a4f5670f649/e/04e821c0-e5dd-013e-f544-2ec1a3f21564/img/loading.svg; https://www.alstapingtools.com/42-spacer/"
"NorthStar","6 - Roller Bushing","CR-5","","N/A","","","https://cdn11.bigcommerce.com/s-dbb3r9a7se/stencil/382d9e80-277d-013e-e48e-4a4f5670f649/e/04e821c0-e5dd-013e-f544-2ec1a3f21564/img/ProductDefault.svg | https://cdn11.bigcommerce.com/s-dbb3r9a7se/stencil/382d9e80-277d-013e-e48e-4a4f5670f649/e/04e821c0-e5dd-013e-f544-2ec1a3f21564/img/loading.svg; https://www.alstapingtools.com/6-roller-bushing/"
"NorthStar","21 - Band Adapter C","AT-125","","N/A","","","https://cdn11.bigcommerce.com/s-dbb3r9a7se/stencil/382d9e80-277d-013e-e48e-4a4f5670f649/e/04e821c0-e5dd-013e-f544-2ec1a3f21564/img/ProductDefault.svg; https://www.alstapingtools.com/21-band-adapter-c/"
"NorthStar","11 - Inside Leaf Spring (AH-31)","AH-31","","N/A","","","https://cdn11.bigcommerce.com/s-dbb3r9a7se/stencil/382d9e80-277d-013e-e48e-4a4f5670f649/e/04e821c0-e5dd-013e-f544-2ec1a3f21564/img/ProductDefault.svg | https://cdn11.bigcommerce.com/s-dbb3r9a7se/stencil/382d9e80-277d-013e-e48e-4a4f5670f649/e/04e821c0-e5dd-013e-f544-2ec1a3f21564/img/loading.svg; https://www.alstapingtools.com/11-inside-leaf-spring-ah-31/"
"NorthStar","9 - 1/4 x 2.1 Large Clevis Pin","FFH-25","","N/A","","","https://cdn11.bigcommerce.com/s-dbb3r9a7se/images/stencil/1280w/products/574/1867/ffh-25__59260.1675191904.jpg; https://www.alstapingtools.com/9-1-4-x-2-1-large-clevis-pin/"
"NorthStar","11 - Roller Washer","59213","","N/A","","","https://cdn11.bigcommerce.com/s-dbb3r9a7se/images/stencil/1280w/products/560/4363/059213__34530.1675191939.jpg; https://www.alstapingtools.com/11-roller-washer/"
"NorthStar","129 - Creaser Arm (Left)","054095F-A","","N/A","","","https://cdn11.bigcommerce.com/s-dbb3r9a7se/images/stencil/1280w/products/555/3249/at-53l__47952.1675191924.jpg | https://cdn11.bigcommerce.com/s-dbb3r9a7se/stencil/382d9e80-277d-013e-e48e-4a4f5670f649/e/04e821c0-e5dd-013e-f544-2ec1a3f21564/img/loading.svg; https://www.alstapingtools.com/129-creaser-arm-left/"
"NorthStar","20 - Band Adapter Main","at-14","","N/A","","","https://cdn11.bigcommerce.com/s-dbb3r9a7se/stencil/382d9e80-277d-013e-e48e-4a4f5670f649/e/04e821c0-e5dd-013e-f544-2ec1a3f21564/img/ProductDefault.svg; https://www.alstapingtools.com/20-band-adapter-main/"
"NorthStar","5 - Hinge Bushing","cr-12","","N/A","","","https://cdn11.bigcommerce.com/s-dbb3r9a7se/stencil/382d9e80-277d-013e-e48e-4a4f5670f649/e/04e821c0-e5dd-013e-f544-2ec1a3f21564/img/ProductDefault.svg | https://cdn11.bigcommerce.com/s-dbb3r9a7se/stencil/382d9e80-277d-013e-e48e-4a4f5670f649/e/04e821c0-e5dd-013e-f544-2ec1a3f21564/img/loading.svg; https://www.alstapingtools.com/5-hinge-bushing/"
"NorthStar","8 - Pinch Brake Pin","FFH-24","","N/A","","","https://cdn11.bigcommerce.com/s-dbb3r9a7se/stencil/382d9e80-277d-013e-e48e-4a4f5670f649/e/04e821c0-e5dd-013e-f544-2ec1a3f21564/img/ProductDefault.svg; https://www.alstapingtools.com/8-pinch-brake-pin/"
"NorthStar","5 - Valve Holder Body","CB-12","","N/A","","","https://cdn11.bigcommerce.com/s-dbb3r9a7se/stencil/382d9e80-277d-013e-e48e-4a4f5670f649/e/04e821c0-e5dd-013e-f544-2ec1a3f21564/img/ProductDefault.svg | https://cdn11.bigcommerce.com/s-dbb3r9a7se/stencil/382d9e80-277d-013e-e48e-4a4f5670f649/e/04e821c0-e5dd-013e-f544-2ec1a3f21564/img/loading.svg; https://www.alstapingtools.com/5-valve-holder-body/"
"NorthStar","128 - Creaser Return Spring","AT-173","","N/A","","","https://cdn11.bigcommerce.com/s-dbb3r9a7se/images/stencil/1280w/products/534/1225/050081f__95258.1675191895.jpg | https://cdn11.bigcommerce.com/s-dbb3r9a7se/stencil/382d9e80-277d-013e-e48e-4a4f5670f649/e/04e821c0-e5dd-013e-f544-2ec1a3f21564/img/loading.svg; https://www.alstapingtools.com/128-creaser-return-spring/"
"NorthStar","19 - Band Adapter Base","AT-1-75","","N/A","","","https://cdn11.bigcommerce.com/s-dbb3r9a7se/stencil/382d9e80-277d-013e-e48e-4a4f5670f649/e/04e821c0-e5dd-013e-f544-2ec1a3f21564/img/ProductDefault.svg; https://www.alstapingtools.com/19-band-adapter-base/"
"NorthStar","82 - Socket Cap Screw 6-32 x 5/8","489029-A","","N/A","","","https://cdn11.bigcommerce.com/s-dbb3r9a7se/images/stencil/1280w/products/525/1684/809012_3__51148.1675191902.jpg | https://cdn11.bigcommerce.com/s-dbb3r9a7se/stencil/382d9e80-277d-013e-e48e-4a4f5670f649/e/04e821c0-e5dd-013e-f544-2ec1a3f21564/img/loading.svg; https://www.alstapingtools.com/82-socket-cap-screw-6-32-x-5-8/"
"NorthStar","31 - 10-24 Thin Jam Nut","SHW088","","N/A","","","https://cdn11.bigcommerce.com/s-dbb3r9a7se/images/stencil/1280w/products/521/1328/tw_nut_1__94962.1675191897.jpg; https://www.alstapingtools.com/31-10-24-thin-jam-nut/"
"NorthStar","40 - Tape Runner Short Hub","54075-A2","","N/A","","","https://cdn11.bigcommerce.com/s-dbb3r9a7se/images/stencil/1280w/products/520/2509/054075__11324.1675191914.jpg; https://www.alstapingtools.com/40-tape-runner-short-hub/"
"NorthStar","4 - Hing Assembly","CR-8","","N/A","","","https://cdn11.bigcommerce.com/s-dbb3r9a7se/stencil/382d9e80-277d-013e-e48e-4a4f5670f649/e/04e821c0-e5dd-013e-f544-2ec1a3f21564/img/ProductDefault.svg | https://cdn11.bigcommerce.com/s-dbb3r9a7se/stencil/382d9e80-277d-013e-e48e-4a4f5670f649/e/04e821c0-e5dd-013e-f544-2ec1a3f21564/img/loading.svg; https://www.alstapingtools.com/4-hing-assembly/"
"NorthStar","7 - No Pinch Handle Grip","FFH-46","","N/A","","","https://cdn11.bigcommerce.com/s-dbb3r9a7se/stencil/382d9e80-277d-013e-e48e-4a4f5670f649/e/04e821c0-e5dd-013e-f544-2ec1a3f21564/img/ProductDefault.svg | https://cdn11.bigcommerce.com/s-dbb3r9a7se/stencil/382d9e80-277d-013e-e48e-4a4f5670f649/e/04e821c0-e5dd-013e-f544-2ec1a3f21564/img/loading.svg; https://www.alstapingtools.com/7-no-pinch-handle-grip/"
"NorthStar","127 - Creaser Crank","50079-A","","N/A","","","https://cdn11.bigcommerce.com/s-dbb3r9a7se/images/stencil/1280w/products/512/2119/050079__07180.1675191908.jpg | https://cdn11.bigcommerce.com/s-dbb3r9a7se/stencil/382d9e80-277d-013e-e48e-4a4f5670f649/e/04e821c0-e5dd-013e-f544-2ec1a3f21564/img/loading.svg; https://www.alstapingtools.com/127-creaser-crank/"
"NorthStar","18 - Band Adapter A","AT-11","","N/A","","","https://cdn11.bigcommerce.com/s-dbb3r9a7se/stencil/382d9e80-277d-013e-e48e-4a4f5670f649/e/04e821c0-e5dd-013e-f544-2ec1a3f21564/img/ProductDefault.svg; https://www.alstapingtools.com/18-band-adapter-a/"
"NorthStar","81 - Gooser Cutter Chain Stop","50068-A2","","N/A","","","https://cdn11.bigcommerce.com/s-dbb3r9a7se/images/stencil/1280w/products/499/1623/050068__01407.1675191901.jpg | https://cdn11.bigcommerce.com/s-dbb3r9a7se/stencil/382d9e80-277d-013e-e48e-4a4f5670f649/e/04e821c0-e5dd-013e-f544-2ec1a3f21564/img/loading.svg; https://www.alstapingtools.com/81-gooser-cutter-chain-stop/"
"NorthStar","6 - Valve Body","CB-10","","N/A","","","https://cdn11.bigcommerce.com/s-dbb3r9a7se/stencil/382d9e80-277d-013e-e48e-4a4f5670f649/e/04e821c0-e5dd-013e-f544-2ec1a3f21564/img/ProductDefault.svg; https://www.alstapingtools.com/6-valve-body/"
"NorthStar","39 - Bind Head Screw 4-40 x 1/4","59037-A","","N/A","","","https://cdn11.bigcommerce.com/s-dbb3r9a7se/images/stencil/1280w/products/497/416/059037_1__28573.1675191884.jpg | https://cdn11.bigcommerce.com/s-dbb3r9a7se/stencil/382d9e80-277d-013e-e48e-4a4f5670f649/e/04e821c0-e5dd-013e-f544-2ec1a3f21564/img/loading.svg; https://www.alstapingtools.com/39-bind-head-screw-4-40-x-1-4/"
"NorthStar","3 - Wheel Assembly","CR-4-ASSY","","N/A","","","https://cdn11.bigcommerce.com/s-dbb3r9a7se/stencil/382d9e80-277d-013e-e48e-4a4f5670f649/e/04e821c0-e5dd-013e-f544-2ec1a3f21564/img/ProductDefault.svg; https://www.alstapingtools.com/3-wheel-assembly/"
"NorthStar","33 - Profile Extrusion","FFH-01","","N/A","","","https://cdn11.bigcommerce.com/s-dbb3r9a7se/stencil/382d9e80-277d-013e-e48e-4a4f5670f649/e/04e821c0-e5dd-013e-f544-2ec1a3f21564/img/ProductDefault.svg | https://cdn11.bigcommerce.com/s-dbb3r9a7se/stencil/382d9e80-277d-013e-e48e-4a4f5670f649/e/04e821c0-e5dd-013e-f544-2ec1a3f21564/img/loading.svg; https://www.alstapingtools.com/33-profile-extrusion/"
"NorthStar","30 - Brake Rod","FFH-05","","N/A","","","https://cdn11.bigcommerce.com/s-dbb3r9a7se/stencil/382d9e80-277d-013e-e48e-4a4f5670f649/e/04e821c0-e5dd-013e-f544-2ec1a3f21564/img/ProductDefault.svg; https://www.alstapingtools.com/30-brake-rod/"
"NorthStar","10 - Trowelling Blade 8""","FFB-12-08","","N/A","","","https://cdn11.bigcommerce.com/s-dbb3r9a7se/images/stencil/1280w/products/484/3097/200001_3__44843.1675191922.jpg; https://www.alstapingtools.com/10-trowelling-blade-8/"
"NorthStar","126 - Thin Nut 4-40","59005-A2","","N/A","","","https://cdn11.bigcommerce.com/s-dbb3r9a7se/images/stencil/1280w/products/483/756/059005__69716.1675191889.jpg | https://cdn11.bigcommerce.com/s-dbb3r9a7se/stencil/382d9e80-277d-013e-e48e-4a4f5670f649/e/04e821c0-e5dd-013e-f544-2ec1a3f21564/img/loading.svg; https://www.alstapingtools.com/126-thin-nut-4-40/"
"NorthStar","10 - Roller Bushing","050214F-A","","N/A","","","https://cdn11.bigcommerce.com/s-dbb3r9a7se/images/stencil/1280w/products/475/2302/050214f__51620.1675191911.jpg; https://www.alstapingtools.com/10-roller-bushing/"
"NorthStar","1 - Roller Head","cr-1 cast","","N/A","","","https://cdn11.bigcommerce.com/s-dbb3r9a7se/stencil/382d9e80-277d-013e-e48e-4a4f5670f649/e/04e821c0-e5dd-013e-f544-2ec1a3f21564/img/ProductDefault.svg; https://www.alstapingtools.com/1-roller-head/"
"NorthStar","32 - Hex Head Bolt 10-24 x 3/4","SHW089","","N/A","","","https://cdn11.bigcommerce.com/s-dbb3r9a7se/stencil/382d9e80-277d-013e-e48e-4a4f5670f649/e/04e821c0-e5dd-013e-f544-2ec1a3f21564/img/ProductDefault.svg; https://www.alstapingtools.com/32-hex-head-bolt-10-24-x-3-4/"
"NorthStar","6 - Mounting Plate","FFH-10","","N/A","","","https://cdn11.bigcommerce.com/s-dbb3r9a7se/images/stencil/1280w/products/467/4989/northstar_plate_big1__44345.1675191948.jpg | https://cdn11.bigcommerce.com/s-dbb3r9a7se/images/stencil/1280w/products/467/5470/northstar_plate_big__89262.1675191961.jpg | https://cdn11.bigcommerce.com/s-dbb3r9a7se/images/stencil/1280w/products/467/5091/northstar_flat_box_plate__04465.1675191951.jpg; https://www.alstapingtools.com/6-mounting-plate/"
"NorthStar","125 - Control Wiper Seal","50003-A","","N/A","","","https://cdn11.bigcommerce.com/s-dbb3r9a7se/images/stencil/1280w/products/459/2065/050003__77680.1675191907.jpg | https://cdn11.bigcommerce.com/s-dbb3r9a7se/stencil/382d9e80-277d-013e-e48e-4a4f5670f649/e/04e821c0-e5dd-013e-f544-2ec1a3f21564/img/loading.svg; https://www.alstapingtools.com/125-control-wiper-seal/"
"NorthStar","7 - Valve Stem","CB-13","","N/A","","","https://cdn11.bigcommerce.com/s-dbb3r9a7se/stencil/382d9e80-277d-013e-e48e-4a4f5670f649/e/04e821c0-e5dd-013e-f544-2ec1a3f21564/img/ProductDefault.svg; https://www.alstapingtools.com/7-valve-stem/"
"NorthStar","79 - Nylatron Bearing","59149-A2","","N/A","","","https://cdn11.bigcommerce.com/s-dbb3r9a7se/images/stencil/1280w/products/452/4152/059149_1__85412.1675191936.jpg; https://www.alstapingtools.com/79-nylatron-bearing/"
"NorthStar","9 - Roller","AT-128","","N/A","","","https://cdn11.bigcommerce.com/s-dbb3r9a7se/images/stencil/1280w/products/450/3738/050215__14226.1675191931.jpg; https://www.alstapingtools.com/9-roller/"
"NorthStar","37 - Flat Washer #6","489023-A","","N/A","","","https://cdn11.bigcommerce.com/s-dbb3r9a7se/images/stencil/1280w/products/448/1132/489023_1__44550.1675191894.jpg | https://cdn11.bigcommerce.com/s-dbb3r9a7se/stencil/382d9e80-277d-013e-e48e-4a4f5670f649/e/04e821c0-e5dd-013e-f544-2ec1a3f21564/img/loading.svg; https://www.alstapingtools.com/37-flat-washer-6/"
"NorthStar","124 - Wiper Retainer","50004-A","","N/A","","","https://cdn11.bigcommerce.com/s-dbb3r9a7se/images/stencil/1280w/products/437/4194/050004__72521.1675191937.jpg | https://cdn11.bigcommerce.com/s-dbb3r9a7se/stencil/382d9e80-277d-013e-e48e-4a4f5670f649/e/04e821c0-e5dd-013e-f544-2ec1a3f21564/img/loading.svg; https://www.alstapingtools.com/124-wiper-retainer/"
"NorthStar","78 - Driver Shaft","052121F-A","","N/A","","","https://cdn11.bigcommerce.com/s-dbb3r9a7se/images/stencil/1280w/products/432/1629/052121f_1__62296.1675191901.jpg | https://cdn11.bigcommerce.com/s-dbb3r9a7se/stencil/382d9e80-277d-013e-e48e-4a4f5670f649/e/04e821c0-e5dd-013e-f544-2ec1a3f21564/img/loading.svg; https://www.alstapingtools.com/78-driver-shaft/"
"NorthStar","8 - Hex Socket Set Screw 8-32 x 1/4","59084-A3","","N/A","","","https://cdn11.bigcommerce.com/s-dbb3r9a7se/images/stencil/1280w/products/429/2621/059084_2__37011.1675191915.jpg | https://cdn11.bigcommerce.com/s-dbb3r9a7se/stencil/382d9e80-277d-013e-e48e-4a4f5670f649/e/04e821c0-e5dd-013e-f544-2ec1a3f21564/img/loading.svg; https://www.alstapingtools.com/8-hex-socket-set-screw-8-32-x-1-4/"
"NorthStar","5 - E-Ring","B27.1-NA3-S12","","N/A","","","https://cdn11.bigcommerce.com/s-dbb3r9a7se/images/stencil/1280w/products/419/4169/eclip__17629.1675191937.jpg | https://cdn11.bigcommerce.com/s-dbb3r9a7se/stencil/382d9e80-277d-013e-e48e-4a4f5670f649/e/04e821c0-e5dd-013e-f544-2ec1a3f21564/img/loading.svg; https://www.alstapingtools.com/5-e-ring/"
"NorthStar","77 - Fillister Screw 2-56 x 3/4","59056-A","","N/A","","","https://cdn11.bigcommerce.com/s-dbb3r9a7se/images/stencil/1280w/products/415/3326/059056_1__54477.1675191925.jpg | https://cdn11.bigcommerce.com/s-dbb3r9a7se/stencil/382d9e80-277d-013e-e48e-4a4f5670f649/e/04e821c0-e5dd-013e-f544-2ec1a3f21564/img/loading.svg; https://www.alstapingtools.com/77-fillister-screw-2-56-x-3-4/"
"NorthStar","123 - Fillister Head Screw 2-56 x 3/16","59056-A2","","N/A","","","https://cdn11.bigcommerce.com/s-dbb3r9a7se/images/stencil/1280w/products/413/1631/059056_2__18704.1675191901.jpg | https://cdn11.bigcommerce.com/s-dbb3r9a7se/stencil/382d9e80-277d-013e-e48e-4a4f5670f649/e/04e821c0-e5dd-013e-f544-2ec1a3f21564/img/loading.svg; https://www.alstapingtools.com/123-fillister-head-screw-2-56-x-3-16/"
"NorthStar","7 - Nylock Nut 4-40","fa207","","N/A","","","https://cdn11.bigcommerce.com/s-dbb3r9a7se/images/stencil/1280w/products/411/4069/059060_2__01896.1675191935.jpg; https://www.alstapingtools.com/7-nylock-nut-4-40/"
"NorthStar","4 - Pinch Brake Housing","FFH-20","","N/A","","","https://cdn11.bigcommerce.com/s-dbb3r9a7se/images/stencil/1280w/products/396/1622/ffh-20__02153.1675191901.jpg; https://www.alstapingtools.com/4-pinch-brake-housing/"
"NorthStar","8 - Door Spring","HTB-09","","N/A","","","https://cdn11.bigcommerce.com/s-dbb3r9a7se/images/stencil/1280w/products/389/2685/059808__40833.1675191916.jpg; https://www.alstapingtools.com/8-door-spring/"
"NorthStar","76 - Nyliner 4L6-D","52148-A","","N/A","","","https://cdn11.bigcommerce.com/s-dbb3r9a7se/images/stencil/1280w/products/388/2294/059148_1__43906.1675191911.jpg; https://www.alstapingtools.com/76-nyliner-4l6-d/"
"NorthStar","6 - Pan Head Screw 4-40 x 3/8","SHW-153","","N/A","","","https://cdn11.bigcommerce.com/s-dbb3r9a7se/images/stencil/1280w/products/386/1077/059047_3__48433.1675191893.jpg; https://www.alstapingtools.com/6-pan-head-screw-4-40-x-3-8/"
"NorthStar","3 - Bearing","FFH-36","","N/A","","","https://cdn11.bigcommerce.com/s-dbb3r9a7se/images/stencil/1280w/products/371/2678/ffh-36__53669.1675191916.jpg | https://cdn11.bigcommerce.com/s-dbb3r9a7se/stencil/382d9e80-277d-013e-e48e-4a4f5670f649/e/04e821c0-e5dd-013e-f544-2ec1a3f21564/img/loading.svg; https://www.alstapingtools.com/3-bearing/"
"NorthStar","75 - Head Bushing (Large)","050086F-A","","N/A","","","https://cdn11.bigcommerce.com/s-dbb3r9a7se/images/stencil/1280w/products/356/3304/050086f_1__62407.1675191925.jpg | https://cdn11.bigcommerce.com/s-dbb3r9a7se/stencil/382d9e80-277d-013e-e48e-4a4f5670f649/e/04e821c0-e5dd-013e-f544-2ec1a3f21564/img/loading.svg; https://www.alstapingtools.com/75-head-bushing-large/"
"NorthStar","122 - Control Valve","50058-A","","N/A","","","https://cdn11.bigcommerce.com/s-dbb3r9a7se/images/stencil/1280w/products/353/3653/050058__43561.1675191930.jpg | https://cdn11.bigcommerce.com/s-dbb3r9a7se/stencil/382d9e80-277d-013e-e48e-4a4f5670f649/e/04e821c0-e5dd-013e-f544-2ec1a3f21564/img/loading.svg; https://www.alstapingtools.com/122-control-valve/"
"NorthStar","9 - Baffle Plate Assy","054048F-A2","","N/A","","","https://cdn11.bigcommerce.com/s-dbb3r9a7se/images/stencil/1280w/products/342/644/054048f__67838.1675191887.jpg | https://cdn11.bigcommerce.com/s-dbb3r9a7se/stencil/382d9e80-277d-013e-e48e-4a4f5670f649/e/04e821c0-e5dd-013e-f544-2ec1a3f21564/img/loading.svg; https://www.alstapingtools.com/9-baffle-plate-assy/"
"NorthStar","2 - Pinch Brake","FFH-03","","N/A","","","https://cdn11.bigcommerce.com/s-dbb3r9a7se/images/stencil/1280w/products/341/5191/pinch__65199.1675191953.jpg; https://www.alstapingtools.com/2-pinch-brake/"
"NorthStar","End Cap - CRH-01","CRH-01","","N/A","","","https://cdn11.bigcommerce.com/s-dbb3r9a7se/images/stencil/1280w/products/331/5785/subject_1___62356.1748975366.png; https://www.alstapingtools.com/end-cap-crh-01/"
"NorthStar","121 - Filler Door Arm","51001-A","","N/A","","","https://cdn11.bigcommerce.com/s-dbb3r9a7se/images/stencil/1280w/products/330/4737/051001_2__43429.1675191945.jpg | https://cdn11.bigcommerce.com/s-dbb3r9a7se/stencil/382d9e80-277d-013e-e48e-4a4f5670f649/e/04e821c0-e5dd-013e-f544-2ec1a3f21564/img/loading.svg; https://www.alstapingtools.com/121-filler-door-arm/"
"NorthStar","4 - Control Extension Tube Assembly","54219-A","","N/A","","","https://cdn11.bigcommerce.com/s-dbb3r9a7se/images/stencil/1280w/products/319/3973/054219__42156.1675191934.jpg | https://cdn11.bigcommerce.com/s-dbb3r9a7se/stencil/382d9e80-277d-013e-e48e-4a4f5670f649/e/04e821c0-e5dd-013e-f544-2ec1a3f21564/img/loading.svg; https://www.alstapingtools.com/4-control-extension-tube-assembly/"
"NorthStar","1 -  Shoulder Bolt","FFH-35","","N/A","","","https://cdn11.bigcommerce.com/s-dbb3r9a7se/images/stencil/1280w/products/318/4054/ffh-35__50652.1675191935.jpg | https://cdn11.bigcommerce.com/s-dbb3r9a7se/stencil/382d9e80-277d-013e-e48e-4a4f5670f649/e/04e821c0-e5dd-013e-f544-2ec1a3f21564/img/loading.svg; https://www.alstapingtools.com/1-shoulder-bolt/"
"NorthStar","8 - Taper Head","AT-154","","N/A","","","https://cdn11.bigcommerce.com/s-dbb3r9a7se/images/stencil/1280w/products/315/3014/056100f_1__00951.1675191921.jpg; https://www.alstapingtools.com/8-taper-head/"
"NorthStar","34 - Disengaging Cam","50019-A","","N/A","","","https://cdn11.bigcommerce.com/s-dbb3r9a7se/images/stencil/1280w/products/314/2750/050019_1__37150.1675191917.jpg | https://cdn11.bigcommerce.com/s-dbb3r9a7se/stencil/382d9e80-277d-013e-e48e-4a4f5670f649/e/04e821c0-e5dd-013e-f544-2ec1a3f21564/img/loading.svg; https://www.alstapingtools.com/34-disengaging-cam/"
"NorthStar","74 - Head Bushing","050099F-A","","N/A","","","https://cdn11.bigcommerce.com/s-dbb3r9a7se/images/stencil/1280w/products/312/1363/050099f__03193.1675191897.jpg | https://cdn11.bigcommerce.com/s-dbb3r9a7se/stencil/382d9e80-277d-013e-e48e-4a4f5670f649/e/04e821c0-e5dd-013e-f544-2ec1a3f21564/img/loading.svg; https://www.alstapingtools.com/74-head-bushing/"
"NorthStar","3 - Control Tube Bracket","050221F-A","","N/A","","","https://cdn11.bigcommerce.com/s-dbb3r9a7se/images/stencil/1280w/products/294/2318/050221f__57743.1675191911.jpg | https://cdn11.bigcommerce.com/s-dbb3r9a7se/stencil/382d9e80-277d-013e-e48e-4a4f5670f649/e/04e821c0-e5dd-013e-f544-2ec1a3f21564/img/loading.svg; https://www.alstapingtools.com/3-control-tube-bracket/"
"NorthStar","Thin Nut 3/8 - 16 - SHW-062","709027-A2","","N/A","","","https://cdn11.bigcommerce.com/s-dbb3r9a7se/images/stencil/1280w/products/290/1090/709007_5__48845.1675191894.jpg | https://cdn11.bigcommerce.com/s-dbb3r9a7se/stencil/382d9e80-277d-013e-e48e-4a4f5670f649/e/04e821c0-e5dd-013e-f544-2ec1a3f21564/img/loading.svg; https://www.alstapingtools.com/thin-nut-3-8-16-shw-062/"
"NorthStar","1 - Pressure Plate","FFB-01-10","","N/A","","","https://cdn11.bigcommerce.com/s-dbb3r9a7se/stencil/382d9e80-277d-013e-e48e-4a4f5670f649/e/04e821c0-e5dd-013e-f544-2ec1a3f21564/img/ProductDefault.svg; https://www.alstapingtools.com/1-pressure-plate/"
"NorthStar","33 - Disengaging Rod","050034F-A","","N/A","","","https://cdn11.bigcommerce.com/s-dbb3r9a7se/images/stencil/1280w/products/288/2902/050034f_1__56491.1675191919.jpg | https://cdn11.bigcommerce.com/s-dbb3r9a7se/stencil/382d9e80-277d-013e-e48e-4a4f5670f649/e/04e821c0-e5dd-013e-f544-2ec1a3f21564/img/loading.svg; https://www.alstapingtools.com/33-disengaging-rod/"
"NorthStar","7 - Tape Guide","54101-A","","N/A","","","https://cdn11.bigcommerce.com/s-dbb3r9a7se/images/stencil/1280w/products/286/607/054101__24778.1675191887.jpg; https://www.alstapingtools.com/7-tape-guide/"
"NorthStar","119 - Set Screw 6-32 x 1/8","489013-A2","","N/A","","","https://cdn11.bigcommerce.com/s-dbb3r9a7se/images/stencil/1280w/products/278/3388/489013_2__68845.1675191926.jpg | https://cdn11.bigcommerce.com/s-dbb3r9a7se/stencil/382d9e80-277d-013e-e48e-4a4f5670f649/e/04e821c0-e5dd-013e-f544-2ec1a3f21564/img/loading.svg; https://www.alstapingtools.com/119-set-screw-6-32-x-1-8/"
"NorthStar","15 - Drum Seal","CB-16","","N/A","","","https://cdn11.bigcommerce.com/s-dbb3r9a7se/stencil/382d9e80-277d-013e-e48e-4a4f5670f649/e/04e821c0-e5dd-013e-f544-2ec1a3f21564/img/ProductDefault.svg | https://cdn11.bigcommerce.com/s-dbb3r9a7se/stencil/382d9e80-277d-013e-e48e-4a4f5670f649/e/04e821c0-e5dd-013e-f544-2ec1a3f21564/img/loading.svg; https://www.alstapingtools.com/15-drum-seal/"
"NorthStar","15 - Pinch Brake Activator","FFH-11","","N/A","","","https://cdn11.bigcommerce.com/s-dbb3r9a7se/images/stencil/1280w/products/276/3052/httpwww.alstapingtools.comimagesproductsdetailnorthstarpinchbrakeactivator__44541.1675191921.jpg; https://www.alstapingtools.com/15-pinch-brake-activator/"
"NorthStar","73 - Hex Socket Set Screw 8-32 x 1/4","59084-A2","","N/A","","","https://cdn11.bigcommerce.com/s-dbb3r9a7se/images/stencil/1280w/products/270/2870/059084_4__94237.1675191919.jpg | https://cdn11.bigcommerce.com/s-dbb3r9a7se/stencil/382d9e80-277d-013e-e48e-4a4f5670f649/e/04e821c0-e5dd-013e-f544-2ec1a3f21564/img/loading.svg; https://www.alstapingtools.com/73-hex-socket-set-screw-8-32-x-1-4/"
"NorthStar","2 - Control Tube Ring","AT-166","","N/A","","","https://cdn11.bigcommerce.com/s-dbb3r9a7se/images/stencil/1280w/products/263/2970/psx_20171227_154119__31564.1675191920.jpg | https://cdn11.bigcommerce.com/s-dbb3r9a7se/images/stencil/1280w/products/263/1986/psx_20171227_154227__06046.1675191906.jpg; https://www.alstapingtools.com/2-control-tube-ring/"
"NorthStar","7 - Roll Face","FFB-07-10","","N/A","","","https://cdn11.bigcommerce.com/s-dbb3r9a7se/stencil/382d9e80-277d-013e-e48e-4a4f5670f649/e/04e821c0-e5dd-013e-f544-2ec1a3f21564/img/ProductDefault.svg; https://www.alstapingtools.com/7-roll-face/"
"NorthStar","31 - O-Ring","59040-A","","N/A","","","https://cdn11.bigcommerce.com/s-dbb3r9a7se/images/stencil/1280w/products/252/2818/059040_1__87809.1675191918.jpg; https://www.alstapingtools.com/31-o-ring/"
"NorthStar","AHH-01 - Handle Adapter","AHH-01","","N/A","","","https://cdn11.bigcommerce.com/s-dbb3r9a7se/stencil/382d9e80-277d-013e-e48e-4a4f5670f649/e/04e821c0-e5dd-013e-f544-2ec1a3f21564/img/ProductDefault.svg | https://cdn11.bigcommerce.com/s-dbb3r9a7se/stencil/382d9e80-277d-013e-e48e-4a4f5670f649/e/04e821c0-e5dd-013e-f544-2ec1a3f21564/img/loading.svg; https://www.alstapingtools.com/ahh-01-handle-adapter/"
"NorthStar","117 - Needle Spring","56022-A2","","N/A","","","https://cdn11.bigcommerce.com/s-dbb3r9a7se/images/stencil/1280w/products/235/3137/056022_4__62037.1675191922.jpg; https://www.alstapingtools.com/117-needle-spring/"
"NorthStar","6 - Right Side Plate","FFB-06","","N/A","","","https://cdn11.bigcommerce.com/s-dbb3r9a7se/images/stencil/1280w/products/225/1536/251025b__41975.1675191900.jpg; https://www.alstapingtools.com/6-right-side-plate/"
"NorthStar","AHH-02 - Ball","AHH-02","","N/A","","","https://cdn11.bigcommerce.com/s-dbb3r9a7se/stencil/382d9e80-277d-013e-e48e-4a4f5670f649/e/04e821c0-e5dd-013e-f544-2ec1a3f21564/img/ProductDefault.svg | https://cdn11.bigcommerce.com/s-dbb3r9a7se/stencil/382d9e80-277d-013e-e48e-4a4f5670f649/e/04e821c0-e5dd-013e-f544-2ec1a3f21564/img/loading.svg; https://www.alstapingtools.com/ahh-02-ball/"
"NorthStar","1 - Control Tube","AT-153","","N/A","","","https://cdn11.bigcommerce.com/s-dbb3r9a7se/stencil/382d9e80-277d-013e-e48e-4a4f5670f649/e/04e821c0-e5dd-013e-f544-2ec1a3f21564/img/ProductDefault.svg; https://www.alstapingtools.com/1-control-tube/"
"NorthStar","6 - Slotted Pan Head Screw 6-32 x 3/8","SHW118","","N/A","","","https://cdn11.bigcommerce.com/s-dbb3r9a7se/images/stencil/1280w/products/210/3166/059013_2__65496.1675191923.jpg | https://cdn11.bigcommerce.com/s-dbb3r9a7se/stencil/382d9e80-277d-013e-e48e-4a4f5670f649/e/04e821c0-e5dd-013e-f544-2ec1a3f21564/img/loading.svg; https://www.alstapingtools.com/6-slotted-pan-head-screw-6-32-x-3-8/"
"NorthStar","3 - Profile Extrusion","FFH011","","N/A","","","https://cdn11.bigcommerce.com/s-dbb3r9a7se/stencil/382d9e80-277d-013e-e48e-4a4f5670f649/e/04e821c0-e5dd-013e-f544-2ec1a3f21564/img/ProductDefault.svg; https://www.alstapingtools.com/3-profile-extrusion/"
"NorthStar","29 - O-Ring Housing","050039F-A","","N/A","","","https://cdn11.bigcommerce.com/s-dbb3r9a7se/images/stencil/1280w/products/203/462/050039f__68625.1675191885.jpg | https://cdn11.bigcommerce.com/s-dbb3r9a7se/stencil/382d9e80-277d-013e-e48e-4a4f5670f649/e/04e821c0-e5dd-013e-f544-2ec1a3f21564/img/loading.svg; https://www.alstapingtools.com/29-o-ring-housing/"
"NorthStar","5 - Left Side Plate","FFB-05","","N/A","","","https://cdn11.bigcommerce.com/s-dbb3r9a7se/images/stencil/1280w/products/199/843/251023b__34323.1675191890.jpg | https://cdn11.bigcommerce.com/s-dbb3r9a7se/stencil/382d9e80-277d-013e-e48e-4a4f5670f649/e/04e821c0-e5dd-013e-f544-2ec1a3f21564/img/loading.svg; https://www.alstapingtools.com/5-left-side-plate/"
"NorthStar","116 - Gooser Needle","59049-A","","N/A","","","https://cdn11.bigcommerce.com/s-dbb3r9a7se/images/stencil/1280w/products/198/1205/059049_1__70477.1675191895.jpg | https://cdn11.bigcommerce.com/s-dbb3r9a7se/stencil/382d9e80-277d-013e-e48e-4a4f5670f649/e/04e821c0-e5dd-013e-f544-2ec1a3f21564/img/loading.svg; https://www.alstapingtools.com/116-gooser-needle/"
"NorthStar","16 - Handle Door Bracket","552005F-A","","N/A","","","https://cdn11.bigcommerce.com/s-dbb3r9a7se/stencil/382d9e80-277d-013e-e48e-4a4f5670f649/e/04e821c0-e5dd-013e-f544-2ec1a3f21564/img/ProductDefault.svg | https://cdn11.bigcommerce.com/s-dbb3r9a7se/stencil/382d9e80-277d-013e-e48e-4a4f5670f649/e/04e821c0-e5dd-013e-f544-2ec1a3f21564/img/loading.svg; https://www.alstapingtools.com/16-handle-door-bracket/"
"NorthStar","72 - Drum Washer","59082-A","","N/A","","","https://cdn11.bigcommerce.com/s-dbb3r9a7se/images/stencil/1280w/products/193/437/059082_1__99925.1675191884.jpg; https://www.alstapingtools.com/72-drum-washer/"
"NorthStar","5 - Flat Head Screw 4-40x 1/4","59102-A","","N/A","","","https://cdn11.bigcommerce.com/s-dbb3r9a7se/images/stencil/1280w/products/183/4641/059102_1__90860.1675191943.jpg | https://cdn11.bigcommerce.com/s-dbb3r9a7se/stencil/382d9e80-277d-013e-e48e-4a4f5670f649/e/04e821c0-e5dd-013e-f544-2ec1a3f21564/img/loading.svg; https://www.alstapingtools.com/5-flat-head-screw-4-40x-1-4/"
"NorthStar","2 - Angle Arm","CBH-02","","N/A","","","https://cdn11.bigcommerce.com/s-dbb3r9a7se/stencil/382d9e80-277d-013e-e48e-4a4f5670f649/e/04e821c0-e5dd-013e-f544-2ec1a3f21564/img/ProductDefault.svg | https://cdn11.bigcommerce.com/s-dbb3r9a7se/stencil/382d9e80-277d-013e-e48e-4a4f5670f649/e/04e821c0-e5dd-013e-f544-2ec1a3f21564/img/loading.svg; https://www.alstapingtools.com/2-angle-arm/"
"NorthStar","17 - Lock Nut 3-48","SHW-108","","N/A","","","https://cdn11.bigcommerce.com/s-dbb3r9a7se/stencil/382d9e80-277d-013e-e48e-4a4f5670f649/e/04e821c0-e5dd-013e-f544-2ec1a3f21564/img/ProductDefault.svg; https://www.alstapingtools.com/17-lock-nut-3-48/"
"NorthStar","71 - Cable Drum","050083F-A","","N/A","","","https://cdn11.bigcommerce.com/s-dbb3r9a7se/images/stencil/1280w/products/167/3058/050083f_1_1__50402.1675191921.jpg | https://cdn11.bigcommerce.com/s-dbb3r9a7se/stencil/382d9e80-277d-013e-e48e-4a4f5670f649/e/04e821c0-e5dd-013e-f544-2ec1a3f21564/img/loading.svg; https://www.alstapingtools.com/71-cable-drum/"
"NorthStar","28 - Cover Cap","AT-51","","N/A","","","https://cdn11.bigcommerce.com/s-dbb3r9a7se/images/stencil/1280w/products/165/4413/ns_cover_clean___56933.1675191940.jpg | https://cdn11.bigcommerce.com/s-dbb3r9a7se/stencil/382d9e80-277d-013e-e48e-4a4f5670f649/e/04e821c0-e5dd-013e-f544-2ec1a3f21564/img/loading.svg; https://www.alstapingtools.com/28-cover-cap/"
"NorthStar","18 - Valve Spring","059061F-A","","N/A","","","https://cdn11.bigcommerce.com/s-dbb3r9a7se/images/stencil/1280w/products/148/1995/tapetech_059061_1__05158.1675191906.jpg | https://cdn11.bigcommerce.com/s-dbb3r9a7se/stencil/382d9e80-277d-013e-e48e-4a4f5670f649/e/04e821c0-e5dd-013e-f544-2ec1a3f21564/img/loading.svg; https://www.alstapingtools.com/18-valve-spring/"
"NorthStar","1 - End Cap","CBH-01","","N/A","","","https://cdn11.bigcommerce.com/s-dbb3r9a7se/stencil/382d9e80-277d-013e-e48e-4a4f5670f649/e/04e821c0-e5dd-013e-f544-2ec1a3f21564/img/ProductDefault.svg; https://www.alstapingtools.com/1-end-cap/"
"NorthStar","70 - Nylock 4-40","609012-A","","N/A","","","https://cdn11.bigcommerce.com/s-dbb3r9a7se/images/stencil/1280w/products/145/3618/209017_3__86671.1675191929.jpg | https://cdn11.bigcommerce.com/s-dbb3r9a7se/stencil/382d9e80-277d-013e-e48e-4a4f5670f649/e/04e821c0-e5dd-013e-f544-2ec1a3f21564/img/loading.svg; https://www.alstapingtools.com/70-nylock-4-40/"
"NorthStar","3 - Wiper 8""","FFB-03-08","","N/A","","","https://cdn11.bigcommerce.com/s-dbb3r9a7se/images/stencil/1280w/products/140/808/200026f_1__16765.1675191890.jpg | https://cdn11.bigcommerce.com/s-dbb3r9a7se/stencil/382d9e80-277d-013e-e48e-4a4f5670f649/e/04e821c0-e5dd-013e-f544-2ec1a3f21564/img/loading.svg; https://www.alstapingtools.com/3-wiper-8/"
"NorthStar","27 - Special Tie Rod","050140F-A","","N/A","","","https://cdn11.bigcommerce.com/s-dbb3r9a7se/images/stencil/1280w/products/132/1748/050140f__95211.1675191903.jpg | https://cdn11.bigcommerce.com/s-dbb3r9a7se/stencil/382d9e80-277d-013e-e48e-4a4f5670f649/e/04e821c0-e5dd-013e-f544-2ec1a3f21564/img/loading.svg; https://www.alstapingtools.com/27-special-tie-rod/"
"TapeWorm","TapeWorm Stainless Automatic Taper Blades - 10 Pack - 10850-10PC","10850-10PC","","N/A","","","https://cdn11.bigcommerce.com/s-dbb3r9a7se/images/stencil/1280w/products/4676/6270/80001246-1544710202-114629__45290.1758128167.png | https://cdn11.bigcommerce.com/s-dbb3r9a7se/stencil/382d9e80-277d-013e-e48e-4a4f5670f649/e/04e821c0-e5dd-013e-f544-2ec1a3f21564/img/loading.svg; https://www.alstapingtools.com/tapeworm-stainless-automatic-taper-blades-10-pack-10850-10pc/"
"TapeWorm","10830 - Spring Tube","10830","","N/A","","","https://cdn11.bigcommerce.com/s-dbb3r9a7se/images/stencil/1280w/products/3980/5689/8233_media_1__32038.1748975311.jpg | https://cdn11.bigcommerce.com/s-dbb3r9a7se/stencil/382d9e80-277d-013e-e48e-4a4f5670f649/e/04e821c0-e5dd-013e-f544-2ec1a3f21564/img/loading.svg; https://www.alstapingtools.com/10830-spring-tube/"
"TapeWorm","806787 - 6-32 HEX NUT","806787","","N/A","","","https://cdn11.bigcommerce.com/s-dbb3r9a7se/images/stencil/1280w/products/3633/795/199011__19032.1675191889.jpg; https://www.alstapingtools.com/806787-6-32-hex-nut/"
"TapeWorm","808939 - 6-32 X 5/16 FILLISTER HD","808939","","N/A","","","https://cdn11.bigcommerce.com/s-dbb3r9a7se/images/stencil/1280w/products/3613/5431/059012_1_1__55982.1675191960.jpg | https://cdn11.bigcommerce.com/s-dbb3r9a7se/stencil/382d9e80-277d-013e-e48e-4a4f5670f649/e/04e821c0-e5dd-013e-f544-2ec1a3f21564/img/loading.svg; https://www.alstapingtools.com/808939-6-32-x-5-16-fillister-hd/"
"TapeWorm","808909 - 6-32 X 1/4 FILLISTER HD","808909","","N/A","","","https://cdn11.bigcommerce.com/s-dbb3r9a7se/images/stencil/1280w/products/3603/3150/059013__90742.1675191923.jpg; https://www.alstapingtools.com/808909-6-32-x-1-4-fillister-hd/"
"TapeWorm","805893 - 5/16-18 HEX NUT","805893","","N/A","","","https://cdn11.bigcommerce.com/s-dbb3r9a7se/images/stencil/1280w/products/3595/5339/2838_670_thumb__97554.1675191957.jpg; https://www.alstapingtools.com/805893-5-16-18-hex-nut/"
"TapeWorm","807280 - 10-32 THIN LOCK NUT","807280","","N/A","","","https://cdn11.bigcommerce.com/s-dbb3r9a7se/images/stencil/1280w/products/3591/3043/209017_1__46815.1675191921.jpg; https://www.alstapingtools.com/807280-10-32-thin-lock-nut/"
"TapeWorm","808880 - 6-32 X 3/16 Pan Head Screw","808880","","N/A","","","https://cdn11.bigcommerce.com/s-dbb3r9a7se/images/stencil/1280w/products/3584/2201/209049_1__54914.1675191909.jpg; https://www.alstapingtools.com/808880-6-32-x-3-16-pan-head-screw/"
"TapeWorm","809078 - 6-32 X 1.0 PAN HD","809078","","N/A","","","https://cdn11.bigcommerce.com/s-dbb3r9a7se/images/stencil/1280w/products/3582/2105/059230_2__90030.1675191908.jpg; https://www.alstapingtools.com/809078-6-32-x-1-0-pan-hd/"
"TapeWorm","808878 - 6-32 X 3/16 Socket Head Set Screw","808878","","N/A","","","https://cdn11.bigcommerce.com/s-dbb3r9a7se/images/stencil/1280w/products/3573/4702/409013__00728.1675191944.jpg; https://www.alstapingtools.com/808878-6-32-x-3-16-socket-head-set-screw/"
"TapeWorm","808760 - 4-40 X 3/4 Fillister Head","808760","","N/A","","","https://cdn11.bigcommerce.com/s-dbb3r9a7se/images/stencil/1280w/products/3561/3414/059012_1_2__85636.1675191926.jpg; https://www.alstapingtools.com/808760-4-40-x-3-4-fillister-head/"
"TapeWorm","807195 - LOCK NUT (10-24)","807195","","N/A","","","https://cdn11.bigcommerce.com/s-dbb3r9a7se/images/stencil/1280w/products/3557/2491/tw_lock_nut__49765.1675191913.jpg; https://www.alstapingtools.com/807195-lock-nut-10-24/"
"TapeWorm","808731 - 4-40 X 5/8 PAN HEAD","808731","","N/A","","","https://cdn11.bigcommerce.com/s-dbb3r9a7se/images/stencil/1280w/products/3542/760/889035_1__09673.1675191889.jpg; https://www.alstapingtools.com/808731-4-40-x-5-8-pan-head/"
"TapeWorm","WING NUT 1/4-20 - TW15-805788","805788-A","","N/A","","","https://cdn11.bigcommerce.com/s-dbb3r9a7se/images/stencil/1280w/products/3530/2194/httpwww.alstapingtools.comimagesproductsdetail6e1f099dbff7409696f7857c07001dbc_400__78935.1675191909.jpg | https://cdn11.bigcommerce.com/s-dbb3r9a7se/images/stencil/1280w/products/3530/2581/httpwww.alstapingtools.comimagesproductsdisplay6e1f099dbff7409696f7857c07001dbc_400__48452.1675191915.jpg | https://cdn11.bigcommerce.com/s-dbb3r9a7se/images/stencil/1280w/products/3530/3110/httpwww.alstapingtools.comimagesproductsthumb6e1f099dbff7409696f7857c07001dbc_400__96199.1675191922.jpg | https://cdn11.bigcommerce.com/s-dbb3r9a7se/stencil/382d9e80-277d-013e-e48e-4a4f5670f649/e/04e821c0-e5dd-013e-f544-2ec1a3f21564/img/loading.svg; https://www.alstapingtools.com/wing-nut-1-4-20-tw15-805788/"
"TapeWorm","808645 - 4-40 X 5/16 Flat Head Screw","808645","","N/A","","","https://cdn11.bigcommerce.com/s-dbb3r9a7se/images/stencil/1280w/products/3522/1797/209755__97044.1675191903.jpg; https://www.alstapingtools.com/808645-4-40-x-5-16-flat-head-screw/"
"TapeWorm","32 - (805780 ) 1/4-20 HEX NUT","805780","","N/A","","","https://cdn11.bigcommerce.com/s-dbb3r9a7se/images/stencil/1280w/products/3512/3638/709007_3__14343.1675191929.jpg; https://www.alstapingtools.com/32-805780-1-4-20-hex-nut/"
"TapeWorm","31 - (807253) 1/4-20 Thin Lock Nut","807253","","N/A","","","https://cdn11.bigcommerce.com/s-dbb3r9a7se/images/stencil/1280w/products/3507/661/httpwww.alstapingtools.comimagesproductsdetaillocknut.1__21118.1675191888.jpg; https://www.alstapingtools.com/31-807253-1-4-20-thin-lock-nut/"
"TapeWorm","808627 - 4-40 X 1/4 PAN HEAD","808627","","N/A","","","https://cdn11.bigcommerce.com/s-dbb3r9a7se/images/stencil/1280w/products/3505/4698/609011_1__04510.1675191944.jpg; https://www.alstapingtools.com/808627-4-40-x-1-4-pan-head/"
"TapeWorm","808616 - 4-40 X 3/16"" Flat Head Screw","808616","","N/A","","","https://cdn11.bigcommerce.com/s-dbb3r9a7se/images/stencil/1280w/products/3492/2623/tw_flat__27477.1675191915.jpg; https://www.alstapingtools.com/808616-4-40-x-3-16-flat-head-screw/"
"TapeWorm","805773 - 1/4-20 CASTLE NUT","805773","","N/A","","","https://cdn11.bigcommerce.com/s-dbb3r9a7se/images/stencil/1280w/products/3484/4949/httpwww.alstapingtools.comimagesproductsdisplaycastlenut__49021.1675191948.jpg | https://cdn11.bigcommerce.com/s-dbb3r9a7se/images/stencil/1280w/products/3484/5411/httpwww.alstapingtools.comimagesproductsdetailcastlenut__64397.1675191959.jpg | https://cdn11.bigcommerce.com/s-dbb3r9a7se/images/stencil/1280w/products/3484/5466/httpwww.alstapingtools.comimagesproductsthumbcastlenut__69577.1675191961.jpg; https://www.alstapingtools.com/805773-1-4-20-castle-nut/"
"TapeWorm","808613 - 4-40 X 3/16 PAN HEAD","808613","","N/A","","","https://cdn11.bigcommerce.com/s-dbb3r9a7se/images/stencil/1280w/products/3474/1777/149037_1__65906.1675191903.jpg; https://www.alstapingtools.com/808613-4-40-x-3-16-pan-head/"
"TapeWorm","808588 - 4-40 X 1/8 BINDER HEAD","808588","","N/A","","","https://cdn11.bigcommerce.com/s-dbb3r9a7se/images/stencil/1280w/products/3461/2019/059047_1__97699.1675191906.jpg; https://www.alstapingtools.com/808588-4-40-x-1-8-binder-head/"
"TapeWorm","36 - (806833) 10-24 X 3/8 HEX BOLT","806833","","N/A","","","https://cdn11.bigcommerce.com/s-dbb3r9a7se/images/stencil/1280w/products/3459/1453/559017__10568.1675191899.jpg; https://www.alstapingtools.com/36-806833-10-24-x-3-8-hex-bolt/"
"TapeWorm","808563 - 4 X 3/8 Pan Head Self Taping","808563","","N/A","","","https://cdn11.bigcommerce.com/s-dbb3r9a7se/images/stencil/1280w/products/3450/3829/tw_st__25438.1675191932.jpg | https://cdn11.bigcommerce.com/s-dbb3r9a7se/stencil/382d9e80-277d-013e-e48e-4a4f5670f649/e/04e821c0-e5dd-013e-f544-2ec1a3f21564/img/loading.svg; https://www.alstapingtools.com/808563-4-x-3-8-pan-head-self-taping/"
"TapeWorm","806827 - 10-24 HEX NUT","806827","","N/A","","","https://cdn11.bigcommerce.com/s-dbb3r9a7se/images/stencil/1280w/products/3439/639/hex632__07554.1675191887.jpg; https://www.alstapingtools.com/806827-10-24-hex-nut/"
"TapeWorm","808539 - 2-56 X 5/16 Flat Head Screw","808539","","N/A","","","https://cdn11.bigcommerce.com/s-dbb3r9a7se/images/stencil/1280w/products/3428/439/tw_flat_1__32998.1675191884.jpg; https://www.alstapingtools.com/808539-2-56-x-5-16-flat-head-screw/"
"TapeWorm","989060 - WASHER RUBBER","989060","","N/A","","","https://cdn11.bigcommerce.com/s-dbb3r9a7se/stencil/382d9e80-277d-013e-e48e-4a4f5670f649/e/04e821c0-e5dd-013e-f544-2ec1a3f21564/img/ProductDefault.svg; https://www.alstapingtools.com/989060-washer-rubber/"
"TapeWorm","808536 - 2-56 X 1/4 FLAT HEAD","808536","","N/A","","","https://cdn11.bigcommerce.com/s-dbb3r9a7se/images/stencil/1280w/products/3408/1804/tw_flat1__97154.1675191903.jpg; https://www.alstapingtools.com/808536-2-56-x-1-4-flat-head/"
"TapeWorm","808513 - 2 X 3/16 PAN HEAD SELF TAPPING","808513","","N/A","","","https://cdn11.bigcommerce.com/s-dbb3r9a7se/images/stencil/1280w/products/3400/3942/tw_st_1__21263.1675191934.jpg; https://www.alstapingtools.com/808513-2-x-3-16-pan-head-self-tapping/"
"TapeWorm","805894 - 5/16-18 JAM NUT","805894","","N/A","","","https://cdn11.bigcommerce.com/s-dbb3r9a7se/images/stencil/1280w/products/3390/3274/059060__02337.1675191924.jpg; https://www.alstapingtools.com/805894-5-16-18-jam-nut/"
"TapeWorm","33 - (810595) 1/4 FLAT WASHER","810595","","N/A","","","https://cdn11.bigcommerce.com/s-dbb3r9a7se/images/stencil/1280w/products/3389/406/810595__46410.1675191884.jpg; https://www.alstapingtools.com/33-810595-1-4-flat-washer/"
"TapeWorm","809526 - BS15-5 2-0 78 Spring Washer","809526","","N/A","","","https://cdn11.bigcommerce.com/s-dbb3r9a7se/images/stencil/1280w/products/3378/4120/tw_washer__11283.1675191936.jpg; https://www.alstapingtools.com/809526-bs15-5-2-0-78-spring-washer/"
"TapeWorm","30 - (805881) 1/4-20 X 2.0 HEX BOLT","805881","","N/A","","","https://cdn11.bigcommerce.com/s-dbb3r9a7se/images/stencil/1280w/products/3374/3577/hex111_1__68112.1675191928.jpg; https://www.alstapingtools.com/30-805881-1-4-20-x-2-0-hex-bolt/"
"TapeWorm","709067 - 10-24 SST Nut","709067","","N/A","","","https://cdn11.bigcommerce.com/s-dbb3r9a7se/images/stencil/1280w/products/3372/422/tw_nut__82184.1675191884.jpg; https://www.alstapingtools.com/709067-10-24-sst-nut/"
"TapeWorm","809474 - 10-32 X 1 PAN HEAD","809474","","N/A","","","https://cdn11.bigcommerce.com/s-dbb3r9a7se/images/stencil/1280w/products/3363/3812/10-32_pan__27406.1675191932.jpg; https://www.alstapingtools.com/809474-10-32-x-1-pan-head/"
"TapeWorm","809400 - 10-32x3/16 Soc Set Screw","809400","","N/A","","","https://cdn11.bigcommerce.com/s-dbb3r9a7se/images/stencil/1280w/products/3361/474/059426_1__18262.1675191885.jpg; https://www.alstapingtools.com/809400-10-32x3-16-soc-set-screw/"
"TapeWorm","809455 10-32 X 5/8 FLAT HD SS","809455","","N/A","","","https://cdn11.bigcommerce.com/s-dbb3r9a7se/images/stencil/1280w/products/3353/734/tw_flat1_1__89560.1675191889.jpg; https://www.alstapingtools.com/809455-10-32-x-5-8-flat-hd-ss/"
"TapeWorm","808559 - 4 X 1/4 Pan Head Screw","808559","","N/A","","","https://cdn11.bigcommerce.com/s-dbb3r9a7se/images/stencil/1280w/products/3341/981/tw_st_1_1__50756.1675191892.jpg | https://cdn11.bigcommerce.com/s-dbb3r9a7se/stencil/382d9e80-277d-013e-e48e-4a4f5670f649/e/04e821c0-e5dd-013e-f544-2ec1a3f21564/img/loading.svg; https://www.alstapingtools.com/808559-4-x-1-4-pan-head-screw/"
"TapeWorm","807554 - ROLL PIN (1/4 X 15/16)","807554","","N/A","","","https://cdn11.bigcommerce.com/s-dbb3r9a7se/stencil/382d9e80-277d-013e-e48e-4a4f5670f649/e/04e821c0-e5dd-013e-f544-2ec1a3f21564/img/ProductDefault.svg; https://www.alstapingtools.com/807554-roll-pin-1-4-x-15-16/"
"TapeWorm","27 - (805865 ) 1/4-20 X 1 1/2 HEX BOLT","805865","","N/A","","","https://cdn11.bigcommerce.com/s-dbb3r9a7se/images/stencil/1280w/products/3334/4509/hex111_2__35816.1675191941.jpg; https://www.alstapingtools.com/27-805865-1-4-20-x-1-1-2-hex-bolt/"
"TapeWorm","809311 - 10-24 X 1/2 Socket Head Cap Screw","809311","","N/A","","","https://cdn11.bigcommerce.com/s-dbb3r9a7se/images/stencil/1280w/products/3328/3499/809012_1__99510.1675191927.jpg; https://www.alstapingtools.com/809311-10-24-x-1-2-socket-head-cap-screw/"
"TapeWorm","809430 - PAN HD (10-32 X 1/2)","809430","","N/A","","","https://cdn11.bigcommerce.com/s-dbb3r9a7se/images/stencil/1280w/products/3322/777/tw_pan__67792.1675191889.jpg; https://www.alstapingtools.com/809430-pan-hd-10-32-x-1-2/"
"TapeWorm","809286 - 10-24 X 3/8 Pan Head Screw","809286","","N/A","","","https://cdn11.bigcommerce.com/s-dbb3r9a7se/images/stencil/1280w/products/3318/2885/059210__28991.1675191919.jpg; https://www.alstapingtools.com/809286-10-24-x-3-8-pan-head-screw/"
"TapeWorm","809212 - 8-32 X 3/8 PAN HEAD","809212","","N/A","","","https://cdn11.bigcommerce.com/s-dbb3r9a7se/images/stencil/1280w/products/3311/4256/209049__02231.1675191938.jpg | https://cdn11.bigcommerce.com/s-dbb3r9a7se/stencil/382d9e80-277d-013e-e48e-4a4f5670f649/e/04e821c0-e5dd-013e-f544-2ec1a3f21564/img/loading.svg; https://www.alstapingtools.com/809212-8-32-x-3-8-pan-head/"
"TapeWorm","809402 - 10-32 X 1/4 PAN HEAD","809402","","N/A","","","https://cdn11.bigcommerce.com/s-dbb3r9a7se/images/stencil/1280w/products/3308/2844/809402__90203.1675191919.jpg; https://www.alstapingtools.com/809402-10-32-x-1-4-pan-head/"
"TapeWorm","807224 - 6-32 SMALL LOCK NUT","807224","","N/A","","","https://cdn11.bigcommerce.com/s-dbb3r9a7se/images/stencil/1280w/products/3304/5432/059074_1__02080.1675191960.jpg; https://www.alstapingtools.com/807224-6-32-small-lock-nut/"
"TapeWorm","809398 - 10-32x1/8 Soc Hd Set Screw","809398","","N/A","","","https://cdn11.bigcommerce.com/s-dbb3r9a7se/images/stencil/1280w/products/3303/3624/409013_1__12475.1675191929.jpg | https://cdn11.bigcommerce.com/s-dbb3r9a7se/stencil/382d9e80-277d-013e-e48e-4a4f5670f649/e/04e821c0-e5dd-013e-f544-2ec1a3f21564/img/loading.svg; https://www.alstapingtools.com/809398-10-32x1-8-soc-hd-set-screw/"
"TapeWorm","807221 - 4-40 LOCK NUT","807221","","N/A","","","https://cdn11.bigcommerce.com/s-dbb3r9a7se/images/stencil/1280w/products/3297/2232/059074_2__62505.1675191910.jpg; https://www.alstapingtools.com/807221-4-40-lock-nut/"
"TapeWorm","807321 - THIN LOCK NUT (8-32)","807321","","N/A","","","https://cdn11.bigcommerce.com/s-dbb3r9a7se/images/stencil/1280w/products/3290/4965/00001695__78117.1675191948.jpg; https://www.alstapingtools.com/807321-thin-lock-nut-8-32/"
"TapeWorm","809195 - 8-32 X 1/4 SOC HD CAP","809195","","N/A","","","https://cdn11.bigcommerce.com/s-dbb3r9a7se/images/stencil/1280w/products/3289/4979/809012_2__14133.1675191948.jpg; https://www.alstapingtools.com/809195-8-32-x-1-4-soc-hd-cap/"
"TapeWorm","809389 - 10-24 X 1.0 PAN HD","809389","","N/A","","","https://cdn11.bigcommerce.com/s-dbb3r9a7se/images/stencil/1280w/products/3279/1753/059014_1__89986.1675191903.jpg; https://www.alstapingtools.com/809389-10-24-x-1-0-pan-hd/"
"TapeWorm","807219 - 3-48 LOCK NUT","807219","","N/A","","","https://cdn11.bigcommerce.com/s-dbb3r9a7se/images/stencil/1280w/products/3277/1841/059212__59888.1675191904.jpg; https://www.alstapingtools.com/807219-3-48-lock-nut/"
"TapeWorm","809083 - 6-32 X 1.0 THREADED STUD","809083","","N/A","","","https://cdn11.bigcommerce.com/s-dbb3r9a7se/images/stencil/1280w/products/3266/3469/809004_1__83994.1675191927.jpg; https://www.alstapingtools.com/809083-6-32-x-1-0-threaded-stud/"
"TapeWorm","808300 - THUMB SCREW (5/16-18 X 3/4)","808300","","N/A","","","https://cdn11.bigcommerce.com/s-dbb3r9a7se/images/stencil/1280w/products/3264/2628/thumb_screw__61090.1675191915.jpg; https://www.alstapingtools.com/808300-thumb-screw-5-16-18-x-3-4/"
"TapeWorm","805860 - 1/4-20 1 1/4 HEX BOLT","805860","","N/A","","","https://cdn11.bigcommerce.com/s-dbb3r9a7se/images/stencil/1280w/products/3261/4290/hex111_4__15392.1675191938.jpg; https://www.alstapingtools.com/805860-1-4-20-1-1-4-hex-bolt/"
"TapeWorm","807207 - 2-56 Lock Nut","807207","","N/A","","","https://cdn11.bigcommerce.com/s-dbb3r9a7se/images/stencil/1280w/products/3255/1189/059060_1__61607.1675191895.jpg; https://www.alstapingtools.com/807207-2-56-lock-nut/"
"TapeWorm","809070 - 6-32 X 7/8 PAN HEAD","809070","","N/A","","","https://cdn11.bigcommerce.com/s-dbb3r9a7se/images/stencil/1280w/products/3249/3035/059210_1__49982.1675191921.jpg; https://www.alstapingtools.com/809070-6-32-x-7-8-pan-head/"
"TapeWorm","809369 - 10-24 X 7/8 FILLISTER HD SS","809369","","N/A","","","https://cdn11.bigcommerce.com/s-dbb3r9a7se/images/stencil/1280w/products/3240/707/059091_2__69017.1675191888.jpg; https://www.alstapingtools.com/809369-10-24-x-7-8-fillister-hd-ss/"
"TapeWorm","29 - (808209) 1/4-20 X 1 1/2 PAN HEAD","808209","","N/A","","","https://cdn11.bigcommerce.com/s-dbb3r9a7se/images/stencil/1280w/products/3238/3939/tw_pan_1__21673.1675191934.jpg | https://cdn11.bigcommerce.com/s-dbb3r9a7se/stencil/382d9e80-277d-013e-e48e-4a4f5670f649/e/04e821c0-e5dd-013e-f544-2ec1a3f21564/img/loading.svg; https://www.alstapingtools.com/29-808209-1-4-20-x-1-1-2-pan-head/"
"TapeWorm","809049 6-32 X 3/4 PAN HD","809049","","N/A","","","https://cdn11.bigcommerce.com/s-dbb3r9a7se/images/stencil/1280w/products/3225/3986/059013_1__50234.1675191934.jpg; https://www.alstapingtools.com/809049-6-32-x-3-4-pan-hd/"
"TapeWorm","CHAIN (WITH 1 S HOOK)","709042","","N/A","","","https://cdn11.bigcommerce.com/s-dbb3r9a7se/stencil/382d9e80-277d-013e-e48e-4a4f5670f649/e/04e821c0-e5dd-013e-f544-2ec1a3f21564/img/ProductDefault.svg; https://www.alstapingtools.com/chain-with-1-s-hook/"
"TapeWorm","805844 - 1/4-20 7/8 HEX BOLT","805844","","N/A","","","https://cdn11.bigcommerce.com/s-dbb3r9a7se/images/stencil/1280w/products/3215/1911/hex111_5__76606.1675191905.jpg; https://www.alstapingtools.com/805844-1-4-20-7-8-hex-bolt/"
"TapeWorm","809023 - 6-32 X 5/8 Pan Head Screw","809023","","N/A","","","https://cdn11.bigcommerce.com/s-dbb3r9a7se/images/stencil/1280w/products/3172/3008/059127_1__13476.1675191921.jpg; https://www.alstapingtools.com/809023-6-32-x-5-8-pan-head-screw/"
"TapeWorm","1/4-20 X 3/4 FILLISTER HD","808164","","N/A","","","https://cdn11.bigcommerce.com/s-dbb3r9a7se/images/stencil/1280w/products/3158/405/httpwww.alstapingtools.comimagesproductsdetailscrewfl__34928.1675191884.jpg; https://www.alstapingtools.com/1-4-20-x-3-4-fillister-hd/"
"TapeWorm","10302 - Base Plate","10302","","N/A","","","https://cdn11.bigcommerce.com/s-dbb3r9a7se/stencil/382d9e80-277d-013e-e48e-4a4f5670f649/e/04e821c0-e5dd-013e-f544-2ec1a3f21564/img/ProductDefault.svg | https://cdn11.bigcommerce.com/s-dbb3r9a7se/stencil/382d9e80-277d-013e-e48e-4a4f5670f649/e/04e821c0-e5dd-013e-f544-2ec1a3f21564/img/loading.svg; https://www.alstapingtools.com/10302-base-plate/"
"TapeWorm","806864 - HEX BOLT (10-32 X 7/8)","806864","","N/A","","","https://cdn11.bigcommerce.com/s-dbb3r9a7se/images/stencil/1280w/products/3138/1529/hex111_3__03228.1675191900.jpg; https://www.alstapingtools.com/806864-hex-bolt-10-32-x-7-8/"
"TapeWorm","10368 - Poppet Retainer","10368","","N/A","","","https://cdn11.bigcommerce.com/s-dbb3r9a7se/stencil/382d9e80-277d-013e-e48e-4a4f5670f649/e/04e821c0-e5dd-013e-f544-2ec1a3f21564/img/ProductDefault.svg | https://cdn11.bigcommerce.com/s-dbb3r9a7se/stencil/382d9e80-277d-013e-e48e-4a4f5670f649/e/04e821c0-e5dd-013e-f544-2ec1a3f21564/img/loading.svg; https://www.alstapingtools.com/10368-poppet-retainer/"
"TapeWorm","809315 - PAN HD (10-24 X 1/2)","809315","","N/A","","","https://cdn11.bigcommerce.com/s-dbb3r9a7se/images/stencil/1280w/products/3125/3142/059156_1__40807.1675191922.jpg; https://www.alstapingtools.com/809315-pan-hd-10-24-x-1-2/"
"TapeWorm","806861 - 10-32 HEX NUT","806861","","N/A","","","https://cdn11.bigcommerce.com/s-dbb3r9a7se/images/stencil/1280w/products/3122/3136/709007_2__13840.1675191922.jpg; https://www.alstapingtools.com/806861-10-32-hex-nut/"
"TapeWorm","805840 - 1/4-20 X 5/8 HEX BOLT","805840","","N/A","","","https://cdn11.bigcommerce.com/s-dbb3r9a7se/images/stencil/1280w/products/3120/1430/hex111__31650.1675191898.jpg; https://www.alstapingtools.com/805840-1-4-20-x-5-8-hex-bolt/"
"TapeWorm","10370 - Poppet","10370","","N/A","","","https://cdn11.bigcommerce.com/s-dbb3r9a7se/stencil/382d9e80-277d-013e-e48e-4a4f5670f649/e/04e821c0-e5dd-013e-f544-2ec1a3f21564/img/ProductDefault.svg | https://cdn11.bigcommerce.com/s-dbb3r9a7se/stencil/382d9e80-277d-013e-e48e-4a4f5670f649/e/04e821c0-e5dd-013e-f544-2ec1a3f21564/img/loading.svg; https://www.alstapingtools.com/10370-poppet/"
"TapeWorm","10662-1 - Detent Plate (R.H.)","10662-1","","N/A","","","https://cdn11.bigcommerce.com/s-dbb3r9a7se/stencil/382d9e80-277d-013e-e48e-4a4f5670f649/e/04e821c0-e5dd-013e-f544-2ec1a3f21564/img/ProductDefault.svg; https://www.alstapingtools.com/10662-1-detent-plate-r-h/"
"TapeWorm","806860 - WING NUT (10-32)","806860","","N/A","","","https://cdn11.bigcommerce.com/s-dbb3r9a7se/images/stencil/1280w/products/3081/4205/34-6208__26221.1675191937.jpg | https://cdn11.bigcommerce.com/s-dbb3r9a7se/stencil/382d9e80-277d-013e-e48e-4a4f5670f649/e/04e821c0-e5dd-013e-f544-2ec1a3f21564/img/loading.svg; https://www.alstapingtools.com/806860-wing-nut-10-32/"
"TapeWorm","26 - (808151) 1/4-20 X 5/8 FIL HD SC","808151","","N/A","","","https://cdn11.bigcommerce.com/s-dbb3r9a7se/images/stencil/1280w/products/3074/4530/209012_1__11341.1675191942.jpg; https://www.alstapingtools.com/26-808151-1-4-20-x-5-8-fil-hd-sc/"
"TapeWorm","10665 - Washer Seal","10665","","N/A","","","https://cdn11.bigcommerce.com/s-dbb3r9a7se/stencil/382d9e80-277d-013e-e48e-4a4f5670f649/e/04e821c0-e5dd-013e-f544-2ec1a3f21564/img/ProductDefault.svg | https://cdn11.bigcommerce.com/s-dbb3r9a7se/stencil/382d9e80-277d-013e-e48e-4a4f5670f649/e/04e821c0-e5dd-013e-f544-2ec1a3f21564/img/loading.svg; https://www.alstapingtools.com/10665-washer-seal/"
"TapeWorm","808999 - 6-32 X 1/2 FILLISTER HEAD","808999","","N/A","","","https://cdn11.bigcommerce.com/s-dbb3r9a7se/images/stencil/1280w/products/3054/2743/059264__26855.1675191917.jpg; https://www.alstapingtools.com/808999-6-32-x-1-2-fillister-head/"
"TapeWorm","199012 - 10-32X1/4 CUP PT SETSCREW","199012","","N/A","","","https://cdn11.bigcommerce.com/s-dbb3r9a7se/images/stencil/1280w/products/3049/1105/489013__79886.1675191894.jpg; https://www.alstapingtools.com/199012-10-32x1-4-cup-pt-setscrew/"
"TapeWorm","808966 - 6-32 X 3/8 Flat Head Screw","808966","","N/A","","","https://cdn11.bigcommerce.com/s-dbb3r9a7se/images/stencil/1280w/products/3033/3371/059029_1__38346.1675191926.jpg | https://cdn11.bigcommerce.com/s-dbb3r9a7se/stencil/382d9e80-277d-013e-e48e-4a4f5670f649/e/04e821c0-e5dd-013e-f544-2ec1a3f21564/img/loading.svg; https://www.alstapingtools.com/808966-6-32-x-3-8-flat-head-screw/"
"TapeWorm","809223 - 8-32 X 1/2 SLOTTED SET","809223","","N/A","","","https://cdn11.bigcommerce.com/s-dbb3r9a7se/images/stencil/1280w/products/3014/1720/qzggz__82362.1675191902.jpg | https://cdn11.bigcommerce.com/s-dbb3r9a7se/stencil/382d9e80-277d-013e-e48e-4a4f5670f649/e/04e821c0-e5dd-013e-f544-2ec1a3f21564/img/loading.svg; https://www.alstapingtools.com/809223-8-32-x-1-2-slotted-set/"
"TapeWorm","SPRING - 0018 - LC-018B-6S","0018","","N/A","","","https://cdn11.bigcommerce.com/s-dbb3r9a7se/images/stencil/1280w/products/3012/3217/059362-hires-lores_1__26269.1675191923.jpg | https://cdn11.bigcommerce.com/s-dbb3r9a7se/stencil/382d9e80-277d-013e-e48e-4a4f5670f649/e/04e821c0-e5dd-013e-f544-2ec1a3f21564/img/loading.svg; https://www.alstapingtools.com/spring-0018-lc-018b-6s/"
"TapeWorm","10108-100 - TapeWorm Box Blade 10""","10108-100","","N/A","","","https://cdn11.bigcommerce.com/s-dbb3r9a7se/images/stencil/1280w/products/2999/5158/250001_2__28316.1675191952.jpg | https://cdn11.bigcommerce.com/s-dbb3r9a7se/stencil/382d9e80-277d-013e-e48e-4a4f5670f649/e/04e821c0-e5dd-013e-f544-2ec1a3f21564/img/loading.svg; https://www.alstapingtools.com/10108-100-tapeworm-box-blade-10/"
"TapeWorm","10108-120 TapeWorm Box Blade 12""","10108-120","","N/A","","","https://cdn11.bigcommerce.com/s-dbb3r9a7se/images/stencil/1280w/products/2986/630/300001_3__13335.1675191887.jpg | https://cdn11.bigcommerce.com/s-dbb3r9a7se/stencil/382d9e80-277d-013e-e48e-4a4f5670f649/e/04e821c0-e5dd-013e-f544-2ec1a3f21564/img/loading.svg; https://www.alstapingtools.com/10108-120-tapeworm-box-blade-12/"
"TapeWorm","10658 - 5"" Wiper","10658","","N/A","","","https://cdn11.bigcommerce.com/s-dbb3r9a7se/stencil/382d9e80-277d-013e-e48e-4a4f5670f649/e/04e821c0-e5dd-013e-f544-2ec1a3f21564/img/ProductDefault.svg | https://cdn11.bigcommerce.com/s-dbb3r9a7se/stencil/382d9e80-277d-013e-e48e-4a4f5670f649/e/04e821c0-e5dd-013e-f544-2ec1a3f21564/img/loading.svg; https://www.alstapingtools.com/10658-5-wiper/"
"TapeWorm","808095 - 1/4-20 X 1/4 Socket Head Set Screw","808095","","N/A","","","https://cdn11.bigcommerce.com/s-dbb3r9a7se/images/stencil/1280w/products/2971/2950/059220__66344.1675191920.jpg; https://www.alstapingtools.com/808095-1-4-20-x-1-4-socket-head-set-screw/"
"TapeWorm","34 - (805788) 1/4-20 WING NUT","805788","","N/A","","","https://cdn11.bigcommerce.com/s-dbb3r9a7se/images/stencil/1280w/products/2957/3462/httpwww.alstapingtools.comimagesproductsdisplay6e1f099dbff7409696f7857c07001dbc_400_1__25404.1675191927.jpg | https://cdn11.bigcommerce.com/s-dbb3r9a7se/images/stencil/1280w/products/2957/3783/httpwww.alstapingtools.comimagesproductsthumb6e1f099dbff7409696f7857c07001dbc_400_1__45397.1675191931.jpg | https://cdn11.bigcommerce.com/s-dbb3r9a7se/images/stencil/1280w/products/2957/4765/httpwww.alstapingtools.comimagesproductsdetail6e1f099dbff7409696f7857c07001dbc_400_1__89009.1675191945.jpg | https://cdn11.bigcommerce.com/s-dbb3r9a7se/stencil/382d9e80-277d-013e-e48e-4a4f5670f649/e/04e821c0-e5dd-013e-f544-2ec1a3f21564/img/loading.svg; https://www.alstapingtools.com/34-805788-1-4-20-wing-nut/"
"TapeWorm","10161-2 - Blade Carrier Guard (Left)","10161-2","","N/A","","","https://cdn11.bigcommerce.com/s-dbb3r9a7se/stencil/382d9e80-277d-013e-e48e-4a4f5670f649/e/04e821c0-e5dd-013e-f544-2ec1a3f21564/img/ProductDefault.svg; https://www.alstapingtools.com/10161-2-blade-carrier-guard-left/"
"TapeWorm","10358 - 8"" Wiper","10358","","N/A","","","https://cdn11.bigcommerce.com/s-dbb3r9a7se/stencil/382d9e80-277d-013e-e48e-4a4f5670f649/e/04e821c0-e5dd-013e-f544-2ec1a3f21564/img/ProductDefault.svg | https://cdn11.bigcommerce.com/s-dbb3r9a7se/stencil/382d9e80-277d-013e-e48e-4a4f5670f649/e/04e821c0-e5dd-013e-f544-2ec1a3f21564/img/loading.svg; https://www.alstapingtools.com/10358-8-wiper/"
"TapeWorm","10707 - Main Roller Core","10707","","N/A","","","https://cdn11.bigcommerce.com/s-dbb3r9a7se/stencil/382d9e80-277d-013e-e48e-4a4f5670f649/e/04e821c0-e5dd-013e-f544-2ec1a3f21564/img/ProductDefault.svg; https://www.alstapingtools.com/10707-main-roller-core/"
"TapeWorm","10161-1 - Blade Carrier Guard (Right)","10161-1","","N/A","","","https://cdn11.bigcommerce.com/s-dbb3r9a7se/stencil/382d9e80-277d-013e-e48e-4a4f5670f649/e/04e821c0-e5dd-013e-f544-2ec1a3f21564/img/ProductDefault.svg; https://www.alstapingtools.com/10161-1-blade-carrier-guard-right/"
"TapeWorm","10415 - Stop","10415","","N/A","","","https://cdn11.bigcommerce.com/s-dbb3r9a7se/stencil/382d9e80-277d-013e-e48e-4a4f5670f649/e/04e821c0-e5dd-013e-f544-2ec1a3f21564/img/ProductDefault.svg | https://cdn11.bigcommerce.com/s-dbb3r9a7se/stencil/382d9e80-277d-013e-e48e-4a4f5670f649/e/04e821c0-e5dd-013e-f544-2ec1a3f21564/img/loading.svg; https://www.alstapingtools.com/10415-stop/"
"TapeWorm","28 - (808213) 1/4-20 X 1 1/2 Socket Head Screw","808213","","N/A","","","https://cdn11.bigcommerce.com/s-dbb3r9a7se/images/stencil/1280w/products/2910/1129/809004_2__47774.1675191894.jpg; https://www.alstapingtools.com/28-808213-1-4-20-x-1-1-2-socket-head-screw/"
"TapeWorm","10764 - Screw Slotted","10764","","N/A","","","https://cdn11.bigcommerce.com/s-dbb3r9a7se/stencil/382d9e80-277d-013e-e48e-4a4f5670f649/e/04e821c0-e5dd-013e-f544-2ec1a3f21564/img/ProductDefault.svg; https://www.alstapingtools.com/10764-screw-slotted/"
"TapeWorm","10412 - Ball Cup","10412","","N/A","","","https://cdn11.bigcommerce.com/s-dbb3r9a7se/stencil/382d9e80-277d-013e-e48e-4a4f5670f649/e/04e821c0-e5dd-013e-f544-2ec1a3f21564/img/ProductDefault.svg | https://cdn11.bigcommerce.com/s-dbb3r9a7se/stencil/382d9e80-277d-013e-e48e-4a4f5670f649/e/04e821c0-e5dd-013e-f544-2ec1a3f21564/img/loading.svg; https://www.alstapingtools.com/10412-ball-cup/"
"TapeWorm","10185 - Blade Cam Assembly","10185","","N/A","","","https://cdn11.bigcommerce.com/s-dbb3r9a7se/stencil/382d9e80-277d-013e-e48e-4a4f5670f649/e/04e821c0-e5dd-013e-f544-2ec1a3f21564/img/ProductDefault.svg | https://cdn11.bigcommerce.com/s-dbb3r9a7se/stencil/382d9e80-277d-013e-e48e-4a4f5670f649/e/04e821c0-e5dd-013e-f544-2ec1a3f21564/img/loading.svg; https://www.alstapingtools.com/10185-blade-cam-assembly/"
"TapeWorm","10910 - Drive Shaft","10910","","N/A","","","https://cdn11.bigcommerce.com/s-dbb3r9a7se/stencil/382d9e80-277d-013e-e48e-4a4f5670f649/e/04e821c0-e5dd-013e-f544-2ec1a3f21564/img/ProductDefault.svg | https://cdn11.bigcommerce.com/s-dbb3r9a7se/stencil/382d9e80-277d-013e-e48e-4a4f5670f649/e/04e821c0-e5dd-013e-f544-2ec1a3f21564/img/loading.svg; https://www.alstapingtools.com/10910-drive-shaft/"
"TapeWorm","10448 - Rear Guide Clip","10448","","N/A","","","https://cdn11.bigcommerce.com/s-dbb3r9a7se/images/stencil/1280w/products/2865/1406/480017f_2__65127.1675191898.jpg | https://cdn11.bigcommerce.com/s-dbb3r9a7se/stencil/382d9e80-277d-013e-e48e-4a4f5670f649/e/04e821c0-e5dd-013e-f544-2ec1a3f21564/img/loading.svg; https://www.alstapingtools.com/10448-rear-guide-clip/"
"TapeWorm","10894 - Toothed Wheel","10894","","N/A","","","https://cdn11.bigcommerce.com/s-dbb3r9a7se/images/stencil/1280w/products/2854/2336/10894__20873.1675191911.jpg | https://cdn11.bigcommerce.com/s-dbb3r9a7se/stencil/382d9e80-277d-013e-e48e-4a4f5670f649/e/04e821c0-e5dd-013e-f544-2ec1a3f21564/img/loading.svg; https://www.alstapingtools.com/10894-toothed-wheel/"
"TapeWorm","20 - (568-141) O-Ring (Pump Head)","568-141","","N/A","","","https://cdn11.bigcommerce.com/s-dbb3r9a7se/images/stencil/1280w/products/2848/823/059709__37189.1675191890.jpg; https://www.alstapingtools.com/20-568-141-o-ring-pump-head/"
"TapeWorm","10190 - Blade Clamp Back Plate","10190","","N/A","","","https://cdn11.bigcommerce.com/s-dbb3r9a7se/stencil/382d9e80-277d-013e-e48e-4a4f5670f649/e/04e821c0-e5dd-013e-f544-2ec1a3f21564/img/ProductDefault.svg | https://cdn11.bigcommerce.com/s-dbb3r9a7se/stencil/382d9e80-277d-013e-e48e-4a4f5670f649/e/04e821c0-e5dd-013e-f544-2ec1a3f21564/img/loading.svg; https://www.alstapingtools.com/10190-blade-clamp-back-plate/"
"TapeWorm","10419 - Bearing Cap","10419","","N/A","","","https://cdn11.bigcommerce.com/s-dbb3r9a7se/images/stencil/1280w/products/2828/2353/twahrrrr__90074.1675191911.jpg; https://www.alstapingtools.com/10419-bearing-cap/"
"TapeWorm","10191 - Clamp","10191","","N/A","","","https://cdn11.bigcommerce.com/s-dbb3r9a7se/stencil/382d9e80-277d-013e-e48e-4a4f5670f649/e/04e821c0-e5dd-013e-f544-2ec1a3f21564/img/ProductDefault.svg | https://cdn11.bigcommerce.com/s-dbb3r9a7se/stencil/382d9e80-277d-013e-e48e-4a4f5670f649/e/04e821c0-e5dd-013e-f544-2ec1a3f21564/img/loading.svg; https://www.alstapingtools.com/10191-clamp/"
"TapeWorm","10781 - Pulley Roller","10781","","N/A","","","https://cdn11.bigcommerce.com/s-dbb3r9a7se/stencil/382d9e80-277d-013e-e48e-4a4f5670f649/e/04e821c0-e5dd-013e-f544-2ec1a3f21564/img/ProductDefault.svg | https://cdn11.bigcommerce.com/s-dbb3r9a7se/stencil/382d9e80-277d-013e-e48e-4a4f5670f649/e/04e821c0-e5dd-013e-f544-2ec1a3f21564/img/loading.svg; https://www.alstapingtools.com/10781-pulley-roller/"
"TapeWorm","19 - (US2500) U-Cup","US-2500","","N/A","","","https://cdn11.bigcommerce.com/s-dbb3r9a7se/images/stencil/1280w/products/2810/4458/700005_1__14152.1675191941.jpg | https://cdn11.bigcommerce.com/s-dbb3r9a7se/stencil/382d9e80-277d-013e-e48e-4a4f5670f649/e/04e821c0-e5dd-013e-f544-2ec1a3f21564/img/loading.svg; https://www.alstapingtools.com/19-us2500-u-cup/"
"TapeWorm","10438 - Skid Blade","10438","","N/A","","","https://cdn11.bigcommerce.com/s-dbb3r9a7se/images/stencil/1280w/products/2798/3192/10438___00089.1675191923.jpg | https://cdn11.bigcommerce.com/s-dbb3r9a7se/stencil/382d9e80-277d-013e-e48e-4a4f5670f649/e/04e821c0-e5dd-013e-f544-2ec1a3f21564/img/loading.svg; https://www.alstapingtools.com/10438-skid-blade/"
"TapeWorm","10779 - Pulley Bushing","10779","","N/A","","","https://cdn11.bigcommerce.com/s-dbb3r9a7se/stencil/382d9e80-277d-013e-e48e-4a4f5670f649/e/04e821c0-e5dd-013e-f544-2ec1a3f21564/img/ProductDefault.svg | https://cdn11.bigcommerce.com/s-dbb3r9a7se/stencil/382d9e80-277d-013e-e48e-4a4f5670f649/e/04e821c0-e5dd-013e-f544-2ec1a3f21564/img/loading.svg; https://www.alstapingtools.com/10779-pulley-bushing/"
"TapeWorm","10150 - Shoulder Bolt","10150","","N/A","","","https://cdn11.bigcommerce.com/s-dbb3r9a7se/stencil/382d9e80-277d-013e-e48e-4a4f5670f649/e/04e821c0-e5dd-013e-f544-2ec1a3f21564/img/ProductDefault.svg | https://cdn11.bigcommerce.com/s-dbb3r9a7se/stencil/382d9e80-277d-013e-e48e-4a4f5670f649/e/04e821c0-e5dd-013e-f544-2ec1a3f21564/img/loading.svg; https://www.alstapingtools.com/10150-shoulder-bolt/"
"TapeWorm","10463 - 2.5"" Carbide Blade","10463","","N/A","","","https://cdn11.bigcommerce.com/s-dbb3r9a7se/images/stencil/1280w/products/2774/5660/tw25blade__04687.1675191967.jpg | https://cdn11.bigcommerce.com/s-dbb3r9a7se/stencil/382d9e80-277d-013e-e48e-4a4f5670f649/e/04e821c0-e5dd-013e-f544-2ec1a3f21564/img/loading.svg; https://www.alstapingtools.com/10463-2-5-carbide-blade/"
"TapeWorm","18 - (10578) Link","10578","","N/A","","","https://cdn11.bigcommerce.com/s-dbb3r9a7se/stencil/382d9e80-277d-013e-e48e-4a4f5670f649/e/04e821c0-e5dd-013e-f544-2ec1a3f21564/img/ProductDefault.svg; https://www.alstapingtools.com/18-10578-link/"
"TapeWorm","10762 - Piston Cable","10762","","N/A","","","https://cdn11.bigcommerce.com/s-dbb3r9a7se/images/stencil/1280w/products/2766/969/cable22__76004.1675191892.jpg | https://cdn11.bigcommerce.com/s-dbb3r9a7se/stencil/382d9e80-277d-013e-e48e-4a4f5670f649/e/04e821c0-e5dd-013e-f544-2ec1a3f21564/img/loading.svg; https://www.alstapingtools.com/10762-piston-cable/"
"TapeWorm","10845 - Spacer Brace","10845","","N/A","","","https://cdn11.bigcommerce.com/s-dbb3r9a7se/stencil/382d9e80-277d-013e-e48e-4a4f5670f649/e/04e821c0-e5dd-013e-f544-2ec1a3f21564/img/ProductDefault.svg | https://cdn11.bigcommerce.com/s-dbb3r9a7se/stencil/382d9e80-277d-013e-e48e-4a4f5670f649/e/04e821c0-e5dd-013e-f544-2ec1a3f21564/img/loading.svg; https://www.alstapingtools.com/10845-spacer-brace/"
"TapeWorm","17 - (10577) Bearing","10577","","N/A","","","https://cdn11.bigcommerce.com/s-dbb3r9a7se/stencil/382d9e80-277d-013e-e48e-4a4f5670f649/e/04e821c0-e5dd-013e-f544-2ec1a3f21564/img/ProductDefault.svg; https://www.alstapingtools.com/17-10577-bearing/"
"TapeWorm","Ratchet Spring - 00LE","00LE","","N/A","","","https://cdn11.bigcommerce.com/s-dbb3r9a7se/stencil/382d9e80-277d-013e-e48e-4a4f5670f649/e/04e821c0-e5dd-013e-f544-2ec1a3f21564/img/ProductDefault.svg | https://cdn11.bigcommerce.com/s-dbb3r9a7se/stencil/382d9e80-277d-013e-e48e-4a4f5670f649/e/04e821c0-e5dd-013e-f544-2ec1a3f21564/img/loading.svg; https://www.alstapingtools.com/ratchet-spring-00le/"
"TapeWorm","10866-1 - Bushing (Short)","10866-1","","N/A","","","https://cdn11.bigcommerce.com/s-dbb3r9a7se/stencil/382d9e80-277d-013e-e48e-4a4f5670f649/e/04e821c0-e5dd-013e-f544-2ec1a3f21564/img/ProductDefault.svg | https://cdn11.bigcommerce.com/s-dbb3r9a7se/stencil/382d9e80-277d-013e-e48e-4a4f5670f649/e/04e821c0-e5dd-013e-f544-2ec1a3f21564/img/loading.svg; https://www.alstapingtools.com/10866-1-bushing-short/"
"TapeWorm","10850 - TapeWorm Taper Blade","10850-SS","","N/A","","","https://cdn11.bigcommerce.com/s-dbb3r9a7se/images/stencil/1280w/products/2725/2322/tapeworm_balde_ss__39492.1675191911.jpg | https://cdn11.bigcommerce.com/s-dbb3r9a7se/stencil/382d9e80-277d-013e-e48e-4a4f5670f649/e/04e821c0-e5dd-013e-f544-2ec1a3f21564/img/loading.svg; https://www.alstapingtools.com/10850-tapeworm-taper-blade/"
"TapeWorm","15 - (10564) Nut","10564","","N/A","","","https://cdn11.bigcommerce.com/s-dbb3r9a7se/stencil/382d9e80-277d-013e-e48e-4a4f5670f649/e/04e821c0-e5dd-013e-f544-2ec1a3f21564/img/ProductDefault.svg; https://www.alstapingtools.com/15-10564-nut/"
"TapeWorm","10777 - Pulley Bracket","10777","","N/A","","","https://cdn11.bigcommerce.com/s-dbb3r9a7se/stencil/382d9e80-277d-013e-e48e-4a4f5670f649/e/04e821c0-e5dd-013e-f544-2ec1a3f21564/img/ProductDefault.svg; https://www.alstapingtools.com/10777-pulley-bracket/"
"TapeWorm","14 - (10556) Shaft","10556","","N/A","","","https://cdn11.bigcommerce.com/s-dbb3r9a7se/stencil/382d9e80-277d-013e-e48e-4a4f5670f649/e/04e821c0-e5dd-013e-f544-2ec1a3f21564/img/ProductDefault.svg; https://www.alstapingtools.com/14-10556-shaft/"
"TapeWorm","10436 - 3"" Carbide Blade","10436-C","","N/A","","","https://cdn11.bigcommerce.com/s-dbb3r9a7se/images/stencil/1280w/products/2677/3808/tw3blade__21440.1675191932.jpg | https://cdn11.bigcommerce.com/s-dbb3r9a7se/stencil/382d9e80-277d-013e-e48e-4a4f5670f649/e/04e821c0-e5dd-013e-f544-2ec1a3f21564/img/loading.svg; https://www.alstapingtools.com/10436-3-carbide-blade/"
"TapeWorm","10908 - Wear Block Assy","10908","","N/A","","","https://cdn11.bigcommerce.com/s-dbb3r9a7se/stencil/382d9e80-277d-013e-e48e-4a4f5670f649/e/04e821c0-e5dd-013e-f544-2ec1a3f21564/img/ProductDefault.svg | https://cdn11.bigcommerce.com/s-dbb3r9a7se/stencil/382d9e80-277d-013e-e48e-4a4f5670f649/e/04e821c0-e5dd-013e-f544-2ec1a3f21564/img/loading.svg; https://www.alstapingtools.com/10908-wear-block-assy/"
"TapeWorm","10767 - Piston Seal","10767","","N/A","","","https://cdn11.bigcommerce.com/s-dbb3r9a7se/images/stencil/1280w/products/2667/5434/050203__74109.1675191960.jpg; https://www.alstapingtools.com/10767-piston-seal/"
"TapeWorm","13 - (10552) Wire Screen - Coarse","10552","","N/A","","","https://cdn11.bigcommerce.com/s-dbb3r9a7se/stencil/382d9e80-277d-013e-e48e-4a4f5670f649/e/04e821c0-e5dd-013e-f544-2ec1a3f21564/img/ProductDefault.svg | https://cdn11.bigcommerce.com/s-dbb3r9a7se/stencil/382d9e80-277d-013e-e48e-4a4f5670f649/e/04e821c0-e5dd-013e-f544-2ec1a3f21564/img/loading.svg; https://www.alstapingtools.com/13-10552-wire-screen-coarse/"
"TapeWorm","10866-2 - Replacement Bushing (Long)","10866-2","","N/A","","","https://cdn11.bigcommerce.com/s-dbb3r9a7se/stencil/382d9e80-277d-013e-e48e-4a4f5670f649/e/04e821c0-e5dd-013e-f544-2ec1a3f21564/img/ProductDefault.svg | https://cdn11.bigcommerce.com/s-dbb3r9a7se/stencil/382d9e80-277d-013e-e48e-4a4f5670f649/e/04e821c0-e5dd-013e-f544-2ec1a3f21564/img/loading.svg; https://www.alstapingtools.com/10866-2-replacement-bushing-long/"
"TapeWorm","10960 - Ratchet Pawl","10960","","N/A","","","https://cdn11.bigcommerce.com/s-dbb3r9a7se/images/stencil/1280w/products/2650/504/img_0093__78993.1675191885.jpg | https://cdn11.bigcommerce.com/s-dbb3r9a7se/stencil/382d9e80-277d-013e-e48e-4a4f5670f649/e/04e821c0-e5dd-013e-f544-2ec1a3f21564/img/loading.svg; https://www.alstapingtools.com/10960-ratchet-pawl/"
"TapeWorm","12 - (10550) Flat Seal","10550","","N/A","","","https://cdn11.bigcommerce.com/s-dbb3r9a7se/images/stencil/1280w/products/2635/4924/740010__46636.1675191947.jpg; https://www.alstapingtools.com/12-10550-flat-seal/"
"TapeWorm","10865 - Pawl Arm","10865","","N/A","","","https://cdn11.bigcommerce.com/s-dbb3r9a7se/images/stencil/1280w/products/2626/1070/img_0088__80875.1675191893.jpg | https://cdn11.bigcommerce.com/s-dbb3r9a7se/stencil/382d9e80-277d-013e-e48e-4a4f5670f649/e/04e821c0-e5dd-013e-f544-2ec1a3f21564/img/loading.svg; https://www.alstapingtools.com/10865-pawl-arm/"
"TapeWorm","10792-2 - Chain Retainer (Left)","10792-2","","N/A","","","https://cdn11.bigcommerce.com/s-dbb3r9a7se/stencil/382d9e80-277d-013e-e48e-4a4f5670f649/e/04e821c0-e5dd-013e-f544-2ec1a3f21564/img/ProductDefault.svg | https://cdn11.bigcommerce.com/s-dbb3r9a7se/stencil/382d9e80-277d-013e-e48e-4a4f5670f649/e/04e821c0-e5dd-013e-f544-2ec1a3f21564/img/loading.svg; https://www.alstapingtools.com/10792-2-chain-retainer-left/"
"TapeWorm","10702 - Head Mount (Aluminum)","10702","","N/A","","","https://cdn11.bigcommerce.com/s-dbb3r9a7se/images/stencil/1280w/products/2597/5687/tw_head_casting__07205.1748975310.png | https://cdn11.bigcommerce.com/s-dbb3r9a7se/stencil/382d9e80-277d-013e-e48e-4a4f5670f649/e/04e821c0-e5dd-013e-f544-2ec1a3f21564/img/loading.svg; https://www.alstapingtools.com/10702-head-mount-aluminum/"
"TapeWorm","10749 - Nut Plate","10749","","N/A","","","https://cdn11.bigcommerce.com/s-dbb3r9a7se/stencil/382d9e80-277d-013e-e48e-4a4f5670f649/e/04e821c0-e5dd-013e-f544-2ec1a3f21564/img/ProductDefault.svg | https://cdn11.bigcommerce.com/s-dbb3r9a7se/stencil/382d9e80-277d-013e-e48e-4a4f5670f649/e/04e821c0-e5dd-013e-f544-2ec1a3f21564/img/loading.svg; https://www.alstapingtools.com/10749-nut-plate/"
"TapeWorm","10 - (10546) Pump Stand","10546","","N/A","","","https://cdn11.bigcommerce.com/s-dbb3r9a7se/stencil/382d9e80-277d-013e-e48e-4a4f5670f649/e/04e821c0-e5dd-013e-f544-2ec1a3f21564/img/ProductDefault.svg | https://cdn11.bigcommerce.com/s-dbb3r9a7se/stencil/382d9e80-277d-013e-e48e-4a4f5670f649/e/04e821c0-e5dd-013e-f544-2ec1a3f21564/img/loading.svg; https://www.alstapingtools.com/10-10546-pump-stand/"
"TapeWorm","10793 - Main Bearing Assembly","10793","","N/A","","","https://cdn11.bigcommerce.com/s-dbb3r9a7se/images/stencil/1280w/products/2575/485/10733__28309.1675191885.jpg | https://cdn11.bigcommerce.com/s-dbb3r9a7se/stencil/382d9e80-277d-013e-e48e-4a4f5670f649/e/04e821c0-e5dd-013e-f544-2ec1a3f21564/img/loading.svg; https://www.alstapingtools.com/10793-main-bearing-assembly/"
"TapeWorm","9 - (10544) Cup","10544","","N/A","","","https://cdn11.bigcommerce.com/s-dbb3r9a7se/stencil/382d9e80-277d-013e-e48e-4a4f5670f649/e/04e821c0-e5dd-013e-f544-2ec1a3f21564/img/ProductDefault.svg | https://cdn11.bigcommerce.com/s-dbb3r9a7se/stencil/382d9e80-277d-013e-e48e-4a4f5670f649/e/04e821c0-e5dd-013e-f544-2ec1a3f21564/img/loading.svg; https://www.alstapingtools.com/9-10544-cup/"
"TapeWorm","10748 - Retaining Clip","10748","","N/A","","","https://cdn11.bigcommerce.com/s-dbb3r9a7se/stencil/382d9e80-277d-013e-e48e-4a4f5670f649/e/04e821c0-e5dd-013e-f544-2ec1a3f21564/img/ProductDefault.svg | https://cdn11.bigcommerce.com/s-dbb3r9a7se/stencil/382d9e80-277d-013e-e48e-4a4f5670f649/e/04e821c0-e5dd-013e-f544-2ec1a3f21564/img/loading.svg; https://www.alstapingtools.com/10748-retaining-clip/"
"TapeWorm","8 - (10540) Guide","10540","","N/A","","","https://cdn11.bigcommerce.com/s-dbb3r9a7se/stencil/382d9e80-277d-013e-e48e-4a4f5670f649/e/04e821c0-e5dd-013e-f544-2ec1a3f21564/img/ProductDefault.svg | https://cdn11.bigcommerce.com/s-dbb3r9a7se/stencil/382d9e80-277d-013e-e48e-4a4f5670f649/e/04e821c0-e5dd-013e-f544-2ec1a3f21564/img/loading.svg; https://www.alstapingtools.com/8-10540-guide/"
"TapeWorm","10888 - Corner Wheel Bushing 1","10888","","N/A","","","https://cdn11.bigcommerce.com/s-dbb3r9a7se/stencil/382d9e80-277d-013e-e48e-4a4f5670f649/e/04e821c0-e5dd-013e-f544-2ec1a3f21564/img/ProductDefault.svg | https://cdn11.bigcommerce.com/s-dbb3r9a7se/stencil/382d9e80-277d-013e-e48e-4a4f5670f649/e/04e821c0-e5dd-013e-f544-2ec1a3f21564/img/loading.svg; https://www.alstapingtools.com/10888-corner-wheel-bushing-1/"
"TapeWorm","10364 - Corner Box Axle Seal","10364","","N/A","","","https://cdn11.bigcommerce.com/s-dbb3r9a7se/images/stencil/1280w/products/2519/378/10364__58173.1675191883.jpg | https://cdn11.bigcommerce.com/s-dbb3r9a7se/stencil/382d9e80-277d-013e-e48e-4a4f5670f649/e/04e821c0-e5dd-013e-f544-2ec1a3f21564/img/loading.svg; https://www.alstapingtools.com/10364-corner-box-axle-seal/"
"TapeWorm","10842 - Blade Actuator Tube","10842","","N/A","","","https://cdn11.bigcommerce.com/s-dbb3r9a7se/stencil/382d9e80-277d-013e-e48e-4a4f5670f649/e/04e821c0-e5dd-013e-f544-2ec1a3f21564/img/ProductDefault.svg | https://cdn11.bigcommerce.com/s-dbb3r9a7se/stencil/382d9e80-277d-013e-e48e-4a4f5670f649/e/04e821c0-e5dd-013e-f544-2ec1a3f21564/img/loading.svg; https://www.alstapingtools.com/10842-blade-actuator-tube/"
"TapeWorm","7 - (10538) Seal","10538","","N/A","","","https://cdn11.bigcommerce.com/s-dbb3r9a7se/images/stencil/1280w/products/2505/2214/720009_2__30060.1675191910.jpg; https://www.alstapingtools.com/7-10538-seal/"
"TapeWorm","10896 - Chain Guide","10896","","N/A","","","https://cdn11.bigcommerce.com/s-dbb3r9a7se/stencil/382d9e80-277d-013e-e48e-4a4f5670f649/e/04e821c0-e5dd-013e-f544-2ec1a3f21564/img/ProductDefault.svg | https://cdn11.bigcommerce.com/s-dbb3r9a7se/stencil/382d9e80-277d-013e-e48e-4a4f5670f649/e/04e821c0-e5dd-013e-f544-2ec1a3f21564/img/loading.svg; https://www.alstapingtools.com/10896-chain-guide/"
"TapeWorm","10868 - Corner Wheel","10868","","N/A","","","https://cdn11.bigcommerce.com/s-dbb3r9a7se/stencil/382d9e80-277d-013e-e48e-4a4f5670f649/e/04e821c0-e5dd-013e-f544-2ec1a3f21564/img/ProductDefault.svg | https://cdn11.bigcommerce.com/s-dbb3r9a7se/stencil/382d9e80-277d-013e-e48e-4a4f5670f649/e/04e821c0-e5dd-013e-f544-2ec1a3f21564/img/loading.svg; https://www.alstapingtools.com/10868-corner-wheel/"
"TapeWorm","10812 - Control Rod Assembly","10812","","N/A","","","https://cdn11.bigcommerce.com/s-dbb3r9a7se/images/stencil/1280w/products/2467/3302/054219_1__11403.1675191925.jpg; https://www.alstapingtools.com/10812-control-rod-assembly/"
"TapeWorm","10739 - Cutter Chain Section","10739","","N/A","","","https://cdn11.bigcommerce.com/s-dbb3r9a7se/images/stencil/1280w/products/2443/2468/10739_1__77978.1675191913.jpg | https://cdn11.bigcommerce.com/s-dbb3r9a7se/stencil/382d9e80-277d-013e-e48e-4a4f5670f649/e/04e821c0-e5dd-013e-f544-2ec1a3f21564/img/loading.svg; https://www.alstapingtools.com/10739-cutter-chain-section/"
"TapeWorm","CORNER CREASER SPRING FOR TAPER","0026","","N/A","","","https://cdn11.bigcommerce.com/s-dbb3r9a7se/stencil/382d9e80-277d-013e-e48e-4a4f5670f649/e/04e821c0-e5dd-013e-f544-2ec1a3f21564/img/ProductDefault.svg; https://www.alstapingtools.com/corner-creaser-spring-for-taper/"
"TapeWorm","880012 - SPACER","880012","","N/A","","","https://cdn11.bigcommerce.com/s-dbb3r9a7se/stencil/382d9e80-277d-013e-e48e-4a4f5670f649/e/04e821c0-e5dd-013e-f544-2ec1a3f21564/img/ProductDefault.svg; https://www.alstapingtools.com/880012-spacer/"
"TapeWorm","808672 - 4-40 X 3/8"" Pan Head Screw","808672","","N/A","","","https://cdn11.bigcommerce.com/s-dbb3r9a7se/images/stencil/1280w/products/2429/3565/808672__71277.1675191928.jpg; https://www.alstapingtools.com/808672-4-40-x-3-8-pan-head-screw/"
"TapeWorm","10916 - Drive Chain","10916","","N/A","","","https://cdn11.bigcommerce.com/s-dbb3r9a7se/images/stencil/1280w/products/2427/396/058126f_1__72250.1675191884.jpg | https://cdn11.bigcommerce.com/s-dbb3r9a7se/stencil/382d9e80-277d-013e-e48e-4a4f5670f649/e/04e821c0-e5dd-013e-f544-2ec1a3f21564/img/loading.svg; https://www.alstapingtools.com/10916-drive-chain/"
"TapeWorm","10962 - Torque Limiter Clutch Assembly","10962","","N/A","","","https://cdn11.bigcommerce.com/s-dbb3r9a7se/images/stencil/1280w/products/2413/2171/10962__69739.1675191909.png; https://www.alstapingtools.com/10962-torque-limiter-clutch-assembly/"
"TapeWorm","B404-0062 - U-Cup","8404-0062","","N/A","","","https://cdn11.bigcommerce.com/s-dbb3r9a7se/images/stencil/1280w/products/2403/3205/b404-0062__45402.1675191923.jpg | https://cdn11.bigcommerce.com/s-dbb3r9a7se/stencil/382d9e80-277d-013e-e48e-4a4f5670f649/e/04e821c0-e5dd-013e-f544-2ec1a3f21564/img/loading.svg; https://www.alstapingtools.com/b404-0062-u-cup/"
"TapeWorm","10953 - Strap Link","10953","","N/A","","","https://cdn11.bigcommerce.com/s-dbb3r9a7se/images/stencil/1280w/products/2386/5692/8163_media_1__88720.1748975312.jpg; https://www.alstapingtools.com/10953-strap-link/"
"TapeWorm","10734 - Valve Rotor","10734","","N/A","","","https://cdn11.bigcommerce.com/s-dbb3r9a7se/images/stencil/1280w/products/2382/1475/10734__58793.1675191899.jpg | https://cdn11.bigcommerce.com/s-dbb3r9a7se/stencil/382d9e80-277d-013e-e48e-4a4f5670f649/e/04e821c0-e5dd-013e-f544-2ec1a3f21564/img/loading.svg; https://www.alstapingtools.com/10734-valve-rotor/"
"TapeWorm","10940 - Wire Retainer Assy","10940","","N/A","","","https://cdn11.bigcommerce.com/s-dbb3r9a7se/stencil/382d9e80-277d-013e-e48e-4a4f5670f649/e/04e821c0-e5dd-013e-f544-2ec1a3f21564/img/ProductDefault.svg; https://www.alstapingtools.com/10940-wire-retainer-assy/"
"TapeWorm","10859-1 - Side Plate (Right)","10859-1","","N/A","","","https://cdn11.bigcommerce.com/s-dbb3r9a7se/stencil/382d9e80-277d-013e-e48e-4a4f5670f649/e/04e821c0-e5dd-013e-f544-2ec1a3f21564/img/ProductDefault.svg; https://www.alstapingtools.com/10859-1-side-plate-right/"
"TapeWorm","10798 - Cable Spool","10798","","N/A","","","https://cdn11.bigcommerce.com/s-dbb3r9a7se/images/stencil/1280w/products/2351/4220/tw_spool__01496.1675191937.jpg | https://cdn11.bigcommerce.com/s-dbb3r9a7se/stencil/382d9e80-277d-013e-e48e-4a4f5670f649/e/04e821c0-e5dd-013e-f544-2ec1a3f21564/img/loading.svg; https://www.alstapingtools.com/10798-cable-spool/"
"TapeWorm","10773 - Tape Spool Spring","10773","","N/A","","","https://cdn11.bigcommerce.com/s-dbb3r9a7se/images/stencil/1280w/products/2339/917/img_0084__32299.1675191891.jpg | https://cdn11.bigcommerce.com/s-dbb3r9a7se/stencil/382d9e80-277d-013e-e48e-4a4f5670f649/e/04e821c0-e5dd-013e-f544-2ec1a3f21564/img/loading.svg; https://www.alstapingtools.com/10773-tape-spool-spring/"
"TapeWorm","10808 - Corner Creaser Lever","10808","","N/A","","","https://cdn11.bigcommerce.com/s-dbb3r9a7se/images/stencil/1280w/products/2316/1381/img_0082__76848.1675191898.png; https://www.alstapingtools.com/10808-corner-creaser-lever/"
"TapeWorm","10924 - FLAT SPRING FOR TAPER","10924","","N/A","","","https://cdn11.bigcommerce.com/s-dbb3r9a7se/stencil/382d9e80-277d-013e-e48e-4a4f5670f649/e/04e821c0-e5dd-013e-f544-2ec1a3f21564/img/ProductDefault.svg | https://cdn11.bigcommerce.com/s-dbb3r9a7se/stencil/382d9e80-277d-013e-e48e-4a4f5670f649/e/04e821c0-e5dd-013e-f544-2ec1a3f21564/img/loading.svg; https://www.alstapingtools.com/10924-flat-spring-for-taper/"
"TapeWorm","10788 - End Cap","10788","","N/A","","","https://cdn11.bigcommerce.com/s-dbb3r9a7se/stencil/382d9e80-277d-013e-e48e-4a4f5670f649/e/04e821c0-e5dd-013e-f544-2ec1a3f21564/img/ProductDefault.svg | https://cdn11.bigcommerce.com/s-dbb3r9a7se/stencil/382d9e80-277d-013e-e48e-4a4f5670f649/e/04e821c0-e5dd-013e-f544-2ec1a3f21564/img/loading.svg; https://www.alstapingtools.com/10788-end-cap/"
"TapeWorm","10948 - Cam Ramp","10948","","N/A","","","https://cdn11.bigcommerce.com/s-dbb3r9a7se/images/stencil/1280w/products/2274/1429/img_0086__04556.1675191898.jpg; https://www.alstapingtools.com/10948-cam-ramp/"
"TapeWorm","Tapeworm 2.5"" Angle Head Drywall Corner Finisher Replacement Blade and Bullet Kit","g10433","","N/A","","","https://cdn11.bigcommerce.com/s-dbb3r9a7se/images/stencil/1280w/products/2262/1625/tw_25_kit__80660.1675191901.jpg | https://cdn11.bigcommerce.com/s-dbb3r9a7se/stencil/382d9e80-277d-013e-e48e-4a4f5670f649/e/04e821c0-e5dd-013e-f544-2ec1a3f21564/img/loading.svg; https://www.alstapingtools.com/tapeworm-2-5-angle-head-drywall-corner-finisher-replacement-blade-and-bullet-kit/"
"TapeWorm","10938 - Tape Retainer","10938","","N/A","","","https://cdn11.bigcommerce.com/s-dbb3r9a7se/stencil/382d9e80-277d-013e-e48e-4a4f5670f649/e/04e821c0-e5dd-013e-f544-2ec1a3f21564/img/ProductDefault.svg; https://www.alstapingtools.com/10938-tape-retainer/"
"TapeWorm","10819 - Fence","10819","","N/A","","","https://cdn11.bigcommerce.com/s-dbb3r9a7se/images/stencil/1280w/products/2244/5688/8214_media_1__74651.1748975310.jpg | https://cdn11.bigcommerce.com/s-dbb3r9a7se/stencil/382d9e80-277d-013e-e48e-4a4f5670f649/e/04e821c0-e5dd-013e-f544-2ec1a3f21564/img/loading.svg; https://www.alstapingtools.com/10819-fence/"
"TapeWorm","Tapeworm 3"" Angle Head Drywall Corner Finisher Replacement Blade and Bullet Kit","G10434","","N/A","","","https://cdn11.bigcommerce.com/s-dbb3r9a7se/images/stencil/1280w/products/2237/1402/tw_3_kit__86740.1675191898.jpg | https://cdn11.bigcommerce.com/s-dbb3r9a7se/stencil/382d9e80-277d-013e-e48e-4a4f5670f649/e/04e821c0-e5dd-013e-f544-2ec1a3f21564/img/loading.svg; https://www.alstapingtools.com/tapeworm-3-angle-head-drywall-corner-finisher-replacement-blade-and-bullet-kit/"
"TapeWorm","10859-2 - Side Blate (Left)","10859-2","","N/A","","","https://cdn11.bigcommerce.com/s-dbb3r9a7se/stencil/382d9e80-277d-013e-e48e-4a4f5670f649/e/04e821c0-e5dd-013e-f544-2ec1a3f21564/img/ProductDefault.svg; https://www.alstapingtools.com/10859-2-side-blate-left/"
"TapeWorm","10823 - Concave Roller Bushing","10823","","N/A","","","https://cdn11.bigcommerce.com/s-dbb3r9a7se/stencil/382d9e80-277d-013e-e48e-4a4f5670f649/e/04e821c0-e5dd-013e-f544-2ec1a3f21564/img/ProductDefault.svg | https://cdn11.bigcommerce.com/s-dbb3r9a7se/stencil/382d9e80-277d-013e-e48e-4a4f5670f649/e/04e821c0-e5dd-013e-f544-2ec1a3f21564/img/loading.svg; https://www.alstapingtools.com/10823-concave-roller-bushing/"
"TapeWorm","10768 - Back Up Rubber Washer","10768","","N/A","","","https://cdn11.bigcommerce.com/s-dbb3r9a7se/images/stencil/1280w/products/2196/574/img_5616_002___81714.1675191886.jpg | https://cdn11.bigcommerce.com/s-dbb3r9a7se/stencil/382d9e80-277d-013e-e48e-4a4f5670f649/e/04e821c0-e5dd-013e-f544-2ec1a3f21564/img/loading.svg; https://www.alstapingtools.com/10768-back-up-rubber-washer/"
"TapeWorm","10750 - Filler Neck","10750","","N/A","","","https://cdn11.bigcommerce.com/s-dbb3r9a7se/stencil/382d9e80-277d-013e-e48e-4a4f5670f649/e/04e821c0-e5dd-013e-f544-2ec1a3f21564/img/ProductDefault.svg | https://cdn11.bigcommerce.com/s-dbb3r9a7se/stencil/382d9e80-277d-013e-e48e-4a4f5670f649/e/04e821c0-e5dd-013e-f544-2ec1a3f21564/img/loading.svg; https://www.alstapingtools.com/10750-filler-neck/"
"TapeWorm","Tapeworm 4"" Angle Head Drywall Corner Finisher Replacement Blade and Bullet Kit","10435","","N/A","","","https://cdn11.bigcommerce.com/s-dbb3r9a7se/images/stencil/1280w/products/2182/4038/tw_4_kit__43756.1675191935.jpg; https://www.alstapingtools.com/tapeworm-4-angle-head-drywall-corner-finisher-replacement-blade-and-bullet-kit/"
"TapeWorm","2 - Nozzle for Gooseneck","10518","","N/A","","","https://cdn11.bigcommerce.com/s-dbb3r9a7se/stencil/382d9e80-277d-013e-e48e-4a4f5670f649/e/04e821c0-e5dd-013e-f544-2ec1a3f21564/img/ProductDefault.svg | https://cdn11.bigcommerce.com/s-dbb3r9a7se/stencil/382d9e80-277d-013e-e48e-4a4f5670f649/e/04e821c0-e5dd-013e-f544-2ec1a3f21564/img/loading.svg; https://www.alstapingtools.com/2-nozzle-for-gooseneck/"
"TapeWorm","10821 - Concave Roller","10821","","N/A","","","https://cdn11.bigcommerce.com/s-dbb3r9a7se/images/stencil/1280w/products/2171/1511/img_0090__13082.1675191899.jpg | https://cdn11.bigcommerce.com/s-dbb3r9a7se/stencil/382d9e80-277d-013e-e48e-4a4f5670f649/e/04e821c0-e5dd-013e-f544-2ec1a3f21564/img/loading.svg; https://www.alstapingtools.com/10821-concave-roller/"
"TapeWorm","10740 - Plenum Chamber","10740","","N/A","","","https://cdn11.bigcommerce.com/s-dbb3r9a7se/stencil/382d9e80-277d-013e-e48e-4a4f5670f649/e/04e821c0-e5dd-013e-f544-2ec1a3f21564/img/ProductDefault.svg; https://www.alstapingtools.com/10740-plenum-chamber/"
"TapeWorm","10892 - Cable Retainer","10892","","N/A","","","https://cdn11.bigcommerce.com/s-dbb3r9a7se/stencil/382d9e80-277d-013e-e48e-4a4f5670f649/e/04e821c0-e5dd-013e-f544-2ec1a3f21564/img/ProductDefault.svg | https://cdn11.bigcommerce.com/s-dbb3r9a7se/stencil/382d9e80-277d-013e-e48e-4a4f5670f649/e/04e821c0-e5dd-013e-f544-2ec1a3f21564/img/loading.svg; https://www.alstapingtools.com/10892-cable-retainer/"
"TapeWorm","10744 - Run-Fill Shaft","10744","","N/A","","","https://cdn11.bigcommerce.com/s-dbb3r9a7se/stencil/382d9e80-277d-013e-e48e-4a4f5670f649/e/04e821c0-e5dd-013e-f544-2ec1a3f21564/img/ProductDefault.svg; https://www.alstapingtools.com/10744-run-fill-shaft/"
"TapeWorm","10719-250 - Bumper Clamp Assy","10719-250","","N/A","","","https://cdn11.bigcommerce.com/s-dbb3r9a7se/stencil/382d9e80-277d-013e-e48e-4a4f5670f649/e/04e821c0-e5dd-013e-f544-2ec1a3f21564/img/ProductDefault.svg; https://www.alstapingtools.com/10719-250-bumper-clamp-assy/"
"TapeWorm","10709 - Threaded Stud","10709","","N/A","","","https://cdn11.bigcommerce.com/s-dbb3r9a7se/stencil/382d9e80-277d-013e-e48e-4a4f5670f649/e/04e821c0-e5dd-013e-f544-2ec1a3f21564/img/ProductDefault.svg; https://www.alstapingtools.com/10709-threaded-stud/"
"TapeWorm","10811 - Bumper","10811","","N/A","","","https://cdn11.bigcommerce.com/s-dbb3r9a7se/stencil/382d9e80-277d-013e-e48e-4a4f5670f649/e/04e821c0-e5dd-013e-f544-2ec1a3f21564/img/ProductDefault.svg; https://www.alstapingtools.com/10811-bumper/"
"TapeWorm","10736 - Idler Pulley","10736","","N/A","","","https://cdn11.bigcommerce.com/s-dbb3r9a7se/images/stencil/1280w/products/2065/3661/10736__91542.1675191930.jpg | https://cdn11.bigcommerce.com/s-dbb3r9a7se/stencil/382d9e80-277d-013e-e48e-4a4f5670f649/e/04e821c0-e5dd-013e-f544-2ec1a3f21564/img/loading.svg; https://www.alstapingtools.com/10736-idler-pulley/"
"TapeWorm","10769 - Cap Nut","10769","","N/A","","","https://cdn11.bigcommerce.com/s-dbb3r9a7se/images/stencil/1280w/products/2028/1718/059206__62396.1675191902.jpg; https://www.alstapingtools.com/10769-cap-nut/"
"TapeWorm","10820 - Control Tube Assy","10820","","N/A","","","https://cdn11.bigcommerce.com/s-dbb3r9a7se/stencil/382d9e80-277d-013e-e48e-4a4f5670f649/e/04e821c0-e5dd-013e-f544-2ec1a3f21564/img/ProductDefault.svg | https://cdn11.bigcommerce.com/s-dbb3r9a7se/stencil/382d9e80-277d-013e-e48e-4a4f5670f649/e/04e821c0-e5dd-013e-f544-2ec1a3f21564/img/loading.svg; https://www.alstapingtools.com/10820-control-tube-assy/"
"TapeWorm","10907 - Corner Strap","10907","","N/A","","","https://cdn11.bigcommerce.com/s-dbb3r9a7se/stencil/382d9e80-277d-013e-e48e-4a4f5670f649/e/04e821c0-e5dd-013e-f544-2ec1a3f21564/img/ProductDefault.svg | https://cdn11.bigcommerce.com/s-dbb3r9a7se/stencil/382d9e80-277d-013e-e48e-4a4f5670f649/e/04e821c0-e5dd-013e-f544-2ec1a3f21564/img/loading.svg; https://www.alstapingtools.com/10907-corner-strap/"
"TapeWorm","10771 - Cylindrical Magnet","10771","","N/A","","","https://cdn11.bigcommerce.com/s-dbb3r9a7se/stencil/382d9e80-277d-013e-e48e-4a4f5670f649/e/04e821c0-e5dd-013e-f544-2ec1a3f21564/img/ProductDefault.svg | https://cdn11.bigcommerce.com/s-dbb3r9a7se/stencil/382d9e80-277d-013e-e48e-4a4f5670f649/e/04e821c0-e5dd-013e-f544-2ec1a3f21564/img/loading.svg; https://www.alstapingtools.com/10771-cylindrical-magnet/"
"TapeWorm","10902 - TapeWorm Main Tube","10902","","N/A","","","https://cdn11.bigcommerce.com/s-dbb3r9a7se/stencil/382d9e80-277d-013e-e48e-4a4f5670f649/e/04e821c0-e5dd-013e-f544-2ec1a3f21564/img/ProductDefault.svg | https://cdn11.bigcommerce.com/s-dbb3r9a7se/stencil/382d9e80-277d-013e-e48e-4a4f5670f649/e/04e821c0-e5dd-013e-f544-2ec1a3f21564/img/loading.svg; https://www.alstapingtools.com/10902-tapeworm-main-tube/"
"TapeWorm","10958 - Busing Guide","10958","","N/A","","","https://cdn11.bigcommerce.com/s-dbb3r9a7se/stencil/382d9e80-277d-013e-e48e-4a4f5670f649/e/04e821c0-e5dd-013e-f544-2ec1a3f21564/img/ProductDefault.svg; https://www.alstapingtools.com/10958-busing-guide/"
"TapeWorm","10789 - Spool Shaft (No Spring)","10789","","N/A","","","https://cdn11.bigcommerce.com/s-dbb3r9a7se/stencil/382d9e80-277d-013e-e48e-4a4f5670f649/e/04e821c0-e5dd-013e-f544-2ec1a3f21564/img/ProductDefault.svg; https://www.alstapingtools.com/10789-spool-shaft-no-spring/"
"TapeWorm","10738 - Head Ring","10738","","N/A","","","https://cdn11.bigcommerce.com/s-dbb3r9a7se/stencil/382d9e80-277d-013e-e48e-4a4f5670f649/e/04e821c0-e5dd-013e-f544-2ec1a3f21564/img/ProductDefault.svg | https://cdn11.bigcommerce.com/s-dbb3r9a7se/stencil/382d9e80-277d-013e-e48e-4a4f5670f649/e/04e821c0-e5dd-013e-f544-2ec1a3f21564/img/loading.svg; https://www.alstapingtools.com/10738-head-ring/"
"TapeWorm","O-Ring for Head - SOR-4454","SOR-4454","","N/A","","","https://cdn11.bigcommerce.com/s-dbb3r9a7se/stencil/382d9e80-277d-013e-e48e-4a4f5670f649/e/04e821c0-e5dd-013e-f544-2ec1a3f21564/img/ProductDefault.svg | https://cdn11.bigcommerce.com/s-dbb3r9a7se/stencil/382d9e80-277d-013e-e48e-4a4f5670f649/e/04e821c0-e5dd-013e-f544-2ec1a3f21564/img/loading.svg; https://www.alstapingtools.com/o-ring-for-head-sor-4454/"
"TapeWorm","Blade Spring - 0045","0045","","N/A","","","https://cdn11.bigcommerce.com/s-dbb3r9a7se/images/stencil/1280w/products/1867/2800/050132f_2__49728.1675191918.jpg; https://www.alstapingtools.com/blade-spring-0045/"
"TapeWorm","10128 - TapeWorm Box Wheel","10128","","N/A","","","https://cdn11.bigcommerce.com/s-dbb3r9a7se/stencil/382d9e80-277d-013e-e48e-4a4f5670f649/e/04e821c0-e5dd-013e-f544-2ec1a3f21564/img/ProductDefault.svg | https://cdn11.bigcommerce.com/s-dbb3r9a7se/stencil/382d9e80-277d-013e-e48e-4a4f5670f649/e/04e821c0-e5dd-013e-f544-2ec1a3f21564/img/loading.svg; https://www.alstapingtools.com/10128-tapeworm-box-wheel/"
"TapeWorm","10906 - Primary Cable Assy","10906","","N/A","","","https://cdn11.bigcommerce.com/s-dbb3r9a7se/images/stencil/1280w/products/1858/1197/primart_clean___05648.1675191895.jpg | https://cdn11.bigcommerce.com/s-dbb3r9a7se/stencil/382d9e80-277d-013e-e48e-4a4f5670f649/e/04e821c0-e5dd-013e-f544-2ec1a3f21564/img/loading.svg; https://www.alstapingtools.com/10906-primary-cable-assy/"
"TapeWorm","10912 - Drive Sprocket","10912","","N/A","","","https://cdn11.bigcommerce.com/s-dbb3r9a7se/images/stencil/1280w/products/1838/5691/10912__35670.1748975312.jpg | https://cdn11.bigcommerce.com/s-dbb3r9a7se/stencil/382d9e80-277d-013e-e48e-4a4f5670f649/e/04e821c0-e5dd-013e-f544-2ec1a3f21564/img/loading.svg; https://www.alstapingtools.com/10912-drive-sprocket/"
"TapeWorm","10111-120 - TapeWorm Flat Box Seal 12""","10111-120","","N/A","","","https://cdn11.bigcommerce.com/s-dbb3r9a7se/images/stencil/1280w/products/1835/5028/300026f_3__33781.1675191949.jpg | https://cdn11.bigcommerce.com/s-dbb3r9a7se/stencil/382d9e80-277d-013e-e48e-4a4f5670f649/e/04e821c0-e5dd-013e-f544-2ec1a3f21564/img/loading.svg; https://www.alstapingtools.com/10111-120-tapeworm-flat-box-seal-12/"
"TapeWorm","43 - (PRP568-331) ""O"" Ring","PRP568-331","","N/A","","","https://cdn11.bigcommerce.com/s-dbb3r9a7se/images/stencil/1280w/products/1813/2291/139011_1__80958.1675191911.jpg | https://cdn11.bigcommerce.com/s-dbb3r9a7se/stencil/382d9e80-277d-013e-e48e-4a4f5670f649/e/04e821c0-e5dd-013e-f544-2ec1a3f21564/img/loading.svg; https://www.alstapingtools.com/43-prp568-331-o-ring/"
"TapeWorm","10828 - Tape Guide","10828","","N/A","","","https://cdn11.bigcommerce.com/s-dbb3r9a7se/stencil/382d9e80-277d-013e-e48e-4a4f5670f649/e/04e821c0-e5dd-013e-f544-2ec1a3f21564/img/ProductDefault.svg; https://www.alstapingtools.com/10828-tape-guide/"
"TapeWorm","10111-100 - TapeWorm Flat Box Seal 10""","10111-100","","N/A","","","https://cdn11.bigcommerce.com/s-dbb3r9a7se/images/stencil/1280w/products/1807/1578/250026f_3__66011.1675191900.jpg | https://cdn11.bigcommerce.com/s-dbb3r9a7se/stencil/382d9e80-277d-013e-e48e-4a4f5670f649/e/04e821c0-e5dd-013e-f544-2ec1a3f21564/img/loading.svg; https://www.alstapingtools.com/10111-100-tapeworm-flat-box-seal-10/"
"TapeWorm","42 - (10579QC) Boss","10579QC","","N/A","","","https://cdn11.bigcommerce.com/s-dbb3r9a7se/images/stencil/1280w/products/1775/1220/149028_2__94659.1675191895.jpg; https://www.alstapingtools.com/42-10579qc-boss/"
"TapeWorm","10751 - Rear Tape Guide","10751","","N/A","","","https://cdn11.bigcommerce.com/s-dbb3r9a7se/stencil/382d9e80-277d-013e-e48e-4a4f5670f649/e/04e821c0-e5dd-013e-f544-2ec1a3f21564/img/ProductDefault.svg; https://www.alstapingtools.com/10751-rear-tape-guide/"
"TapeWorm","10111-80 - TapeWorm Flat Box Seal 8""","10111-80","","N/A","","","https://cdn11.bigcommerce.com/s-dbb3r9a7se/images/stencil/1280w/products/1759/1108/200026f_2__63318.1675191894.jpg; https://www.alstapingtools.com/10111-80-tapeworm-flat-box-seal-8/"
"TapeWorm","10926 - Advance Needle","10926","","N/A","","","https://cdn11.bigcommerce.com/s-dbb3r9a7se/images/stencil/1280w/products/1753/767/059049_2__34453.1675191889.jpg; https://www.alstapingtools.com/10926-advance-needle/"
"TapeWorm","811111 - Flat Washer #10","811111","","N/A","","","https://cdn11.bigcommerce.com/s-dbb3r9a7se/images/stencil/1280w/products/1743/1020/050599__58687.1675191893.jpg; https://www.alstapingtools.com/811111-flat-washer-10/"
"TapeWorm","TapeWorm Box Spring - 0055","0055","","N/A","","","https://cdn11.bigcommerce.com/s-dbb3r9a7se/stencil/382d9e80-277d-013e-e48e-4a4f5670f649/e/04e821c0-e5dd-013e-f544-2ec1a3f21564/img/ProductDefault.svg | https://cdn11.bigcommerce.com/s-dbb3r9a7se/stencil/382d9e80-277d-013e-e48e-4a4f5670f649/e/04e821c0-e5dd-013e-f544-2ec1a3f21564/img/loading.svg; https://www.alstapingtools.com/tapeworm-box-spring-0055/"
"TapeWorm","10756 - Shock Washer","10756","","N/A","","","https://cdn11.bigcommerce.com/s-dbb3r9a7se/stencil/382d9e80-277d-013e-e48e-4a4f5670f649/e/04e821c0-e5dd-013e-f544-2ec1a3f21564/img/ProductDefault.svg | https://cdn11.bigcommerce.com/s-dbb3r9a7se/stencil/382d9e80-277d-013e-e48e-4a4f5670f649/e/04e821c0-e5dd-013e-f544-2ec1a3f21564/img/loading.svg; https://www.alstapingtools.com/10756-shock-washer/"
"TapeWorm","40 - (10548QC) Tube Housing","10548QC","","N/A","","","https://cdn11.bigcommerce.com/s-dbb3r9a7se/stencil/382d9e80-277d-013e-e48e-4a4f5670f649/e/04e821c0-e5dd-013e-f544-2ec1a3f21564/img/ProductDefault.svg; https://www.alstapingtools.com/40-10548qc-tube-housing/"
"TapeWorm","10116 - TapeWorm Box Shoe (Universal)","10116","","N/A","","","https://cdn11.bigcommerce.com/s-dbb3r9a7se/stencil/382d9e80-277d-013e-e48e-4a4f5670f649/e/04e821c0-e5dd-013e-f544-2ec1a3f21564/img/ProductDefault.svg | https://cdn11.bigcommerce.com/s-dbb3r9a7se/stencil/382d9e80-277d-013e-e48e-4a4f5670f649/e/04e821c0-e5dd-013e-f544-2ec1a3f21564/img/loading.svg; https://www.alstapingtools.com/10116-tapeworm-box-shoe-universal/"
"TapeWorm","Spring - 0059","0059","","N/A","","","https://cdn11.bigcommerce.com/s-dbb3r9a7se/images/stencil/1280w/products/1702/1946/059362-hires-lores__33732.1675191906.jpg; https://www.alstapingtools.com/spring-0059/"
"TapeWorm","10898 - Ramp","10898","","N/A","","","https://cdn11.bigcommerce.com/s-dbb3r9a7se/stencil/382d9e80-277d-013e-e48e-4a4f5670f649/e/04e821c0-e5dd-013e-f544-2ec1a3f21564/img/ProductDefault.svg; https://www.alstapingtools.com/10898-ramp/"
"TapeWorm","TapeWorm Loading Pump Rebuild Kit","10500RK","","N/A","","","https://cdn11.bigcommerce.com/s-dbb3r9a7se/images/stencil/1280w/products/1679/2441/tapeworm_pump_kit_1__50339.1675191913.jpg; https://www.alstapingtools.com/tapeworm-loading-pump-rebuild-kit/"
"TapeWorm","10311 - Shoulder Bolt","10311","","N/A","","","https://cdn11.bigcommerce.com/s-dbb3r9a7se/images/stencil/1280w/products/1676/1987/559017_4__14304.1675191906.jpg | https://cdn11.bigcommerce.com/s-dbb3r9a7se/stencil/382d9e80-277d-013e-e48e-4a4f5670f649/e/04e821c0-e5dd-013e-f544-2ec1a3f21564/img/loading.svg; https://www.alstapingtools.com/10311-shoulder-bolt/"
"TapeWorm","10155-120 - Blade Carrier 12""","10155-120","","N/A","","","https://cdn11.bigcommerce.com/s-dbb3r9a7se/stencil/382d9e80-277d-013e-e48e-4a4f5670f649/e/04e821c0-e5dd-013e-f544-2ec1a3f21564/img/ProductDefault.svg | https://cdn11.bigcommerce.com/s-dbb3r9a7se/stencil/382d9e80-277d-013e-e48e-4a4f5670f649/e/04e821c0-e5dd-013e-f544-2ec1a3f21564/img/loading.svg; https://www.alstapingtools.com/10155-120-blade-carrier-12/"
"TapeWorm","10449 - Front Clip Assy","10449","","N/A","","","https://cdn11.bigcommerce.com/s-dbb3r9a7se/stencil/382d9e80-277d-013e-e48e-4a4f5670f649/e/04e821c0-e5dd-013e-f544-2ec1a3f21564/img/ProductDefault.svg | https://cdn11.bigcommerce.com/s-dbb3r9a7se/stencil/382d9e80-277d-013e-e48e-4a4f5670f649/e/04e821c0-e5dd-013e-f544-2ec1a3f21564/img/loading.svg; https://www.alstapingtools.com/10449-front-clip-assy/"
"TapeWorm","39 - (811111) Flat Washer #10","811111-A","","N/A","","","https://cdn11.bigcommerce.com/s-dbb3r9a7se/images/stencil/1280w/products/1669/1395/219095_1__51602.1675191898.jpg; https://www.alstapingtools.com/39-811111-flat-washer-10/"
"TapeWorm","10316 - Position Plate","10316","","N/A","","","https://cdn11.bigcommerce.com/s-dbb3r9a7se/images/stencil/1280w/products/1652/2942/800016_1__46858.1675191920.jpg | https://cdn11.bigcommerce.com/s-dbb3r9a7se/stencil/382d9e80-277d-013e-e48e-4a4f5670f649/e/04e821c0-e5dd-013e-f544-2ec1a3f21564/img/loading.svg; https://www.alstapingtools.com/10316-position-plate/"
"TapeWorm","109229 - HOOK, SNAP","109229","","N/A","","","https://cdn11.bigcommerce.com/s-dbb3r9a7se/stencil/382d9e80-277d-013e-e48e-4a4f5670f649/e/04e821c0-e5dd-013e-f544-2ec1a3f21564/img/ProductDefault.svg; https://www.alstapingtools.com/109229-hook-snap/"
"TapeWorm","10155-100 - Blade Carrier 10""","10155-100","","N/A","","","https://cdn11.bigcommerce.com/s-dbb3r9a7se/stencil/382d9e80-277d-013e-e48e-4a4f5670f649/e/04e821c0-e5dd-013e-f544-2ec1a3f21564/img/ProductDefault.svg | https://cdn11.bigcommerce.com/s-dbb3r9a7se/stencil/382d9e80-277d-013e-e48e-4a4f5670f649/e/04e821c0-e5dd-013e-f544-2ec1a3f21564/img/loading.svg; https://www.alstapingtools.com/10155-100-blade-carrier-10/"
"TapeWorm","38 - (10566) Gasket","10566","","N/A","","","https://cdn11.bigcommerce.com/s-dbb3r9a7se/stencil/382d9e80-277d-013e-e48e-4a4f5670f649/e/04e821c0-e5dd-013e-f544-2ec1a3f21564/img/ProductDefault.svg | https://cdn11.bigcommerce.com/s-dbb3r9a7se/stencil/382d9e80-277d-013e-e48e-4a4f5670f649/e/04e821c0-e5dd-013e-f544-2ec1a3f21564/img/loading.svg; https://www.alstapingtools.com/38-10566-gasket/"
"TapeWorm","10770 - Piston","10770","","N/A","","","https://cdn11.bigcommerce.com/s-dbb3r9a7se/stencil/382d9e80-277d-013e-e48e-4a4f5670f649/e/04e821c0-e5dd-013e-f544-2ec1a3f21564/img/ProductDefault.svg | https://cdn11.bigcommerce.com/s-dbb3r9a7se/stencil/382d9e80-277d-013e-e48e-4a4f5670f649/e/04e821c0-e5dd-013e-f544-2ec1a3f21564/img/loading.svg; https://www.alstapingtools.com/10770-piston/"
"TapeWorm","10766 - Piston Washer","10766","","N/A","","","https://cdn11.bigcommerce.com/s-dbb3r9a7se/stencil/382d9e80-277d-013e-e48e-4a4f5670f649/e/04e821c0-e5dd-013e-f544-2ec1a3f21564/img/ProductDefault.svg; https://www.alstapingtools.com/10766-piston-washer/"
"TapeWorm","37 - (811109) #10 Lock Washer","811109","","N/A","","","https://cdn11.bigcommerce.com/s-dbb3r9a7se/images/stencil/1280w/products/1584/4800/059016_2__65563.1675191946.jpg; https://www.alstapingtools.com/37-811109-10-lock-washer/"
"TapeWorm","10155-80 - Blade Carrier 8""","10155-80","","N/A","","","https://cdn11.bigcommerce.com/s-dbb3r9a7se/stencil/382d9e80-277d-013e-e48e-4a4f5670f649/e/04e821c0-e5dd-013e-f544-2ec1a3f21564/img/ProductDefault.svg | https://cdn11.bigcommerce.com/s-dbb3r9a7se/stencil/382d9e80-277d-013e-e48e-4a4f5670f649/e/04e821c0-e5dd-013e-f544-2ec1a3f21564/img/loading.svg; https://www.alstapingtools.com/10155-80-blade-carrier-8/"
"TapeWorm","10838 - Front Cross Member","10838","","N/A","","","https://cdn11.bigcommerce.com/s-dbb3r9a7se/stencil/382d9e80-277d-013e-e48e-4a4f5670f649/e/04e821c0-e5dd-013e-f544-2ec1a3f21564/img/ProductDefault.svg; https://www.alstapingtools.com/10838-front-cross-member/"
"TapeWorm","10708 - Main Roller Shell","10708","","N/A","","","https://cdn11.bigcommerce.com/s-dbb3r9a7se/stencil/382d9e80-277d-013e-e48e-4a4f5670f649/e/04e821c0-e5dd-013e-f544-2ec1a3f21564/img/ProductDefault.svg; https://www.alstapingtools.com/10708-main-roller-shell/"
"TapeWorm","10108-80 - TapeWorm Box Blade 8""","10108-80","","N/A","","","https://cdn11.bigcommerce.com/s-dbb3r9a7se/images/stencil/1280w/products/1551/2691/200001_4__08569.1675191916.jpg | https://cdn11.bigcommerce.com/s-dbb3r9a7se/stencil/382d9e80-277d-013e-e48e-4a4f5670f649/e/04e821c0-e5dd-013e-f544-2ec1a3f21564/img/loading.svg; https://www.alstapingtools.com/10108-80-tapeworm-box-blade-8/"
"TapeWorm","5 - (10532) Seal Plate","10532","","N/A","","","https://cdn11.bigcommerce.com/s-dbb3r9a7se/images/stencil/1280w/products/952/2715/700008__34614.1675191917.jpg | https://cdn11.bigcommerce.com/s-dbb3r9a7se/stencil/382d9e80-277d-013e-e48e-4a4f5670f649/e/04e821c0-e5dd-013e-f544-2ec1a3f21564/img/loading.svg; https://www.alstapingtools.com/5-10532-seal-plate/"
"TapeWorm","4 - (10531-5) Bushing Long","10531-5","","N/A","","","https://cdn11.bigcommerce.com/s-dbb3r9a7se/images/stencil/1280w/products/932/4029/151011_1__72371.1675191935.jpg | https://cdn11.bigcommerce.com/s-dbb3r9a7se/stencil/382d9e80-277d-013e-e48e-4a4f5670f649/e/04e821c0-e5dd-013e-f544-2ec1a3f21564/img/loading.svg; https://www.alstapingtools.com/4-10531-5-bushing-long/"
"TapeWorm","3 - (10531-3) Bushing Short","10531-3","","N/A","","","https://cdn11.bigcommerce.com/s-dbb3r9a7se/stencil/382d9e80-277d-013e-e48e-4a4f5670f649/e/04e821c0-e5dd-013e-f544-2ec1a3f21564/img/ProductDefault.svg; https://www.alstapingtools.com/3-10531-3-bushing-short/"
"TapeWorm","2 - (10522QC) Pump Head","10522QC","","N/A","","","https://cdn11.bigcommerce.com/s-dbb3r9a7se/stencil/382d9e80-277d-013e-e48e-4a4f5670f649/e/04e821c0-e5dd-013e-f544-2ec1a3f21564/img/ProductDefault.svg; https://www.alstapingtools.com/2-10522qc-pump-head/"
"TapeWorm","1 - (10520) Pump Handle","10520","","N/A","","","https://cdn11.bigcommerce.com/s-dbb3r9a7se/stencil/382d9e80-277d-013e-e48e-4a4f5670f649/e/04e821c0-e5dd-013e-f544-2ec1a3f21564/img/ProductDefault.svg; https://www.alstapingtools.com/1-10520-pump-handle/"
"TapeWorm","6 - (10534) Piston","10534","","N/A","","","https://cdn11.bigcommerce.com/s-dbb3r9a7se/stencil/382d9e80-277d-013e-e48e-4a4f5670f649/e/04e821c0-e5dd-013e-f544-2ec1a3f21564/img/ProductDefault.svg; https://www.alstapingtools.com/6-10534-piston/"
"Porter-Cable","Gear Lubricant, 5 1/2 Oz. For Porter Cable Drywall Sander PC7800 #878499","PC878499","","N/A","","","https://cdn11.bigcommerce.com/s-dbb3r9a7se/images/stencil/1280w/products/2484/1478/pc_greade__18207.1675191899.jpg; https://www.alstapingtools.com/gear-lubricant-5-1-2-oz-for-porter-cable-drywall-sander-pc7800-878499/"
"Porter-Cable","109 - Cord Clamp","PC861434","","N/A","","","https://cdn11.bigcommerce.com/s-dbb3r9a7se/images/stencil/1280w/products/3058/5847/screenshot_2023-09-22_151203__77774.1748975404.png | https://cdn11.bigcommerce.com/s-dbb3r9a7se/stencil/382d9e80-277d-013e-e48e-4a4f5670f649/e/04e821c0-e5dd-013e-f544-2ec1a3f21564/img/loading.svg; https://www.alstapingtools.com/109-cord-clamp/"
"Porter-Cable","142 - Screw","PC859384","","N/A","","","https://cdn11.bigcommerce.com/s-dbb3r9a7se/images/stencil/1280w/products/3028/3798/859384_toolp__18677.1675191932.jpg | https://cdn11.bigcommerce.com/s-dbb3r9a7se/stencil/382d9e80-277d-013e-e48e-4a4f5670f649/e/04e821c0-e5dd-013e-f544-2ec1a3f21564/img/loading.svg; https://www.alstapingtools.com/142-screw/"
"Porter-Cable","121 - Hose Clamp","PC884843","","N/A","","","https://cdn11.bigcommerce.com/s-dbb3r9a7se/images/stencil/1280w/products/3016/1695/lg-por884843_l__68684.1675191902.jpg | https://cdn11.bigcommerce.com/s-dbb3r9a7se/stencil/382d9e80-277d-013e-e48e-4a4f5670f649/e/04e821c0-e5dd-013e-f544-2ec1a3f21564/img/loading.svg; https://www.alstapingtools.com/121-hose-clamp/"
"Porter-Cable","160 - Internal Lock Washer","PC802429","","N/A","","","https://cdn11.bigcommerce.com/s-dbb3r9a7se/stencil/382d9e80-277d-013e-e48e-4a4f5670f649/e/04e821c0-e5dd-013e-f544-2ec1a3f21564/img/ProductDefault.svg | https://cdn11.bigcommerce.com/s-dbb3r9a7se/stencil/382d9e80-277d-013e-e48e-4a4f5670f649/e/04e821c0-e5dd-013e-f544-2ec1a3f21564/img/loading.svg; https://www.alstapingtools.com/160-internal-lock-washer/"
"Porter-Cable","161 - Screw","PC681637","","N/A","","","https://cdn11.bigcommerce.com/s-dbb3r9a7se/stencil/382d9e80-277d-013e-e48e-4a4f5670f649/e/04e821c0-e5dd-013e-f544-2ec1a3f21564/img/ProductDefault.svg | https://cdn11.bigcommerce.com/s-dbb3r9a7se/stencil/382d9e80-277d-013e-e48e-4a4f5670f649/e/04e821c0-e5dd-013e-f544-2ec1a3f21564/img/loading.svg; https://www.alstapingtools.com/161-screw/"
"Porter-Cable","112 - Clamp Ring","PC877771","","N/A","","","https://cdn11.bigcommerce.com/s-dbb3r9a7se/images/stencil/1280w/products/2961/1427/img_1295_clean___59124.1675191898.jpg | https://cdn11.bigcommerce.com/s-dbb3r9a7se/stencil/382d9e80-277d-013e-e48e-4a4f5670f649/e/04e821c0-e5dd-013e-f544-2ec1a3f21564/img/loading.svg; https://www.alstapingtools.com/112-clamp-ring/"
"Porter-Cable","120 - Tube Support Housing","PC889303","","N/A","","","https://cdn11.bigcommerce.com/s-dbb3r9a7se/images/stencil/1280w/products/2951/3252/lg-por889303_l__88573.1675191924.jpg | https://cdn11.bigcommerce.com/s-dbb3r9a7se/stencil/382d9e80-277d-013e-e48e-4a4f5670f649/e/04e821c0-e5dd-013e-f544-2ec1a3f21564/img/loading.svg; https://www.alstapingtools.com/120-tube-support-housing/"
"Porter-Cable","111 - Hose Clamp Nut","PC877772","","N/A","","","https://cdn11.bigcommerce.com/s-dbb3r9a7se/images/stencil/1280w/products/2931/2492/lg-por877772__47155.1675191913.jpg | https://cdn11.bigcommerce.com/s-dbb3r9a7se/stencil/382d9e80-277d-013e-e48e-4a4f5670f649/e/04e821c0-e5dd-013e-f544-2ec1a3f21564/img/loading.svg; https://www.alstapingtools.com/111-hose-clamp-nut/"
"Porter-Cable","125 - Long Guide Pin","PC879685","","N/A","","","https://cdn11.bigcommerce.com/s-dbb3r9a7se/images/stencil/1280w/products/2917/1447/lg-por879685_l__64843.1675191899.jpg | https://cdn11.bigcommerce.com/s-dbb3r9a7se/stencil/382d9e80-277d-013e-e48e-4a4f5670f649/e/04e821c0-e5dd-013e-f544-2ec1a3f21564/img/loading.svg; https://www.alstapingtools.com/125-long-guide-pin/"
"Porter-Cable","123 - Bellows","PC879772","","N/A","","","https://cdn11.bigcommerce.com/s-dbb3r9a7se/images/stencil/1280w/products/2903/651/img_1297_clean___61309.1675191887.jpg | https://cdn11.bigcommerce.com/s-dbb3r9a7se/stencil/382d9e80-277d-013e-e48e-4a4f5670f649/e/04e821c0-e5dd-013e-f544-2ec1a3f21564/img/loading.svg; https://www.alstapingtools.com/123-bellows/"
"Porter-Cable","100 - Main Tube","pc882168","","N/A","","","https://cdn11.bigcommerce.com/s-dbb3r9a7se/images/stencil/1280w/products/2890/1350/lg-por882168_l__76029.1675191897.jpg; https://www.alstapingtools.com/100-main-tube/"
"Porter-Cable","128 - Hose at Head","PCA01929","","N/A","","","https://cdn11.bigcommerce.com/s-dbb3r9a7se/images/stencil/1280w/products/2866/3143/lg-pora01929_l__14515.1675191922.jpg; https://www.alstapingtools.com/128-hose-at-head/"
"Porter-Cable","139 - Screw","PC848565","","N/A","","","https://cdn11.bigcommerce.com/s-dbb3r9a7se/images/stencil/1280w/products/2841/3628/848565__31911.1675191929.jpg | https://cdn11.bigcommerce.com/s-dbb3r9a7se/stencil/382d9e80-277d-013e-e48e-4a4f5670f649/e/04e821c0-e5dd-013e-f544-2ec1a3f21564/img/loading.svg; https://www.alstapingtools.com/139-screw/"
"Porter-Cable","126 - Short Guide Pin","PC879686","","N/A","","","https://cdn11.bigcommerce.com/s-dbb3r9a7se/images/stencil/1280w/products/2839/4376/short_pin__19938.1675191940.jpg | https://cdn11.bigcommerce.com/s-dbb3r9a7se/stencil/382d9e80-277d-013e-e48e-4a4f5670f649/e/04e821c0-e5dd-013e-f544-2ec1a3f21564/img/loading.svg; https://www.alstapingtools.com/126-short-guide-pin/"
"Porter-Cable","116 - Right Support Arm","PC877725","","N/A","","","https://cdn11.bigcommerce.com/s-dbb3r9a7se/images/stencil/1280w/products/2832/2744/lg-por877725_l_1___41002.1675191917.jpg | https://cdn11.bigcommerce.com/s-dbb3r9a7se/stencil/382d9e80-277d-013e-e48e-4a4f5670f649/e/04e821c0-e5dd-013e-f544-2ec1a3f21564/img/loading.svg; https://www.alstapingtools.com/116-right-support-arm/"
"Porter-Cable","127 - Support Housing","PC899234","","N/A","","","https://cdn11.bigcommerce.com/s-dbb3r9a7se/images/stencil/1280w/products/2823/1006/899234__06684.1675191892.jpg | https://cdn11.bigcommerce.com/s-dbb3r9a7se/stencil/382d9e80-277d-013e-e48e-4a4f5670f649/e/04e821c0-e5dd-013e-f544-2ec1a3f21564/img/loading.svg; https://www.alstapingtools.com/127-support-housing/"
"Porter-Cable","130 - Pad Housing","PC887492","","N/A","","","https://cdn11.bigcommerce.com/s-dbb3r9a7se/images/stencil/1280w/products/2802/3931/lg-por887492_l__81464.1675191933.jpg | https://cdn11.bigcommerce.com/s-dbb3r9a7se/stencil/382d9e80-277d-013e-e48e-4a4f5670f649/e/04e821c0-e5dd-013e-f544-2ec1a3f21564/img/loading.svg; https://www.alstapingtools.com/130-pad-housing/"
"Porter-Cable","141 - Screw","pc878813","","N/A","","","https://cdn11.bigcommerce.com/s-dbb3r9a7se/stencil/382d9e80-277d-013e-e48e-4a4f5670f649/e/04e821c0-e5dd-013e-f544-2ec1a3f21564/img/ProductDefault.svg | https://cdn11.bigcommerce.com/s-dbb3r9a7se/stencil/382d9e80-277d-013e-e48e-4a4f5670f649/e/04e821c0-e5dd-013e-f544-2ec1a3f21564/img/loading.svg; https://www.alstapingtools.com/141-screw/"
"Porter-Cable","108 - Brush Insulator","PC694298","","N/A","","","https://cdn11.bigcommerce.com/s-dbb3r9a7se/images/stencil/1280w/products/2741/393/lg-por694298__49703.1675191883.jpg | https://cdn11.bigcommerce.com/s-dbb3r9a7se/stencil/382d9e80-277d-013e-e48e-4a4f5670f649/e/04e821c0-e5dd-013e-f544-2ec1a3f21564/img/loading.svg; https://www.alstapingtools.com/108-brush-insulator/"
"Porter-Cable","156 - Screw","PC864137","","N/A","","","https://cdn11.bigcommerce.com/s-dbb3r9a7se/images/stencil/1280w/products/2709/1562/lg-por864137_l__40783.1675191900.jpg | https://cdn11.bigcommerce.com/s-dbb3r9a7se/stencil/382d9e80-277d-013e-e48e-4a4f5670f649/e/04e821c0-e5dd-013e-f544-2ec1a3f21564/img/loading.svg; https://www.alstapingtools.com/156-screw/"
"Porter-Cable","138 - Dust Plug","PC879770","","N/A","","","https://cdn11.bigcommerce.com/s-dbb3r9a7se/images/stencil/1280w/products/2646/5848/dust_plug__48509.1748975404.jpg | https://cdn11.bigcommerce.com/s-dbb3r9a7se/stencil/382d9e80-277d-013e-e48e-4a4f5670f649/e/04e821c0-e5dd-013e-f544-2ec1a3f21564/img/loading.svg; https://www.alstapingtools.com/138-dust-plug/"
"Porter-Cable","Carbon Brush for DeWalt DW130V","DEW65521302","","N/A","","","https://cdn11.bigcommerce.com/s-dbb3r9a7se/images/stencil/1280w/products/2641/4969/lg-dew65521302_l__37079.1675191948.jpg | https://cdn11.bigcommerce.com/s-dbb3r9a7se/stencil/382d9e80-277d-013e-e48e-4a4f5670f649/e/04e821c0-e5dd-013e-f544-2ec1a3f21564/img/loading.svg; https://www.alstapingtools.com/carbon-brush-for-dewalt-dw130v/"
"Porter-Cable","119 - Tube Clamp Plate #877733","PC877733","","N/A","","","https://cdn11.bigcommerce.com/s-dbb3r9a7se/images/stencil/1280w/products/2630/2493/877733__38590.1675191913.jpg | https://cdn11.bigcommerce.com/s-dbb3r9a7se/stencil/382d9e80-277d-013e-e48e-4a4f5670f649/e/04e821c0-e5dd-013e-f544-2ec1a3f21564/img/loading.svg; https://www.alstapingtools.com/119-tube-clamp-plate-877733/"
"Porter-Cable","174 - Hose Connector","PC890961","","N/A","","","https://cdn11.bigcommerce.com/s-dbb3r9a7se/images/stencil/1280w/products/2622/3044/pc890961__08153.1675191921.jpg | https://cdn11.bigcommerce.com/s-dbb3r9a7se/stencil/382d9e80-277d-013e-e48e-4a4f5670f649/e/04e821c0-e5dd-013e-f544-2ec1a3f21564/img/loading.svg; https://www.alstapingtools.com/174-hose-connector/"
"Porter-Cable","137 - Strain Reliever","PC810716","","N/A","","","https://cdn11.bigcommerce.com/s-dbb3r9a7se/images/stencil/1280w/products/2592/3095/lg-por810716__27282.1675191922.jpg | https://cdn11.bigcommerce.com/s-dbb3r9a7se/stencil/382d9e80-277d-013e-e48e-4a4f5670f649/e/04e821c0-e5dd-013e-f544-2ec1a3f21564/img/loading.svg; https://www.alstapingtools.com/137-strain-reliever/"
"Porter-Cable","114 - Support Tube #645825","PC645825","","N/A","","","https://cdn11.bigcommerce.com/s-dbb3r9a7se/images/stencil/1280w/products/2590/1203/645825__90950.1675191895.jpg | https://cdn11.bigcommerce.com/s-dbb3r9a7se/stencil/382d9e80-277d-013e-e48e-4a4f5670f649/e/04e821c0-e5dd-013e-f544-2ec1a3f21564/img/loading.svg; https://www.alstapingtools.com/114-support-tube-645825/"
"Porter-Cable","113 - Guide Tube","PC877774","","N/A","","","https://cdn11.bigcommerce.com/s-dbb3r9a7se/images/stencil/1280w/products/2584/4278/877774_1_3000x3000__72773.1675191938.jpg | https://cdn11.bigcommerce.com/s-dbb3r9a7se/stencil/382d9e80-277d-013e-e48e-4a4f5670f649/e/04e821c0-e5dd-013e-f544-2ec1a3f21564/img/loading.svg; https://www.alstapingtools.com/113-guide-tube/"
"Porter-Cable","117 - Nylon Bushing","PC877730","","N/A","","","https://cdn11.bigcommerce.com/s-dbb3r9a7se/images/stencil/1280w/products/2556/945/877730__16538.1675191891.jpg | https://cdn11.bigcommerce.com/s-dbb3r9a7se/stencil/382d9e80-277d-013e-e48e-4a4f5670f649/e/04e821c0-e5dd-013e-f544-2ec1a3f21564/img/loading.svg; https://www.alstapingtools.com/117-nylon-bushing/"
"Porter-Cable","146 - Drive Shaft","PC877728","","N/A","","","https://cdn11.bigcommerce.com/s-dbb3r9a7se/images/stencil/1280w/products/2496/4539/lg-por659372_l__42096.1675191942.jpg | https://cdn11.bigcommerce.com/s-dbb3r9a7se/stencil/382d9e80-277d-013e-e48e-4a4f5670f649/e/04e821c0-e5dd-013e-f544-2ec1a3f21564/img/loading.svg; https://www.alstapingtools.com/146-drive-shaft/"
"Porter-Cable","118 - Casing","PC887979","","N/A","","","https://cdn11.bigcommerce.com/s-dbb3r9a7se/images/stencil/1280w/products/2445/1559/porter_cable_case__80641.1675191900.jpg | https://cdn11.bigcommerce.com/s-dbb3r9a7se/stencil/382d9e80-277d-013e-e48e-4a4f5670f649/e/04e821c0-e5dd-013e-f544-2ec1a3f21564/img/loading.svg; https://www.alstapingtools.com/118-casing/"
"Porter-Cable","129 - Retaining Clip","PC859382","","N/A","","","https://cdn11.bigcommerce.com/s-dbb3r9a7se/images/stencil/1280w/products/2395/4715/129__60945.1675191944.jpg | https://cdn11.bigcommerce.com/s-dbb3r9a7se/stencil/382d9e80-277d-013e-e48e-4a4f5670f649/e/04e821c0-e5dd-013e-f544-2ec1a3f21564/img/loading.svg; https://www.alstapingtools.com/129-retaining-clip/"
"Porter-Cable","Porter Cable 78117 Exhaust Filter","78117","","N/A","","","https://cdn11.bigcommerce.com/s-dbb3r9a7se/images/stencil/1280w/products/2270/2169/78117__33874.1675191909.jpg; https://www.alstapingtools.com/porter-cable-78117-exhaust-filter/"
"Porter-Cable","Porter Cable 897895 Switch","pc897895","","N/A","","","https://cdn11.bigcommerce.com/s-dbb3r9a7se/images/stencil/1280w/products/2105/535/switch_for_porter_cable_7814_vacuum__36042.1675191886.jpg | https://cdn11.bigcommerce.com/s-dbb3r9a7se/stencil/382d9e80-277d-013e-e48e-4a4f5670f649/e/04e821c0-e5dd-013e-f544-2ec1a3f21564/img/loading.svg; https://www.alstapingtools.com/porter-cable-897895-switch/"
"Porter-Cable","124 - Retaining Ring","PC684179","","N/A","","","https://cdn11.bigcommerce.com/s-dbb3r9a7se/images/stencil/1280w/products/2092/5843/screenshot_2023-09-22_151546__28457.1748975401.png | https://cdn11.bigcommerce.com/s-dbb3r9a7se/stencil/382d9e80-277d-013e-e48e-4a4f5670f649/e/04e821c0-e5dd-013e-f544-2ec1a3f21564/img/loading.svg; https://www.alstapingtools.com/124-retaining-ring/"
"Porter-Cable","Guide Pin Peg Stud Set for Porter-Cable 7800 Drywall Sander 879685 / 879686","G879685-879686","","N/A","","","https://cdn11.bigcommerce.com/s-dbb3r9a7se/images/stencil/1280w/products/1932/1538/guide_pin_pc__94742.1675191900.jpg | https://cdn11.bigcommerce.com/s-dbb3r9a7se/stencil/382d9e80-277d-013e-e48e-4a4f5670f649/e/04e821c0-e5dd-013e-f544-2ec1a3f21564/img/loading.svg; https://www.alstapingtools.com/guide-pin-peg-stud-set-for-porter-cable-7800-drywall-sander-879685-879686/"
"Porter-Cable","99 - Retaining Ring","pc859769","","N/A","","","https://cdn11.bigcommerce.com/s-dbb3r9a7se/images/stencil/1280w/products/1666/5846/screenshot_2023-09-22_150931__21636.1748975403.png; https://www.alstapingtools.com/99-retaining-ring/"
"Porter-Cable","67 - Intermediate Plate","pc697684","","N/A","","","https://cdn11.bigcommerce.com/s-dbb3r9a7se/images/stencil/1280w/products/1641/5845/screenshot_2023-09-22_150411__60759.1748975403.png; https://www.alstapingtools.com/67-intermediate-plate/"
"Porter-Cable","59 - Vacuum Adapter Housing Set","PC885163","","N/A","","","https://cdn11.bigcommerce.com/s-dbb3r9a7se/images/stencil/1280w/products/1607/1023/885163__99754.1675191893.jpg; https://www.alstapingtools.com/59-vacuum-adapter-housing-set/"
"Porter-Cable","105 - Slinger","PC852714","","N/A","","","https://cdn11.bigcommerce.com/s-dbb3r9a7se/stencil/382d9e80-277d-013e-e48e-4a4f5670f649/e/04e821c0-e5dd-013e-f544-2ec1a3f21564/img/ProductDefault.svg; https://www.alstapingtools.com/105-slinger/"
"Porter-Cable","15 - Head Bearing #694147","PC33000364","","N/A","","","https://cdn11.bigcommerce.com/s-dbb3r9a7se/images/stencil/1280w/products/1519/4461/694147__37589.1675191941.jpg | https://cdn11.bigcommerce.com/s-dbb3r9a7se/stencil/382d9e80-277d-013e-e48e-4a4f5670f649/e/04e821c0-e5dd-013e-f544-2ec1a3f21564/img/loading.svg; https://www.alstapingtools.com/15-head-bearing-694147/"
"Porter-Cable","11 - Motor Bearing","PC855216","","N/A","","","https://cdn11.bigcommerce.com/s-dbb3r9a7se/images/stencil/1280w/products/1494/1206/855216__65821.1675191895.jpg | https://cdn11.bigcommerce.com/s-dbb3r9a7se/stencil/382d9e80-277d-013e-e48e-4a4f5670f649/e/04e821c0-e5dd-013e-f544-2ec1a3f21564/img/loading.svg; https://www.alstapingtools.com/11-motor-bearing/"
"Porter-Cable","10 - Housing Set","PC903845","","N/A","","","https://cdn11.bigcommerce.com/s-dbb3r9a7se/images/stencil/1280w/products/1463/2642/lg-por903845_l__46466.1675191915.jpg | https://cdn11.bigcommerce.com/s-dbb3r9a7se/images/stencil/1280w/products/1463/2988/pc903845__84991.1675191920.jpg | https://cdn11.bigcommerce.com/s-dbb3r9a7se/stencil/382d9e80-277d-013e-e48e-4a4f5670f649/e/04e821c0-e5dd-013e-f544-2ec1a3f21564/img/loading.svg; https://www.alstapingtools.com/10-housing-set/"
"Porter-Cable","9 - Dust Cover","PC877797","","N/A","","","https://cdn11.bigcommerce.com/s-dbb3r9a7se/images/stencil/1280w/products/1433/1233/877797__07189.1675191895.jpg | https://cdn11.bigcommerce.com/s-dbb3r9a7se/stencil/382d9e80-277d-013e-e48e-4a4f5670f649/e/04e821c0-e5dd-013e-f544-2ec1a3f21564/img/loading.svg; https://www.alstapingtools.com/9-dust-cover/"
"Porter-Cable","7 - Brush Holder","pc694301","","N/A","","","https://cdn11.bigcommerce.com/s-dbb3r9a7se/images/stencil/1280w/products/1403/2395/lg-por694301_l__27673.1675191912.jpg | https://cdn11.bigcommerce.com/s-dbb3r9a7se/stencil/382d9e80-277d-013e-e48e-4a4f5670f649/e/04e821c0-e5dd-013e-f544-2ec1a3f21564/img/loading.svg; https://www.alstapingtools.com/7-brush-holder/"
"Porter-Cable","5 - Cord Assembly","PC877781","","N/A","","","https://cdn11.bigcommerce.com/s-dbb3r9a7se/images/stencil/1280w/products/1370/4452/kodiak_power_cord__34041.1675191941.jpg; https://www.alstapingtools.com/5-cord-assembly/"
"Porter-Cable","2 - Field 120v","PC900134","","N/A","","","https://cdn11.bigcommerce.com/s-dbb3r9a7se/images/stencil/1280w/products/1351/784/lg-po877754_l__16868.1675191889.jpg; https://www.alstapingtools.com/2-field-120v/"
"Porter-Cable","1 - Armature 120V PC7800 Type 2-5","PC899519","","N/A","","","https://cdn11.bigcommerce.com/s-dbb3r9a7se/images/stencil/1280w/products/1246/4157/armature__16892.1675191937.jpg; https://www.alstapingtools.com/1-armature-120v-pc7800-type-2-5/"
"Porter-Cable","8 - Variable Speed Control 120v","PC877723","","N/A","","","https://cdn11.bigcommerce.com/s-dbb3r9a7se/images/stencil/1280w/products/1211/1801/877723__35271.1675191903.jpg; https://www.alstapingtools.com/8-variable-speed-control-120v/"
"Porter-Cable","175 - Replacement 120v Motor Assembly","PC899774","","N/A","","","https://cdn11.bigcommerce.com/s-dbb3r9a7se/images/stencil/1280w/products/1090/3314/pc5551__61213.1675191925.jpg | https://cdn11.bigcommerce.com/s-dbb3r9a7se/images/stencil/1280w/products/1090/2251/pc555__39209.1675191910.jpg | https://cdn11.bigcommerce.com/s-dbb3r9a7se/images/stencil/1280w/products/1090/2697/pc222__44743.1675191916.jpg; https://www.alstapingtools.com/175-replacement-120v-motor-assembly/"
"Porter-Cable","167 - Replacement Hose (13 ft)","PC877751","","N/A","","","https://cdn11.bigcommerce.com/s-dbb3r9a7se/images/stencil/1280w/products/1050/4891/lg-por877751_l__45145.1675191947.jpg; https://www.alstapingtools.com/167-replacement-hose-13-ft/"
"Porter-Cable","131 - Retaining Ring  PC696667","PC696667","","N/A","","","https://cdn11.bigcommerce.com/s-dbb3r9a7se/images/stencil/1280w/products/1026/3265/696667__58227.1675191924.jpg | https://cdn11.bigcommerce.com/s-dbb3r9a7se/stencil/382d9e80-277d-013e-e48e-4a4f5670f649/e/04e821c0-e5dd-013e-f544-2ec1a3f21564/img/loading.svg; https://www.alstapingtools.com/131-retaining-ring-pc696667/"
"Porter-Cable","134 - Washer","PC877738","","N/A","","","https://cdn11.bigcommerce.com/s-dbb3r9a7se/images/stencil/1280w/products/1004/4667/877738__47368.1675191944.jpg | https://cdn11.bigcommerce.com/s-dbb3r9a7se/stencil/382d9e80-277d-013e-e48e-4a4f5670f649/e/04e821c0-e5dd-013e-f544-2ec1a3f21564/img/loading.svg; https://www.alstapingtools.com/134-washer/"
"Porter-Cable","135 - Brush / Skirt","PC877702","","N/A","","","https://cdn11.bigcommerce.com/s-dbb3r9a7se/images/stencil/1280w/products/974/3222/877702__99409.1675191924.jpg | https://cdn11.bigcommerce.com/s-dbb3r9a7se/stencil/382d9e80-277d-013e-e48e-4a4f5670f649/e/04e821c0-e5dd-013e-f544-2ec1a3f21564/img/loading.svg; https://www.alstapingtools.com/135-brush-skirt/"
"Porter-Cable","147 - Screw","PC882703","","N/A","","","https://cdn11.bigcommerce.com/s-dbb3r9a7se/images/stencil/1280w/products/943/5543/pc882703__31709.1675191963.jpg | https://cdn11.bigcommerce.com/s-dbb3r9a7se/stencil/382d9e80-277d-013e-e48e-4a4f5670f649/e/04e821c0-e5dd-013e-f544-2ec1a3f21564/img/loading.svg; https://www.alstapingtools.com/147-screw/"
"Porter-Cable","122 - Clamp Plate","PC879737","","N/A","","","https://cdn11.bigcommerce.com/s-dbb3r9a7se/images/stencil/1280w/products/919/2554/lg-por879737_l__46818.1675191914.jpg | https://cdn11.bigcommerce.com/s-dbb3r9a7se/stencil/382d9e80-277d-013e-e48e-4a4f5670f649/e/04e821c0-e5dd-013e-f544-2ec1a3f21564/img/loading.svg; https://www.alstapingtools.com/122-clamp-plate/"
"Porter-Cable","132 - Back-up Pad","PCN346519","","N/A","","","https://cdn11.bigcommerce.com/s-dbb3r9a7se/images/stencil/1280w/products/890/4005/881789__57558.1675191934.jpg | https://cdn11.bigcommerce.com/s-dbb3r9a7se/images/stencil/1280w/products/890/4374/lg-porn346519_l__20624.1675191940.jpg; https://www.alstapingtools.com/132-back-up-pad/"
"Porter-Cable","115 - Left Support Arm","PC881951","","N/A","","","https://cdn11.bigcommerce.com/s-dbb3r9a7se/images/stencil/1280w/products/868/3589/lg-por877725_l__04954.1675191929.jpg | https://cdn11.bigcommerce.com/s-dbb3r9a7se/stencil/382d9e80-277d-013e-e48e-4a4f5670f649/e/04e821c0-e5dd-013e-f544-2ec1a3f21564/img/loading.svg; https://www.alstapingtools.com/115-left-support-arm/"
"Porter-Cable","4 - On/Off Switch for 7800 Sander","PC887453","","N/A","","","https://cdn11.bigcommerce.com/s-dbb3r9a7se/images/stencil/1280w/products/820/5177/por887454_l__76497.1675191953.jpg | https://cdn11.bigcommerce.com/s-dbb3r9a7se/stencil/382d9e80-277d-013e-e48e-4a4f5670f649/e/04e821c0-e5dd-013e-f544-2ec1a3f21564/img/loading.svg; https://www.alstapingtools.com/4-on-off-switch-for-7800-sander/"
"Porter-Cable","Porter-Cable 7800 Drywall Sander Brushes - 4 Pack","pc879058-4pk","","N/A","","","https://cdn11.bigcommerce.com/s-dbb3r9a7se/images/stencil/1280w/products/799/2813/pc_kit__77871.1675191918.jpg; https://www.alstapingtools.com/porter-cable-7800-drywall-sander-brushes-4-pack/"
"Porter-Cable","136 - Plastic Nut","PC877757","","N/A","","","https://cdn11.bigcommerce.com/s-dbb3r9a7se/images/stencil/1280w/products/456/487/por_nut__68436.1675191885.jpg | https://cdn11.bigcommerce.com/s-dbb3r9a7se/stencil/382d9e80-277d-013e-e48e-4a4f5670f649/e/04e821c0-e5dd-013e-f544-2ec1a3f21564/img/loading.svg; https://www.alstapingtools.com/136-plastic-nut/"
"Porter-Cable","3 - Brush For Motor","PC869734","","N/A","","","https://cdn11.bigcommerce.com/s-dbb3r9a7se/images/stencil/1280w/products/426/2121/brushes___67499.1675191908.jpg | https://cdn11.bigcommerce.com/s-dbb3r9a7se/stencil/382d9e80-277d-013e-e48e-4a4f5670f649/e/04e821c0-e5dd-013e-f544-2ec1a3f21564/img/loading.svg; https://www.alstapingtools.com/3-brush-for-motor/"
"Porter-Cable","53 - Gear Housing","PC886654","","N/A","","","https://cdn11.bigcommerce.com/s-dbb3r9a7se/stencil/382d9e80-277d-013e-e48e-4a4f5670f649/e/04e821c0-e5dd-013e-f544-2ec1a3f21564/img/ProductDefault.svg | https://cdn11.bigcommerce.com/s-dbb3r9a7se/stencil/382d9e80-277d-013e-e48e-4a4f5670f649/e/04e821c0-e5dd-013e-f544-2ec1a3f21564/img/loading.svg; https://www.alstapingtools.com/53-gear-housing/"
"Porter-Cable","39 - Spindle","PCA04176","","N/A","","","https://cdn11.bigcommerce.com/s-dbb3r9a7se/images/stencil/1280w/products/311/2410/lg-pora04176_l__61692.1675191912.jpg | https://cdn11.bigcommerce.com/s-dbb3r9a7se/stencil/382d9e80-277d-013e-e48e-4a4f5670f649/e/04e821c0-e5dd-013e-f544-2ec1a3f21564/img/loading.svg; https://www.alstapingtools.com/39-spindle/"
"Porter-Cable","38 - Spindle Gear Assembly","PC877787","","N/A","","","https://cdn11.bigcommerce.com/s-dbb3r9a7se/images/stencil/1280w/products/282/1686/pc877787__04042.1675191902.jpg | https://cdn11.bigcommerce.com/s-dbb3r9a7se/stencil/382d9e80-277d-013e-e48e-4a4f5670f649/e/04e821c0-e5dd-013e-f544-2ec1a3f21564/img/loading.svg; https://www.alstapingtools.com/38-spindle-gear-assembly/"
"Porter-Cable","19 - Motor Bearing","PC883096","","N/A","","","https://cdn11.bigcommerce.com/s-dbb3r9a7se/images/stencil/1280w/products/190/5849/screenshot_2023-09-22_150457_copy__55745.1748975405.png; https://www.alstapingtools.com/19-motor-bearing/"
"Porter-Cable","16 - Needle Bearing","pc693808","","N/A","","","https://cdn11.bigcommerce.com/s-dbb3r9a7se/stencil/382d9e80-277d-013e-e48e-4a4f5670f649/e/04e821c0-e5dd-013e-f544-2ec1a3f21564/img/ProductDefault.svg | https://cdn11.bigcommerce.com/s-dbb3r9a7se/stencil/382d9e80-277d-013e-e48e-4a4f5670f649/e/04e821c0-e5dd-013e-f544-2ec1a3f21564/img/loading.svg; https://www.alstapingtools.com/16-needle-bearing/"
"Dura-Stilt","Drywall Stilt Straps - Padded, Comfortable, Leg Straps","COMFORTSTRAP","","N/A","","","https://cdn11.bigcommerce.com/s-dbb3r9a7se/images/stencil/1280w/products/3963/5783/comfort_s21__64952.1748975364.jpg; https://www.alstapingtools.com/drywall-stilt-straps-padded-comfortable-leg-straps/"
"Dura-Stilt","Comfort Universal Padded Ballistic Stilt Leg Straps","COMFORT STRAP","","N/A","","","https://cdn11.bigcommerce.com/s-dbb3r9a7se/images/stencil/1280w/products/3658/713/comfort_s21__88872.1675191888.jpg | https://cdn11.bigcommerce.com/s-dbb3r9a7se/images/stencil/1280w/products/3658/1655/httpwww.alstapingtools.comimagesproductsdetailcomfort__50727.1675191901.jpg | https://cdn11.bigcommerce.com/s-dbb3r9a7se/stencil/382d9e80-277d-013e-e48e-4a4f5670f649/e/04e821c0-e5dd-013e-f544-2ec1a3f21564/img/loading.svg; https://www.alstapingtools.com/comfort-universal-padded-ballistic-stilt-leg-straps/"
"Dura-Stilt","Dura-Stilt Sole Replacement Kit","DS446","","N/A","","","https://cdn11.bigcommerce.com/s-dbb3r9a7se/images/stencil/1280w/products/3528/5333/httpwww.alstapingtools.comimagesproductsdetaildurastiltsoles1__86661.1675191957.jpg | https://cdn11.bigcommerce.com/s-dbb3r9a7se/images/stencil/1280w/products/3528/5429/ds446__81626.1675191960.jpg | https://cdn11.bigcommerce.com/s-dbb3r9a7se/stencil/382d9e80-277d-013e-e48e-4a4f5670f649/e/04e821c0-e5dd-013e-f544-2ec1a3f21564/img/loading.svg; https://www.alstapingtools.com/dura-stilt-sole-replacement-kit/"
"Dura-Stilt","Dura Stilt Lambs Wool Leg Cover Kit","DS8182","","N/A","","","https://cdn11.bigcommerce.com/s-dbb3r9a7se/images/stencil/1280w/products/3105/3622/httpwww.alstapingtools.comimagesproductsdetaildurastiltlamb__13679.1675191929.jpg | https://cdn11.bigcommerce.com/s-dbb3r9a7se/stencil/382d9e80-277d-013e-e48e-4a4f5670f649/e/04e821c0-e5dd-013e-f544-2ec1a3f21564/img/loading.svg; https://www.alstapingtools.com/dura-stilt-lambs-wool-leg-cover-kit/"
"Dura-Stilt","Dura-Stilts Wing Bolt Kit 442","DS442","","N/A","","","https://cdn11.bigcommerce.com/s-dbb3r9a7se/images/stencil/1280w/products/1165/4887/httpwww.alstapingtools.comimagesproductsdetaildurastiltwingkit1__94622.1675191947.jpg | https://cdn11.bigcommerce.com/s-dbb3r9a7se/stencil/382d9e80-277d-013e-e48e-4a4f5670f649/e/04e821c0-e5dd-013e-f544-2ec1a3f21564/img/loading.svg; https://www.alstapingtools.com/dura-stilts-wing-bolt-kit-442/"
"Dura-Stilt","Dura-Stilt Leg Strap Kit (1 pair)","DS04","","N/A","","","https://cdn11.bigcommerce.com/s-dbb3r9a7se/images/stencil/1280w/products/1140/1953/httpwww.alstapingtools.comimagesproductsdetaildurastiltledstraps1__86284.1675191906.jpg | https://cdn11.bigcommerce.com/s-dbb3r9a7se/stencil/382d9e80-277d-013e-e48e-4a4f5670f649/e/04e821c0-e5dd-013e-f544-2ec1a3f21564/img/loading.svg; https://www.alstapingtools.com/dura-stilt-leg-strap-kit-1-pair/"
"Dura-Stilt","Dura-Stilt Toe Strap Kit (1 pair)","DS08-1","","N/A","","","https://cdn11.bigcommerce.com/s-dbb3r9a7se/images/stencil/1280w/products/652/2311/httpwww.alstapingtools.comimagesproductsthumbdurstrap3_2__37737.1675191911.jpg | https://cdn11.bigcommerce.com/s-dbb3r9a7se/images/stencil/1280w/products/652/2899/httpwww.alstapingtools.comimagesproductsdetaildurstrap3_2__54710.1675191919.jpg | https://cdn11.bigcommerce.com/s-dbb3r9a7se/images/stencil/1280w/products/652/3305/httpwww.alstapingtools.comimagesproductsdisplaydurstrap3_2__39005.1675191925.jpg; https://www.alstapingtools.com/dura-stilt-toe-strap-kit-1-pair/"
"Dura-Stilt","Dura-Stilt Spring Replacement Kit","DS1644","","N/A","","","https://cdn11.bigcommerce.com/s-dbb3r9a7se/images/stencil/1280w/products/3516/3636/httpwww.alstapingtools.comimagesproductsdetaildurastiltsprings__39989.1675191929.jpg | https://cdn11.bigcommerce.com/s-dbb3r9a7se/stencil/382d9e80-277d-013e-e48e-4a4f5670f649/e/04e821c0-e5dd-013e-f544-2ec1a3f21564/img/loading.svg; https://www.alstapingtools.com/dura-stilt-spring-replacement-kit/"
"Dura-Stilt","Dura-Stilt Arch Strap Kit DS07 (1 pair)","ds07 pairG","","N/A","","","https://cdn11.bigcommerce.com/s-dbb3r9a7se/images/stencil/1280w/products/2671/2748/durass__31692.1675191917.jpg | https://cdn11.bigcommerce.com/s-dbb3r9a7se/stencil/382d9e80-277d-013e-e48e-4a4f5670f649/e/04e821c0-e5dd-013e-f544-2ec1a3f21564/img/loading.svg; https://www.alstapingtools.com/dura-stilt-arch-strap-kit-ds07-1-pair/"
"Dura-Stilt","Dura-Stilt Foot Arch and Toe Strap Replacement Kit 278","DS278","","N/A","","","https://cdn11.bigcommerce.com/s-dbb3r9a7se/images/stencil/1280w/products/2648/709/durl__52126.1675191888.jpg | https://cdn11.bigcommerce.com/s-dbb3r9a7se/stencil/382d9e80-277d-013e-e48e-4a4f5670f649/e/04e821c0-e5dd-013e-f544-2ec1a3f21564/img/loading.svg; https://www.alstapingtools.com/dura-stilt-foot-arch-and-toe-strap-replacement-kit-278/"
"Dura-Stilt","62 - Arch Strap","DS62","","N/A","","","https://cdn11.bigcommerce.com/s-dbb3r9a7se/images/stencil/1280w/products/2598/4368/arch-strap__08029.1675191939.jpg | https://cdn11.bigcommerce.com/s-dbb3r9a7se/stencil/382d9e80-277d-013e-e48e-4a4f5670f649/e/04e821c0-e5dd-013e-f544-2ec1a3f21564/img/loading.svg; https://www.alstapingtools.com/62-arch-strap/"
"Dura-Stilt","63 - Arch Strap Center Bar Buckle","DS63","","N/A","","","https://cdn11.bigcommerce.com/s-dbb3r9a7se/images/stencil/1280w/products/2573/1396/arch-strap-buckle__69219.1675191898.jpg; https://www.alstapingtools.com/63-arch-strap-center-bar-buckle/"
"Dura-Stilt","65 - 1"" Strap Keeper","DS65","","N/A","","","https://cdn11.bigcommerce.com/s-dbb3r9a7se/images/stencil/1280w/products/2538/4708/1-strap-keeper__06821.1675191944.jpg | https://cdn11.bigcommerce.com/s-dbb3r9a7se/stencil/382d9e80-277d-013e-e48e-4a4f5670f649/e/04e821c0-e5dd-013e-f544-2ec1a3f21564/img/loading.svg; https://www.alstapingtools.com/65-1-strap-keeper/"
"Dura-Stilt","73 - Strut/Cap Plug","DS73","","N/A","","","https://cdn11.bigcommerce.com/s-dbb3r9a7se/images/stencil/1280w/products/2510/4146/upper-strut-cap-plug-1__47857.1675191936.jpg | https://cdn11.bigcommerce.com/s-dbb3r9a7se/stencil/382d9e80-277d-013e-e48e-4a4f5670f649/e/04e821c0-e5dd-013e-f544-2ec1a3f21564/img/loading.svg; https://www.alstapingtools.com/73-strut-cap-plug/"
"Dura-Stilt","79 - Hinge Screw & Lock Nut","DS79","","N/A","","","https://cdn11.bigcommerce.com/s-dbb3r9a7se/images/stencil/1280w/products/2444/5529/leg-band-hinge-screw-lock__32846.1675191962.jpg; https://www.alstapingtools.com/79-hinge-screw-lock-nut/"
"Dura-Stilt","Dura IV Clamshell Kit","DS8074","","N/A","","","https://cdn11.bigcommerce.com/s-dbb3r9a7se/images/stencil/1280w/products/2292/1165/dura_8074__66011.1675191895.jpg | https://cdn11.bigcommerce.com/s-dbb3r9a7se/stencil/382d9e80-277d-013e-e48e-4a4f5670f649/e/04e821c0-e5dd-013e-f544-2ec1a3f21564/img/loading.svg; https://www.alstapingtools.com/dura-iv-clamshell-kit/"
"Dura-Stilt","45 - Dura-Stilt Entire Spring Assembly","DS45","","N/A","","","https://cdn11.bigcommerce.com/s-dbb3r9a7se/images/stencil/1280w/products/1900/1040/cmplte-sprng-assmbls-kit__20927.1675191893.jpg | https://cdn11.bigcommerce.com/s-dbb3r9a7se/stencil/382d9e80-277d-013e-e48e-4a4f5670f649/e/04e821c0-e5dd-013e-f544-2ec1a3f21564/img/loading.svg; https://www.alstapingtools.com/45-dura-stilt-entire-spring-assembly/"
"Dura-Stilt","8182 - Lambs Wool Leg Cover Kit","DS8182-A","","N/A","","","https://cdn11.bigcommerce.com/s-dbb3r9a7se/images/stencil/1280w/products/1883/2780/httpwww.alstapingtools.comimagesproductsdetaildurastiltlamb_1__11746.1675191917.jpg | https://cdn11.bigcommerce.com/s-dbb3r9a7se/stencil/382d9e80-277d-013e-e48e-4a4f5670f649/e/04e821c0-e5dd-013e-f544-2ec1a3f21564/img/loading.svg; https://www.alstapingtools.com/8182-lambs-wool-leg-cover-kit/"
"Dura-Stilt","Dura-Stilt Extension Tube Sleeves Kit 4849","DS4849","","N/A","","","https://cdn11.bigcommerce.com/s-dbb3r9a7se/images/stencil/1280w/products/1633/3259/dura_stilt_nylon__96408.1675191924.jpg | https://cdn11.bigcommerce.com/s-dbb3r9a7se/stencil/382d9e80-277d-013e-e48e-4a4f5670f649/e/04e821c0-e5dd-013e-f544-2ec1a3f21564/img/loading.svg; https://www.alstapingtools.com/dura-stilt-extension-tube-sleeves-kit-4849/"
"Dura-Stilt","51.3 - Extension Tube (24-40"")","DS51.3","","N/A","","","https://cdn11.bigcommerce.com/s-dbb3r9a7se/images/stencil/1280w/products/1558/1082/ds51.3__35784.1675191893.jpg; https://www.alstapingtools.com/51-3-extension-tube-24-40/"
"Dura-Stilt","50C-2 - Right Rear Adjustable Leg (24-40"")","DS50C-2","","N/A","","","https://cdn11.bigcommerce.com/s-dbb3r9a7se/images/stencil/1280w/products/1545/2040/ds50.224__61278.1675191907.jpg | https://cdn11.bigcommerce.com/s-dbb3r9a7se/stencil/382d9e80-277d-013e-e48e-4a4f5670f649/e/04e821c0-e5dd-013e-f544-2ec1a3f21564/img/loading.svg; https://www.alstapingtools.com/50c-2-right-rear-adjustable-leg-24-40/"
"Dura-Stilt","50C-1 - Left Rear Adjustable Leg (24-40"")","DS50C-1","","N/A","","","https://cdn11.bigcommerce.com/s-dbb3r9a7se/images/stencil/1280w/products/1517/3515/ds50.124__29466.1675191928.jpg; https://www.alstapingtools.com/50c-1-left-rear-adjustable-leg-24-40/"
"Dura-Stilt","51.2 - Extension Tube (18-30"")","DS51.2","","N/A","","","https://cdn11.bigcommerce.com/s-dbb3r9a7se/images/stencil/1280w/products/1515/1929/ds51.2__96484.1675191905.jpg; https://www.alstapingtools.com/51-2-extension-tube-18-30/"
"Dura-Stilt","49 - Small Nylon Extension Tube Sleeve","DS49","","N/A","","","https://cdn11.bigcommerce.com/s-dbb3r9a7se/images/stencil/1280w/products/1497/2412/ds49__43218.1675191912.jpg; https://www.alstapingtools.com/49-small-nylon-extension-tube-sleeve/"
"Dura-Stilt","51.1 - Extension Tube (14-22"")","DS51.1","","N/A","","","https://cdn11.bigcommerce.com/s-dbb3r9a7se/images/stencil/1280w/products/1493/426/ds51.1__68662.1675191884.jpg | https://cdn11.bigcommerce.com/s-dbb3r9a7se/stencil/382d9e80-277d-013e-e48e-4a4f5670f649/e/04e821c0-e5dd-013e-f544-2ec1a3f21564/img/loading.svg; https://www.alstapingtools.com/51-1-extension-tube-14-22/"
"Dura-Stilt","42 - Dura-Stilt Wing Bolt","DS42","","N/A","","","https://cdn11.bigcommerce.com/s-dbb3r9a7se/images/stencil/1280w/products/1465/2324/wing_bolt__76934.1675191911.jpg | https://cdn11.bigcommerce.com/s-dbb3r9a7se/stencil/382d9e80-277d-013e-e48e-4a4f5670f649/e/04e821c0-e5dd-013e-f544-2ec1a3f21564/img/loading.svg; https://www.alstapingtools.com/42-dura-stilt-wing-bolt/"
"Dura-Stilt","47.3 - Forward Leg Extrusion (24-40"")","DS47C","","N/A","","","https://cdn11.bigcommerce.com/s-dbb3r9a7se/images/stencil/1280w/products/1444/3062/ds47.3__29082.1675191921.jpg; https://www.alstapingtools.com/47-3-forward-leg-extrusion-24-40/"
"Dura-Stilt","47.2 - Forward Leg Extrusion (18-30"")","DS47B","","N/A","","","https://cdn11.bigcommerce.com/s-dbb3r9a7se/images/stencil/1280w/products/1414/516/ds47.2__20206.1675191885.jpg; https://www.alstapingtools.com/47-2-forward-leg-extrusion-18-30/"
"Dura-Stilt","46 - Replaceable Sole W/Screws","DS46","","N/A","","","https://cdn11.bigcommerce.com/s-dbb3r9a7se/images/stencil/1280w/products/1346/4408/ds46__83323.1675191940.jpg; https://www.alstapingtools.com/46-replaceable-sole-w-screws/"
"Dura-Stilt","42 - Wing Bolt","DS42-A","","N/A","","","https://cdn11.bigcommerce.com/s-dbb3r9a7se/images/stencil/1280w/products/1323/2911/ds42__85832.1675191919.jpg | https://cdn11.bigcommerce.com/s-dbb3r9a7se/stencil/382d9e80-277d-013e-e48e-4a4f5670f649/e/04e821c0-e5dd-013e-f544-2ec1a3f21564/img/loading.svg; https://www.alstapingtools.com/42-wing-bolt/"
"Dura-Stilt","37 - Screws For Soles 8x3/8""","ds37","","N/A","","","https://cdn11.bigcommerce.com/s-dbb3r9a7se/images/stencil/1280w/products/1301/3513/ds37__78241.1675191928.jpg | https://cdn11.bigcommerce.com/s-dbb3r9a7se/stencil/382d9e80-277d-013e-e48e-4a4f5670f649/e/04e821c0-e5dd-013e-f544-2ec1a3f21564/img/loading.svg; https://www.alstapingtools.com/37-screws-for-soles-8x3-8/"
"Dura-Stilt","35 - Strap Mounting Screw w/ Washer","DS35","","N/A","","","https://cdn11.bigcommerce.com/s-dbb3r9a7se/images/stencil/1280w/products/1270/2174/ds35__87158.1675191909.jpg | https://cdn11.bigcommerce.com/s-dbb3r9a7se/stencil/382d9e80-277d-013e-e48e-4a4f5670f649/e/04e821c0-e5dd-013e-f544-2ec1a3f21564/img/loading.svg; https://www.alstapingtools.com/35-strap-mounting-screw-w-washer/"
"Dura-Stilt","32 - Cap Screw W/Hex Nut","ds32","","N/A","","","https://cdn11.bigcommerce.com/s-dbb3r9a7se/images/stencil/1280w/products/1251/2361/ds32__93945.1675191912.jpg | https://cdn11.bigcommerce.com/s-dbb3r9a7se/stencil/382d9e80-277d-013e-e48e-4a4f5670f649/e/04e821c0-e5dd-013e-f544-2ec1a3f21564/img/loading.svg; https://www.alstapingtools.com/32-cap-screw-w-hex-nut/"
"Dura-Stilt","31 - Clamp Bracket","DS31","","N/A","","","https://cdn11.bigcommerce.com/s-dbb3r9a7se/images/stencil/1280w/products/1222/473/ds31__52259.1675191885.jpg | https://cdn11.bigcommerce.com/s-dbb3r9a7se/stencil/382d9e80-277d-013e-e48e-4a4f5670f649/e/04e821c0-e5dd-013e-f544-2ec1a3f21564/img/loading.svg; https://www.alstapingtools.com/31-clamp-bracket/"
"Dura-Stilt","30 - Tube Clamp (B)","ds30","","N/A","","","https://cdn11.bigcommerce.com/s-dbb3r9a7se/images/stencil/1280w/products/1207/2408/ds30__94426.1675191912.jpg | https://cdn11.bigcommerce.com/s-dbb3r9a7se/stencil/382d9e80-277d-013e-e48e-4a4f5670f649/e/04e821c0-e5dd-013e-f544-2ec1a3f21564/img/loading.svg; https://www.alstapingtools.com/30-tube-clamp-b/"
"Dura-Stilt","Dura-Stilt Replacement Leg Band Kit 201","DS201","","N/A","","","https://cdn11.bigcommerce.com/s-dbb3r9a7se/images/stencil/1280w/products/1158/5099/httpwww.alstapingtools.comimagesproductsdisplaydurastiltcalf1__80261.1675191951.jpg | https://cdn11.bigcommerce.com/s-dbb3r9a7se/images/stencil/1280w/products/1158/5280/httpwww.alstapingtools.comimagesproductsthumbdurastiltcalf1__55039.1675191956.jpg | https://cdn11.bigcommerce.com/s-dbb3r9a7se/images/stencil/1280w/products/1158/5643/httpwww.alstapingtools.comimagesproductsdetaildurastiltcalf1__72168.1675191966.jpg | https://cdn11.bigcommerce.com/s-dbb3r9a7se/stencil/382d9e80-277d-013e-e48e-4a4f5670f649/e/04e821c0-e5dd-013e-f544-2ec1a3f21564/img/loading.svg; https://www.alstapingtools.com/dura-stilt-replacement-leg-band-kit-201/"
"Dura-Stilt","29 - Tube Clamp (A)","DS29","","N/A","","","https://cdn11.bigcommerce.com/s-dbb3r9a7se/images/stencil/1280w/products/1155/4265/ds29__49083.1675191938.jpg; https://www.alstapingtools.com/29-tube-clamp-a/"
"Dura-Stilt","28 - Cap Screw W/ Square Nut","DS28","","N/A","","","https://cdn11.bigcommerce.com/s-dbb3r9a7se/images/stencil/1280w/products/1123/1401/ds28__59833.1675191898.jpg | https://cdn11.bigcommerce.com/s-dbb3r9a7se/stencil/382d9e80-277d-013e-e48e-4a4f5670f649/e/04e821c0-e5dd-013e-f544-2ec1a3f21564/img/loading.svg; https://www.alstapingtools.com/28-cap-screw-w-square-nut/"
"Dura-Stilt","27 -  Cap Screw 1/4-20""x 3 1/8","DS27","","N/A","","","https://cdn11.bigcommerce.com/s-dbb3r9a7se/images/stencil/1280w/products/1087/2522/ds27_1__87614.1675191914.jpg | https://cdn11.bigcommerce.com/s-dbb3r9a7se/stencil/382d9e80-277d-013e-e48e-4a4f5670f649/e/04e821c0-e5dd-013e-f544-2ec1a3f21564/img/loading.svg; https://www.alstapingtools.com/27-cap-screw-1-4-20x-3-1-8/"
"Dura-Stilt","26.2 - Floor Plate with Soles","DS26B","","N/A","","","https://cdn11.bigcommerce.com/s-dbb3r9a7se/images/stencil/1280w/products/1066/1252/ds26.2__53237.1675191896.jpg | https://cdn11.bigcommerce.com/s-dbb3r9a7se/stencil/382d9e80-277d-013e-e48e-4a4f5670f649/e/04e821c0-e5dd-013e-f544-2ec1a3f21564/img/loading.svg; https://www.alstapingtools.com/26-2-floor-plate-with-soles/"
"Dura-Stilt","Dura-Stilt IV Drywall Stilt Harness / Strap Kit","DS8060","","N/A","","","https://cdn11.bigcommerce.com/s-dbb3r9a7se/images/stencil/1280w/products/1063/4856/dura_harness_kit__92884.1675191946.jpg; https://www.alstapingtools.com/dura-stilt-iv-drywall-stilt-harness-strap-kit/"
"Dura-Stilt","26.1 - Floor Plate","DS26.1","","N/A","","","https://cdn11.bigcommerce.com/s-dbb3r9a7se/images/stencil/1280w/products/1046/1709/ds26.1__11933.1675191902.jpg | https://cdn11.bigcommerce.com/s-dbb3r9a7se/stencil/382d9e80-277d-013e-e48e-4a4f5670f649/e/04e821c0-e5dd-013e-f544-2ec1a3f21564/img/loading.svg; https://www.alstapingtools.com/26-1-floor-plate/"
"Dura-Stilt","24 - Machine Bolt 1/4-20 x 1/2""","DS24","","N/A","","","https://cdn11.bigcommerce.com/s-dbb3r9a7se/images/stencil/1280w/products/1018/2068/ds24__34246.1675191907.jpg | https://cdn11.bigcommerce.com/s-dbb3r9a7se/stencil/382d9e80-277d-013e-e48e-4a4f5670f649/e/04e821c0-e5dd-013e-f544-2ec1a3f21564/img/loading.svg; https://www.alstapingtools.com/24-machine-bolt-1-4-20-x-1-2/"
"Dura-Stilt","23.3 - Lower Strut Tube 24-40""","DS23.3","","N/A","","","https://cdn11.bigcommerce.com/s-dbb3r9a7se/images/stencil/1280w/products/987/3497/ds23.3__65307.1675191927.jpg; https://www.alstapingtools.com/23-3-lower-strut-tube-24-40/"
"Dura-Stilt","Dura-Stilt Foot Strap & Heel Kit","DS1000","","N/A","","","https://cdn11.bigcommerce.com/s-dbb3r9a7se/images/stencil/1280w/products/978/1714/dura_stilt_strap_kit__82075.1675191902.jpg | https://cdn11.bigcommerce.com/s-dbb3r9a7se/stencil/382d9e80-277d-013e-e48e-4a4f5670f649/e/04e821c0-e5dd-013e-f544-2ec1a3f21564/img/loading.svg; https://www.alstapingtools.com/dura-stilt-foot-strap-heel-kit/"
"Dura-Stilt","23.2 - Lower Strut Tube 18-30""","DS23.2","","N/A","","","https://cdn11.bigcommerce.com/s-dbb3r9a7se/images/stencil/1280w/products/963/990/ds23.2__04489.1675191892.jpg; https://www.alstapingtools.com/23-2-lower-strut-tube-18-30/"
"Dura-Stilt","Dura-Stilt Spring Assembly Kit 245","DS245","","N/A","","","https://cdn11.bigcommerce.com/s-dbb3r9a7se/images/stencil/1280w/products/947/2758/ds245__62326.1675191917.jpg | https://cdn11.bigcommerce.com/s-dbb3r9a7se/images/stencil/1280w/products/947/3190/ds2451__18358.1675191923.jpg | https://cdn11.bigcommerce.com/s-dbb3r9a7se/stencil/382d9e80-277d-013e-e48e-4a4f5670f649/e/04e821c0-e5dd-013e-f544-2ec1a3f21564/img/loading.svg; https://www.alstapingtools.com/dura-stilt-spring-assembly-kit-245/"
"Dura-Stilt","23.1 - Lower Strut Tube 14-22""","DS23.1","","N/A","","","https://cdn11.bigcommerce.com/s-dbb3r9a7se/images/stencil/1280w/products/946/4276/ds23.1__81262.1675191938.jpg | https://cdn11.bigcommerce.com/s-dbb3r9a7se/stencil/382d9e80-277d-013e-e48e-4a4f5670f649/e/04e821c0-e5dd-013e-f544-2ec1a3f21564/img/loading.svg; https://www.alstapingtools.com/23-1-lower-strut-tube-14-22/"
"Dura-Stilt","22 -  Stud Bolt Threaded Both Ends 1/4x7 1/8","DS22","","N/A","","","https://cdn11.bigcommerce.com/s-dbb3r9a7se/images/stencil/1280w/products/921/948/ds22__62434.1675191892.jpg; https://www.alstapingtools.com/22-stud-bolt-threaded-both-ends-1-4x7-1-8/"
"Dura-Stilt","21 - Large Leg Band Support Washer","DS21","","N/A","","","https://cdn11.bigcommerce.com/s-dbb3r9a7se/images/stencil/1280w/products/850/2597/ds21__71064.1675191915.jpg | https://cdn11.bigcommerce.com/s-dbb3r9a7se/stencil/382d9e80-277d-013e-e48e-4a4f5670f649/e/04e821c0-e5dd-013e-f544-2ec1a3f21564/img/loading.svg; https://www.alstapingtools.com/21-large-leg-band-support-washer/"
"Dura-Stilt","20 - Spring Divider","DS20","","N/A","","","https://cdn11.bigcommerce.com/s-dbb3r9a7se/images/stencil/1280w/products/830/4248/ds20__37244.1675191938.jpg | https://cdn11.bigcommerce.com/s-dbb3r9a7se/stencil/382d9e80-277d-013e-e48e-4a4f5670f649/e/04e821c0-e5dd-013e-f544-2ec1a3f21564/img/loading.svg; https://www.alstapingtools.com/20-spring-divider/"
"Dura-Stilt","19 - Self Threading Screw #8","DS19","","N/A","","","https://cdn11.bigcommerce.com/s-dbb3r9a7se/images/stencil/1280w/products/804/1125/ds19__44824.1675191894.jpg | https://cdn11.bigcommerce.com/s-dbb3r9a7se/stencil/382d9e80-277d-013e-e48e-4a4f5670f649/e/04e821c0-e5dd-013e-f544-2ec1a3f21564/img/loading.svg; https://www.alstapingtools.com/19-self-threading-screw-8/"
"Dura-Stilt","18 - Nylon Spring Bearing","DS18","","N/A","","","https://cdn11.bigcommerce.com/s-dbb3r9a7se/images/stencil/1280w/products/779/2017/ds17__83821.1675191906.jpg | https://cdn11.bigcommerce.com/s-dbb3r9a7se/stencil/382d9e80-277d-013e-e48e-4a4f5670f649/e/04e821c0-e5dd-013e-f544-2ec1a3f21564/img/loading.svg; https://www.alstapingtools.com/18-nylon-spring-bearing/"
"Dura-Stilt","16 - Upper Coil Spring (Dark Brown)","DS16","","N/A","","","https://cdn11.bigcommerce.com/s-dbb3r9a7se/images/stencil/1280w/products/752/3739/ds16__03099.1675191931.jpg | https://cdn11.bigcommerce.com/s-dbb3r9a7se/stencil/382d9e80-277d-013e-e48e-4a4f5670f649/e/04e821c0-e5dd-013e-f544-2ec1a3f21564/img/loading.svg; https://www.alstapingtools.com/16-upper-coil-spring-dark-brown/"
"Dura-Stilt","15 - Spring Adjuster","DS15","","N/A","","","https://cdn11.bigcommerce.com/s-dbb3r9a7se/images/stencil/1280w/products/729/1819/ds15__92781.1675191904.jpg | https://cdn11.bigcommerce.com/s-dbb3r9a7se/stencil/382d9e80-277d-013e-e48e-4a4f5670f649/e/04e821c0-e5dd-013e-f544-2ec1a3f21564/img/loading.svg; https://www.alstapingtools.com/15-spring-adjuster/"
"Dura-Stilt","Ultra Comfort Stilt Leg Band & Padded Strap Kit","SSFBK-MCS","","N/A","","","https://cdn11.bigcommerce.com/s-dbb3r9a7se/images/stencil/1280w/products/715/718/comfort_sr_kit__17940.1675191888.jpg; https://www.alstapingtools.com/ultra-comfort-stilt-leg-band-padded-strap-kit/"
"Dura-Stilt","14 - Standard Nut 1/4""","DS14","","N/A","","","https://cdn11.bigcommerce.com/s-dbb3r9a7se/images/stencil/1280w/products/691/2567/709007_4__02251.1675191914.jpg | https://cdn11.bigcommerce.com/s-dbb3r9a7se/stencil/382d9e80-277d-013e-e48e-4a4f5670f649/e/04e821c0-e5dd-013e-f544-2ec1a3f21564/img/loading.svg; https://www.alstapingtools.com/14-standard-nut-1-4/"
"Dura-Stilt","Dura-Stilt Floor Plates with Rubber Shoes / Pads (Full Set of 2)","DS26B-A","","N/A","","","https://cdn11.bigcommerce.com/s-dbb3r9a7se/images/stencil/1280w/products/682/501/dura_feey__45904.1675191885.jpg | https://cdn11.bigcommerce.com/s-dbb3r9a7se/stencil/382d9e80-277d-013e-e48e-4a4f5670f649/e/04e821c0-e5dd-013e-f544-2ec1a3f21564/img/loading.svg; https://www.alstapingtools.com/dura-stilt-floor-plates-with-rubber-shoes-pads-full-set-of-2/"
"Dura-Stilt","13 - Locknut 1/4 x 20","DS13","","N/A","","","https://cdn11.bigcommerce.com/s-dbb3r9a7se/images/stencil/1280w/products/654/1791/709027_1__79572.1675191903.jpg | https://cdn11.bigcommerce.com/s-dbb3r9a7se/stencil/382d9e80-277d-013e-e48e-4a4f5670f649/e/04e821c0-e5dd-013e-f544-2ec1a3f21564/img/loading.svg; https://www.alstapingtools.com/13-locknut-1-4-x-20/"
"Dura-Stilt","12 - 1/4"" Flat Washer","DS12","","N/A","","","https://cdn11.bigcommerce.com/s-dbb3r9a7se/images/stencil/1280w/products/606/4127/059213_1__27127.1675191936.jpg; https://www.alstapingtools.com/12-1-4-flat-washer/"
"Dura-Stilt","11 - Nylon Leg Bearing","DS11","","N/A","","","https://cdn11.bigcommerce.com/s-dbb3r9a7se/images/stencil/1280w/products/587/1518/ds11__16119.1675191900.jpg | https://cdn11.bigcommerce.com/s-dbb3r9a7se/stencil/382d9e80-277d-013e-e48e-4a4f5670f649/e/04e821c0-e5dd-013e-f544-2ec1a3f21564/img/loading.svg; https://www.alstapingtools.com/11-nylon-leg-bearing/"
"Dura-Stilt","10 - Adjustable Heel Bracket","DS10","","N/A","","","https://cdn11.bigcommerce.com/s-dbb3r9a7se/images/stencil/1280w/products/543/2672/ds10__39915.1675191916.jpg | https://cdn11.bigcommerce.com/s-dbb3r9a7se/stencil/382d9e80-277d-013e-e48e-4a4f5670f649/e/04e821c0-e5dd-013e-f544-2ec1a3f21564/img/loading.svg; https://www.alstapingtools.com/10-adjustable-heel-bracket/"
"Dura-Stilt","9 - Foot Plate","DS09","","N/A","","","https://cdn11.bigcommerce.com/s-dbb3r9a7se/images/stencil/1280w/products/508/4249/ds09__98438.1675191938.jpg | https://cdn11.bigcommerce.com/s-dbb3r9a7se/stencil/382d9e80-277d-013e-e48e-4a4f5670f649/e/04e821c0-e5dd-013e-f544-2ec1a3f21564/img/loading.svg; https://www.alstapingtools.com/9-foot-plate/"
"Dura-Stilt","8 - Toe Strap W/Buckle","GDS08 PAIR","","N/A","","","https://cdn11.bigcommerce.com/s-dbb3r9a7se/images/stencil/1280w/products/478/1382/ds08__35262.1675191898.jpg; https://www.alstapingtools.com/8-toe-strap-w-buckle/"
"Dura-Stilt","7 - Arch Strap W/Buckle","DS07","","N/A","","","https://cdn11.bigcommerce.com/s-dbb3r9a7se/images/stencil/1280w/products/455/2497/ds07__06898.1675191914.jpg | https://cdn11.bigcommerce.com/s-dbb3r9a7se/stencil/382d9e80-277d-013e-e48e-4a4f5670f649/e/04e821c0-e5dd-013e-f544-2ec1a3f21564/img/loading.svg; https://www.alstapingtools.com/7-arch-strap-w-buckle/"
"Dura-Stilt","6 - Truss Head Screw & Nut","DS06","","N/A","","","https://cdn11.bigcommerce.com/s-dbb3r9a7se/images/stencil/1280w/products/434/4216/ds06__24765.1675191937.jpg | https://cdn11.bigcommerce.com/s-dbb3r9a7se/stencil/382d9e80-277d-013e-e48e-4a4f5670f649/e/04e821c0-e5dd-013e-f544-2ec1a3f21564/img/loading.svg; https://www.alstapingtools.com/6-truss-head-screw-nut/"
"Dura-Stilt","48 - Large Nylon Extension Tube Sleeve","DS48","","N/A","","","https://cdn11.bigcommerce.com/s-dbb3r9a7se/images/stencil/1280w/products/402/1990/ds48__28374.1675191906.jpg; https://www.alstapingtools.com/48-large-nylon-extension-tube-sleeve/"
"Dura-Stilt","5.2 - Upper Strut Tube for 24""-40""","DS5.2","","N/A","","","https://cdn11.bigcommerce.com/s-dbb3r9a7se/images/stencil/1280w/products/367/2503/ds5.2__96302.1675191914.jpg | https://cdn11.bigcommerce.com/s-dbb3r9a7se/stencil/382d9e80-277d-013e-e48e-4a4f5670f649/e/04e821c0-e5dd-013e-f544-2ec1a3f21564/img/loading.svg; https://www.alstapingtools.com/5-2-upper-strut-tube-for-24-40/"
"Dura-Stilt","5.1 - 1 1/8"" O.D. Upper Strut Tube for 14-22 & 18-30","DS5.1","","N/A","","","https://cdn11.bigcommerce.com/s-dbb3r9a7se/images/stencil/1280w/products/340/1227/ds5.1__07836.1675191895.jpg; https://www.alstapingtools.com/5-1-1-1-8-o-d-upper-strut-tube-for-14-22-18-30/"
"Dura-Stilt","4 - Leg Strap & Buckle","DS04-A","","N/A","","","https://cdn11.bigcommerce.com/s-dbb3r9a7se/images/stencil/1280w/products/317/3210/ds04__76691.1675191923.jpg | https://cdn11.bigcommerce.com/s-dbb3r9a7se/stencil/382d9e80-277d-013e-e48e-4a4f5670f649/e/04e821c0-e5dd-013e-f544-2ec1a3f21564/img/loading.svg; https://www.alstapingtools.com/4-leg-strap-buckle/"
"Dura-Stilt","3 - 2"" Flat Head Screw W/Nut","DS03","","N/A","","","https://cdn11.bigcommerce.com/s-dbb3r9a7se/images/stencil/1280w/products/292/4171/ds03__01290.1675191937.jpg | https://cdn11.bigcommerce.com/s-dbb3r9a7se/stencil/382d9e80-277d-013e-e48e-4a4f5670f649/e/04e821c0-e5dd-013e-f544-2ec1a3f21564/img/loading.svg; https://www.alstapingtools.com/3-2-flat-head-screw-w-nut/"
"Dura-Stilt","50B-2 - Right rear adjustable leg (18-30"")","DS50B-2","","N/A","","","https://cdn11.bigcommerce.com/s-dbb3r9a7se/images/stencil/1280w/products/217/582/ds50.218__64707.1675191886.jpg; https://www.alstapingtools.com/50b-2-right-rear-adjustable-leg-18-30/"
"Dura-Stilt","50A-2 - Right Rear Adjustable Leg (14-22"")","DS50A-2","","N/A","","","https://cdn11.bigcommerce.com/s-dbb3r9a7se/images/stencil/1280w/products/194/2430/ds50.214__18490.1675191913.jpg; https://www.alstapingtools.com/50a-2-right-rear-adjustable-leg-14-22/"
"Dura-Stilt","2 - Leg Band Spacer","DS02","","N/A","","","https://cdn11.bigcommerce.com/s-dbb3r9a7se/images/stencil/1280w/products/168/1358/ds02__68194.1675191897.jpg | https://cdn11.bigcommerce.com/s-dbb3r9a7se/stencil/382d9e80-277d-013e-e48e-4a4f5670f649/e/04e821c0-e5dd-013e-f544-2ec1a3f21564/img/loading.svg; https://www.alstapingtools.com/2-leg-band-spacer/"
"Dura-Stilt","50A-1 - Left Rear Adjustable Leg (14-22"")","DS50A-1","","N/A","","","https://cdn11.bigcommerce.com/s-dbb3r9a7se/images/stencil/1280w/products/163/3465/ds50.114__94522.1675191927.jpg; https://www.alstapingtools.com/50a-1-left-rear-adjustable-leg-14-22/"
"Dura-Stilt","50B-1 - Left Rear Adjustable Leg (18-30"")","DS50B-1","","N/A","","","https://cdn11.bigcommerce.com/s-dbb3r9a7se/images/stencil/1280w/products/136/1425/ds50.118__42917.1675191898.jpg; https://www.alstapingtools.com/50b-1-left-rear-adjustable-leg-18-30/"
"Dura-Stilt","1 - Leg Band W/Pads","DS01","","N/A","","","https://cdn11.bigcommerce.com/s-dbb3r9a7se/images/stencil/1280w/products/133/1115/ds1__50018.1675191894.jpg | https://cdn11.bigcommerce.com/s-dbb3r9a7se/stencil/382d9e80-277d-013e-e48e-4a4f5670f649/e/04e821c0-e5dd-013e-f544-2ec1a3f21564/img/loading.svg; https://www.alstapingtools.com/1-leg-band-w-pads/"
"Platinum","11 - Center Clip Assembly","CF-11","","N/A","","","https://cdn11.bigcommerce.com/s-dbb3r9a7se/images/stencil/1280w/products/3895/5780/484014f_2__27706.1748975363.jpg | https://cdn11.bigcommerce.com/s-dbb3r9a7se/stencil/382d9e80-277d-013e-e48e-4a4f5670f649/e/04e821c0-e5dd-013e-f544-2ec1a3f21564/img/loading.svg; https://www.alstapingtools.com/11-center-clip-assembly/"
"Platinum","31 - 8"" Flat Box Blade","FB-31-8","","N/A","","","https://cdn11.bigcommerce.com/s-dbb3r9a7se/images/stencil/1280w/products/2281/1938/httpwww.alstapingtools.comimagesproductsdetailblade1.1_1__84420.1675191905.jpg | https://cdn11.bigcommerce.com/s-dbb3r9a7se/stencil/382d9e80-277d-013e-e48e-4a4f5670f649/e/04e821c0-e5dd-013e-f544-2ec1a3f21564/img/loading.svg; https://www.alstapingtools.com/31-8-flat-box-blade/"
"Sur-Stilt","Sur-Pro Stilt Strap Kit ( Fits all Surpro Single-Sided Stilts)","SS1002-B","","N/A","","","https://cdn11.bigcommerce.com/s-dbb3r9a7se/images/stencil/1280w/products/3969/5871/screenshot_2023-06-20_143130__64709.1748975417.png; https://www.alstapingtools.com/sur-pro-stilt-strap-kit-fits-all-surpro-single-sided-stilts/"
"Sur-Stilt","Sur-Pro Foot Plate Kit","SS1012","","N/A","","","https://cdn11.bigcommerce.com/s-dbb3r9a7se/images/stencil/1280w/products/887/419/ss1012__27357.1675191884.png | https://cdn11.bigcommerce.com/s-dbb3r9a7se/images/stencil/1280w/products/887/1160/ss1012-1__16322.1675191894.png | https://cdn11.bigcommerce.com/s-dbb3r9a7se/stencil/382d9e80-277d-013e-e48e-4a4f5670f649/e/04e821c0-e5dd-013e-f544-2ec1a3f21564/img/loading.svg; https://www.alstapingtools.com/sur-pro-foot-plate-kit/"
"Sur-Stilt","Sur-Pro Wing Bolt Kit (4 Pack)","SS1008","","N/A","","","https://cdn11.bigcommerce.com/s-dbb3r9a7se/images/stencil/1280w/products/854/3226/ss1008-1__27691.1675191924.png | https://cdn11.bigcommerce.com/s-dbb3r9a7se/stencil/382d9e80-277d-013e-e48e-4a4f5670f649/e/04e821c0-e5dd-013e-f544-2ec1a3f21564/img/loading.svg; https://www.alstapingtools.com/sur-pro-wing-bolt-kit-4-pack/"
"Sur-Stilt","Sur-Pro Wraparound Leg Band Kit","SPWRAP","","N/A","","","https://cdn11.bigcommerce.com/s-dbb3r9a7se/images/stencil/1280w/products/400/769/ss1005pf__03404.1675191889.png; https://www.alstapingtools.com/sur-pro-wraparound-leg-band-kit/"
"Sur-Stilt","Sur-Pro Plastic Leg Band Kit","SS1005-P","","N/A","","","https://cdn11.bigcommerce.com/s-dbb3r9a7se/images/stencil/1280w/products/378/4430/ss1005p__29279.1675191940.png; https://www.alstapingtools.com/sur-pro-plastic-leg-band-kit/"
"Sur-Stilt","Sur-Pro Strap Kit - SS1011","SS1011","","N/A","","","https://cdn11.bigcommerce.com/s-dbb3r9a7se/images/stencil/1280w/products/285/3489/ss1011a__86312.1675191927.png; https://www.alstapingtools.com/sur-pro-strap-kit-ss1011/"
"Sur-Stilt","Sur-Pro Floor Plate Kit","SS1003R","","N/A","","","https://cdn11.bigcommerce.com/s-dbb3r9a7se/images/stencil/1280w/products/243/2281/sur_pro_feet__85152.1675191910.png | https://cdn11.bigcommerce.com/s-dbb3r9a7se/images/stencil/1280w/products/243/2644/ss1003r__21935.1675191915.png | https://cdn11.bigcommerce.com/s-dbb3r9a7se/stencil/382d9e80-277d-013e-e48e-4a4f5670f649/e/04e821c0-e5dd-013e-f544-2ec1a3f21564/img/loading.svg; https://www.alstapingtools.com/sur-pro-floor-plate-kit/"
"Sur-Stilt","Sur-Stilt Heel Bracket Kit","SS1009","","N/A","","","https://cdn11.bigcommerce.com/s-dbb3r9a7se/images/stencil/1280w/products/3503/5559/httpwww.alstapingtools.comimagesproductsdetailsurproheals__91649.1675191963.jpg; https://www.alstapingtools.com/sur-stilt-heel-bracket-kit/"
"Sur-Stilt","Leg Band Strap for Double Sided Sur-Pro Stilts - H164BK","H164BK","","N/A","","","https://cdn11.bigcommerce.com/s-dbb3r9a7se/images/stencil/1280w/products/1569/548/h164bk__89291.1675191886.png; https://www.alstapingtools.com/leg-band-strap-for-double-sided-sur-pro-stilts-h164bk/"
"Sur-Stilt","Side Pole 18″-30″ - H165W-18AP","H165W-18AP","","N/A","","","https://cdn11.bigcommerce.com/s-dbb3r9a7se/images/stencil/1280w/products/1547/1498/h165w-xxap-picture-2__54653.1675191899.png; https://www.alstapingtools.com/side-pole-18-30-h165w-18ap/"
"Sur-Stilt","Side Pole 24″-40″ - H165W-24AP","H165W-24AP","","N/A","","","https://cdn11.bigcommerce.com/s-dbb3r9a7se/images/stencil/1280w/products/1522/1858/h165w-xxap-picture-2_1___00516.1675191904.png; https://www.alstapingtools.com/side-pole-24-40-h165w-24ap/"
"Sur-Stilt","Leg Band Laces (Set of 2) - H173","H173","","N/A","","","https://cdn11.bigcommerce.com/s-dbb3r9a7se/images/stencil/1280w/products/1491/2123/h173__94726.1675191908.png; https://www.alstapingtools.com/leg-band-laces-set-of-2-h173/"
"Sur-Stilt","Leg Pole Lower Strut 15″-23″ 1 - H123-15AP","h123-15ap","","N/A","","","https://cdn11.bigcommerce.com/s-dbb3r9a7se/images/stencil/1280w/products/1249/2881/h123w-15ap__34139.1675191919.png | https://cdn11.bigcommerce.com/s-dbb3r9a7se/stencil/382d9e80-277d-013e-e48e-4a4f5670f649/e/04e821c0-e5dd-013e-f544-2ec1a3f21564/img/loading.svg; https://www.alstapingtools.com/leg-pole-lower-strut-15-23-1-h123-15ap/"
"Sur-Stilt","Adjustable Arch Strap - HP107W","H107W","","N/A","","","https://cdn11.bigcommerce.com/s-dbb3r9a7se/images/stencil/1280w/products/1225/1741/hp108w_2___84839.1675191903.png; https://www.alstapingtools.com/adjustable-arch-strap-hp107w/"
"Sur-Stilt","Side Pole Clamp - H12930AP","H12930AP","","N/A","","","https://cdn11.bigcommerce.com/s-dbb3r9a7se/images/stencil/1280w/products/1188/1864/h12930ap-and-hp12930ap-picture-3__79618.1675191904.png; https://www.alstapingtools.com/side-pole-clamp-h12930ap/"
"Sur-Stilt","Metal Clamp Bracket - H131S","H131S","","N/A","","","https://cdn11.bigcommerce.com/s-dbb3r9a7se/images/stencil/1280w/products/1157/2788/h131s-pic2__06914.1675191918.png; https://www.alstapingtools.com/metal-clamp-bracket-h131s/"
"Sur-Stilt","Wraparound Leg Band - HS101W-F","H101PF","","N/A","","","https://cdn11.bigcommerce.com/s-dbb3r9a7se/images/stencil/1280w/products/1042/381/h101pf__00789.1675191883.png | https://cdn11.bigcommerce.com/s-dbb3r9a7se/images/stencil/1280w/products/1042/1035/h101pf-picture-2__42321.1675191893.png; https://www.alstapingtools.com/wraparound-leg-band-hs101w-f/"
"Sur-Stilt","Leg Pole Upper Strut for Single Sided Sur-Stilts - HP105","hp105","","N/A","","","https://cdn11.bigcommerce.com/s-dbb3r9a7se/images/stencil/1280w/products/997/778/h105-xxap-and-h105-xxxxap__88477.1675191889.png | https://cdn11.bigcommerce.com/s-dbb3r9a7se/stencil/382d9e80-277d-013e-e48e-4a4f5670f649/e/04e821c0-e5dd-013e-f544-2ec1a3f21564/img/loading.svg; https://www.alstapingtools.com/leg-pole-upper-strut-for-single-sided-sur-stilts-hp105/"
"Sur-Stilt","Leg Band Strap - H104BK","H104BK-A","","N/A","","","https://cdn11.bigcommerce.com/s-dbb3r9a7se/images/stencil/1280w/products/965/2590/h104bk_1___77757.1675191915.png | https://cdn11.bigcommerce.com/s-dbb3r9a7se/stencil/382d9e80-277d-013e-e48e-4a4f5670f649/e/04e821c0-e5dd-013e-f544-2ec1a3f21564/img/loading.svg; https://www.alstapingtools.com/leg-band-strap-h104bk/"
"Sur-Stilt","Adjustable Toe Strap - H108W","H108W","","N/A","","","https://cdn11.bigcommerce.com/s-dbb3r9a7se/images/stencil/1280w/products/944/1564/hp108w__80781.1675191900.png; https://www.alstapingtools.com/adjustable-toe-strap-h108w/"
"Sur-Stilt","Sur-Pro Spring Kit","SS1004","","N/A","","","https://cdn11.bigcommerce.com/s-dbb3r9a7se/images/stencil/1280w/products/905/3685/ss1004_1___62721.1675191930.png | https://cdn11.bigcommerce.com/s-dbb3r9a7se/images/stencil/1280w/products/905/3970/ss1004__37659.1675191934.png | https://cdn11.bigcommerce.com/s-dbb3r9a7se/stencil/382d9e80-277d-013e-e48e-4a4f5670f649/e/04e821c0-e5dd-013e-f544-2ec1a3f21564/img/loading.svg; https://www.alstapingtools.com/sur-pro-spring-kit/"
"Sur-Stilt","Sur-Stilt Plastic Sleeve Kit - SS1007","SS1007","","N/A","","","https://cdn11.bigcommerce.com/s-dbb3r9a7se/images/stencil/1280w/products/777/3444/ss1007_1___73792.1675191927.png | https://cdn11.bigcommerce.com/s-dbb3r9a7se/images/stencil/1280w/products/777/4378/httpwww.alstapingtools.comimagesproductsdetailsurprosleve__21766.1675191940.jpg | https://cdn11.bigcommerce.com/s-dbb3r9a7se/images/stencil/1280w/products/777/4637/ss1007__79721.1675191943.png | https://cdn11.bigcommerce.com/s-dbb3r9a7se/stencil/382d9e80-277d-013e-e48e-4a4f5670f649/e/04e821c0-e5dd-013e-f544-2ec1a3f21564/img/loading.svg; https://www.alstapingtools.com/sur-stilt-plastic-sleeve-kit-ss1007/"
"Sur-Stilt","Leg Band Strap for Single Sided Sur-Pro Stilts - H104BK","H104BK","","N/A","","","https://cdn11.bigcommerce.com/s-dbb3r9a7se/images/stencil/1280w/products/343/2936/h104bk__82780.1675191920.png | https://cdn11.bigcommerce.com/s-dbb3r9a7se/stencil/382d9e80-277d-013e-e48e-4a4f5670f649/e/04e821c0-e5dd-013e-f544-2ec1a3f21564/img/loading.svg; https://www.alstapingtools.com/leg-band-strap-for-single-sided-sur-pro-stilts-h104bk/"
"Sur-Stilt","Sur-Pro Nylon Foot Plate - H109","H109","","N/A","","","https://cdn11.bigcommerce.com/s-dbb3r9a7se/images/stencil/1280w/products/264/3173/h109-pic3__05512.1675191923.png | https://cdn11.bigcommerce.com/s-dbb3r9a7se/stencil/382d9e80-277d-013e-e48e-4a4f5670f649/e/04e821c0-e5dd-013e-f544-2ec1a3f21564/img/loading.svg; https://www.alstapingtools.com/sur-pro-nylon-foot-plate-h109/"
"Sur-Stilt","Sur-Pro S2 Stilt Leg Band Kit (Right) - SS1010R","SS1010R","","N/A","","","https://cdn11.bigcommerce.com/s-dbb3r9a7se/images/stencil/1280w/products/249/5172/httpwww.alstapingtools.comimagesproductsdetailsurprolegbandkit1.1__98344.1675191953.jpg | https://cdn11.bigcommerce.com/s-dbb3r9a7se/images/stencil/1280w/products/249/5557/ss1010r_1__66328.1675191963.png | https://cdn11.bigcommerce.com/s-dbb3r9a7se/images/stencil/1280w/products/249/5119/ss1010l-and-ss1010r_1__81343.1675191951.png | https://cdn11.bigcommerce.com/s-dbb3r9a7se/stencil/382d9e80-277d-013e-e48e-4a4f5670f649/e/04e821c0-e5dd-013e-f544-2ec1a3f21564/img/loading.svg; https://www.alstapingtools.com/sur-pro-s2-stilt-leg-band-kit-right-ss1010r/"
"Sur-Stilt","Sur-Pro S2 Stilt Leg Band Kit (Left) - SS1010L","SS1010L","","N/A","","","https://cdn11.bigcommerce.com/s-dbb3r9a7se/images/stencil/1280w/products/153/5331/httpwww.alstapingtools.comimagesproductsdetailsurprolegbandkitleft1__72523.1675191957.jpg | https://cdn11.bigcommerce.com/s-dbb3r9a7se/images/stencil/1280w/products/153/5611/ss1010l-and-ss1010r__97445.1675191965.png | https://cdn11.bigcommerce.com/s-dbb3r9a7se/images/stencil/1280w/products/153/5160/ss1010r__66737.1675191952.png; https://www.alstapingtools.com/sur-pro-s2-stilt-leg-band-kit-left-ss1010l/"
"Level 5","7-022 - Needle Holder Lock","7-022","","N/A","","","https://cdn11.bigcommerce.com/s-dbb3r9a7se/stencil/382d9e80-277d-013e-e48e-4a4f5670f649/e/04e821c0-e5dd-013e-f544-2ec1a3f21564/img/ProductDefault.svg; https://www.alstapingtools.com/7-022-needle-holder-lock/"
"Level 5","7-014 - Collar Bushing","7-014","","N/A","","","https://cdn11.bigcommerce.com/s-dbb3r9a7se/stencil/382d9e80-277d-013e-e48e-4a4f5670f649/e/04e821c0-e5dd-013e-f544-2ec1a3f21564/img/ProductDefault.svg; https://www.alstapingtools.com/7-014-collar-bushing/"
"Level 5","Level 5 Drywall Loading Pump Rebuild Kit - 4-801","4-801","","N/A","","","https://cdn11.bigcommerce.com/s-dbb3r9a7se/images/stencil/1280w/products/189/3554/level5_pump_rebuild__73786.1675191928.jpg; https://www.alstapingtools.com/level-5-drywall-loading-pump-rebuild-kit-4-801/"
"Level 5","27 - Lock Clip","709046-A2","","N/A","","","https://cdn11.bigcommerce.com/s-dbb3r9a7se/images/stencil/1280w/products/2399/5454/709046_1__64820.1675191960.jpg | https://cdn11.bigcommerce.com/s-dbb3r9a7se/stencil/382d9e80-277d-013e-e48e-4a4f5670f649/e/04e821c0-e5dd-013e-f544-2ec1a3f21564/img/loading.svg; https://www.alstapingtools.com/27-lock-clip/"
"Level 5","2 - U-Cup","700005-A","","N/A","","","https://cdn11.bigcommerce.com/s-dbb3r9a7se/images/stencil/1280w/products/2369/3002/700005_4_1__11319.1675191921.jpg | https://cdn11.bigcommerce.com/s-dbb3r9a7se/stencil/382d9e80-277d-013e-e48e-4a4f5670f649/e/04e821c0-e5dd-013e-f544-2ec1a3f21564/img/loading.svg; https://www.alstapingtools.com/2-u-cup/"
"Level 5","Level 5 Drywall Taper Gooser Assembly","4-817","","N/A","","","https://cdn11.bigcommerce.com/s-dbb3r9a7se/images/stencil/1280w/products/1563/1267/gooser_l5__80008.1675191896.jpg; https://www.alstapingtools.com/level-5-drywall-taper-gooser-assembly/"
"Level 5","Level 5 Automatic Drywall Taper Repair Kit - 4-815","4-815","","N/A","","","https://cdn11.bigcommerce.com/s-dbb3r9a7se/images/stencil/1280w/products/1548/1046/level5_taper_kitss__09952.1675191893.jpg; https://www.alstapingtools.com/level-5-automatic-drywall-taper-repair-kit-4-815/"
"Level 5","7108 - Spring Cut Off","7108","","N/A","","","https://cdn11.bigcommerce.com/s-dbb3r9a7se/images/stencil/1280w/products/532/4021/050132f__39995.1675191935.jpg; https://www.alstapingtools.com/7108-spring-cut-off/"
"Level 5","7019 - Needle Spring","56022-A3","","N/A","","","https://cdn11.bigcommerce.com/s-dbb3r9a7se/images/stencil/1280w/products/504/1552/056022_1__64512.1675191900.jpg; https://www.alstapingtools.com/7019-needle-spring/"
"Graco","GRACO TEXTURE GUN RTX 5000 - 24s134","24s134","","N/A","","","https://cdn11.bigcommerce.com/s-dbb3r9a7se/images/stencil/1280w/products/4732/6789/8000105B-1516046800-114629__43625.1772826744.png | https://cdn11.bigcommerce.com/s-dbb3r9a7se/stencil/382d9e80-277d-013e-e48e-4a4f5670f649/e/04e821c0-e5dd-013e-f544-2ec1a3f21564/img/loading.svg; https://www.alstapingtools.com/graco-texture-gun-rtx-5000-24s134/"
"Graco","Graco Bearing Sleeve, 4MM Shaft - 119184","119184","","N/A","","","https://cdn11.bigcommerce.com/s-dbb3r9a7se/images/stencil/1280w/products/4087/5702/screenshot_2023-10-30_145151_1_1__73522.1748975318.png | https://cdn11.bigcommerce.com/s-dbb3r9a7se/stencil/382d9e80-277d-013e-e48e-4a4f5670f649/e/04e821c0-e5dd-013e-f544-2ec1a3f21564/img/loading.svg; https://www.alstapingtools.com/graco-bearing-sleeve-4mm-shaft-119184/"
"Graco","Graco Seal Air Valve - Texture Gun - 15D104","15D104","","N/A","","","https://cdn11.bigcommerce.com/s-dbb3r9a7se/images/stencil/1280w/products/4084/5710/screenshot_2023-10-30_145151_7__13529.1748975322.png | https://cdn11.bigcommerce.com/s-dbb3r9a7se/stencil/382d9e80-277d-013e-e48e-4a4f5670f649/e/04e821c0-e5dd-013e-f544-2ec1a3f21564/img/loading.svg; https://www.alstapingtools.com/graco-seal-air-valve-texture-gun-15d104/"
"Graco","Graco Q Fitting Union Swivel - 156823","156823","","N/A","","","https://cdn11.bigcommerce.com/s-dbb3r9a7se/images/stencil/1280w/products/4081/5707/screenshot_2023-10-30_145151_4__29163.1748975321.png | https://cdn11.bigcommerce.com/s-dbb3r9a7se/stencil/382d9e80-277d-013e-e48e-4a4f5670f649/e/04e821c0-e5dd-013e-f544-2ec1a3f21564/img/loading.svg; https://www.alstapingtools.com/graco-q-fitting-union-swivel-156823/"
"Graco","Graco Low Pressure Tip - LP631","LP631","","N/A","","","https://cdn11.bigcommerce.com/s-dbb3r9a7se/images/stencil/1280w/products/4073/5815/screenshot_2023-10-30_145151_3__76506.1748975385.png | https://cdn11.bigcommerce.com/s-dbb3r9a7se/stencil/382d9e80-277d-013e-e48e-4a4f5670f649/e/04e821c0-e5dd-013e-f544-2ec1a3f21564/img/loading.svg; https://www.alstapingtools.com/graco-low-pressure-tip-lp631/"
"Graco","Graco 241338 Gun & Hose Kit for Mark V","241338","","N/A","","","https://cdn11.bigcommerce.com/s-dbb3r9a7se/images/stencil/1280w/products/4061/5724/241338_heavy_duty_blue_texture_gun_with_4_finger_trigger_50ft_hose_main-600x600__83205.1748975330.jpg; https://www.alstapingtools.com/graco-241338-gun-hose-kit-for-mark-v/"
"Graco","Graco Kit Replacement Nozzle - 234153","234153","","N/A","","","https://cdn11.bigcommerce.com/s-dbb3r9a7se/images/stencil/1280w/products/4052/5723/31jrnblzkol._ac___93523.1748975330.jpg | https://cdn11.bigcommerce.com/s-dbb3r9a7se/stencil/382d9e80-277d-013e-e48e-4a4f5670f649/e/04e821c0-e5dd-013e-f544-2ec1a3f21564/img/loading.svg; https://www.alstapingtools.com/graco-kit-replacement-nozzle-234153/"
"Graco","Graco Washer Garden Hose - 115099","115099","","N/A","","","https://cdn11.bigcommerce.com/s-dbb3r9a7se/images/stencil/1280w/products/4039/5695/screenshot_2023-10-30_145151_1_9__39872.1748975314.png | https://cdn11.bigcommerce.com/s-dbb3r9a7se/stencil/382d9e80-277d-013e-e48e-4a4f5670f649/e/04e821c0-e5dd-013e-f544-2ec1a3f21564/img/loading.svg; https://www.alstapingtools.com/graco-washer-garden-hose-115099/"
"Graco","Graco Cam-Lok Kit (Converts Threaded End Hose)","287337","","N/A","","","https://cdn11.bigcommerce.com/s-dbb3r9a7se/images/stencil/1280w/products/4038/5728/p-12995-287337__69338.1748975333.jpg | https://cdn11.bigcommerce.com/s-dbb3r9a7se/stencil/382d9e80-277d-013e-e48e-4a4f5670f649/e/04e821c0-e5dd-013e-f544-2ec1a3f21564/img/loading.svg; https://www.alstapingtools.com/graco-cam-lok-kit-converts-threaded-end-hose/"
"Graco","Graco Gasket - 17K793","17K793","","N/A","","","https://cdn11.bigcommerce.com/s-dbb3r9a7se/images/stencil/1280w/products/4028/5713/screenshot_2023-10-30_145151_1_8__42794.1748975324.png | https://cdn11.bigcommerce.com/s-dbb3r9a7se/stencil/382d9e80-277d-013e-e48e-4a4f5670f649/e/04e821c0-e5dd-013e-f544-2ec1a3f21564/img/loading.svg; https://www.alstapingtools.com/graco-gasket-17k793/"
"Graco","Siphon Kit For Gtx 2000","248112","","N/A","","","https://cdn11.bigcommerce.com/s-dbb3r9a7se/images/stencil/1280w/products/4025/5726/p-12998-248112__67102.1748975331.jpg; https://www.alstapingtools.com/siphon-kit-for-gtx-2000/"
"Graco","Graco Retaining Ring - 115999","115999","","N/A","","","https://cdn11.bigcommerce.com/s-dbb3r9a7se/images/stencil/1280w/products/4015/5699/screenshot_2023-10-30_145151_1_7__72611.1748975316.png | https://cdn11.bigcommerce.com/s-dbb3r9a7se/stencil/382d9e80-277d-013e-e48e-4a4f5670f649/e/04e821c0-e5dd-013e-f544-2ec1a3f21564/img/loading.svg; https://www.alstapingtools.com/graco-retaining-ring-115999/"
"Graco","Graco Needle Repair Kit - 258000","258000","","N/A","","","https://cdn11.bigcommerce.com/s-dbb3r9a7se/images/stencil/1280w/products/4003/5727/screenshot_2023-10-30_145151_1_5__30342.1748975332.png | https://cdn11.bigcommerce.com/s-dbb3r9a7se/stencil/382d9e80-277d-013e-e48e-4a4f5670f649/e/04e821c0-e5dd-013e-f544-2ec1a3f21564/img/loading.svg; https://www.alstapingtools.com/graco-needle-repair-kit-258000/"
"Graco","Graco Outlet Elbow","18D163","","N/A","","","https://cdn11.bigcommerce.com/s-dbb3r9a7se/images/stencil/1280w/products/3991/5716/cq5dam.web.1280.1280_6___45446.1748975326.jpg | https://cdn11.bigcommerce.com/s-dbb3r9a7se/stencil/382d9e80-277d-013e-e48e-4a4f5670f649/e/04e821c0-e5dd-013e-f544-2ec1a3f21564/img/loading.svg; https://www.alstapingtools.com/graco-outlet-elbow/"
"Graco","Graco Belt, Synchronous - 17J675","17J675","","N/A","","","https://cdn11.bigcommerce.com/s-dbb3r9a7se/images/stencil/1280w/products/3989/5712/screenshot_2023-10-30_145151_1_4__35279.1748975324.png | https://cdn11.bigcommerce.com/s-dbb3r9a7se/stencil/382d9e80-277d-013e-e48e-4a4f5670f649/e/04e821c0-e5dd-013e-f544-2ec1a3f21564/img/loading.svg; https://www.alstapingtools.com/graco-belt-synchronous-17j675/"
"Graco","Graco BlueMax II Airless Hose, 1/4 in x 100 ft","223771","","N/A","","","https://cdn11.bigcommerce.com/s-dbb3r9a7se/images/stencil/1280w/products/3978/5722/screenshot_2024-03-27_145621__14684.1748975329.png; https://www.alstapingtools.com/graco-bluemax-ii-airless-hose-1-4-in-x-100-ft/"
"Graco","Graco Spring Compression - 118592","118592","","N/A","","","https://cdn11.bigcommerce.com/s-dbb3r9a7se/images/stencil/1280w/products/3976/5701/screenshot_2023-10-30_145151_1_3__57157.1748975318.png | https://cdn11.bigcommerce.com/s-dbb3r9a7se/stencil/382d9e80-277d-013e-e48e-4a4f5670f649/e/04e821c0-e5dd-013e-f544-2ec1a3f21564/img/loading.svg; https://www.alstapingtools.com/graco-spring-compression-118592/"
"Graco","Graco RTX 750/1000 Belt - 117672","117672","","N/A","","","https://cdn11.bigcommerce.com/s-dbb3r9a7se/images/stencil/1280w/products/3964/5700/screenshot_2023-10-30_145151_1_2__64879.1748975317.png | https://cdn11.bigcommerce.com/s-dbb3r9a7se/stencil/382d9e80-277d-013e-e48e-4a4f5670f649/e/04e821c0-e5dd-013e-f544-2ec1a3f21564/img/loading.svg; https://www.alstapingtools.com/graco-rtx-750-1000-belt-117672/"
"Graco","Graco 8MM Spray Texture Nozzle for RTX 1500","15C886","","N/A","","","https://cdn11.bigcommerce.com/s-dbb3r9a7se/images/stencil/1280w/products/3916/5709/screenshot_2024-02-29_120932__09220.1748975322.png | https://cdn11.bigcommerce.com/s-dbb3r9a7se/stencil/382d9e80-277d-013e-e48e-4a4f5670f649/e/04e821c0-e5dd-013e-f544-2ec1a3f21564/img/loading.svg; https://www.alstapingtools.com/graco-8mm-spray-texture-nozzle-for-rtx-1500/"
"Graco","Graco 4MM Spray Texture Nozzle for RTX 1500","15C884","","N/A","","","https://cdn11.bigcommerce.com/s-dbb3r9a7se/images/stencil/1280w/products/3909/5708/screenshot_2024-02-29_111215__58694.1748975321.png | https://cdn11.bigcommerce.com/s-dbb3r9a7se/stencil/382d9e80-277d-013e-e48e-4a4f5670f649/e/04e821c0-e5dd-013e-f544-2ec1a3f21564/img/loading.svg; https://www.alstapingtools.com/graco-4mm-spray-texture-nozzle-for-rtx-1500/"
"Graco","Graco 10MM Spray Texture Nozzle for RTX 1500","15C887","","N/A","","","https://cdn11.bigcommerce.com/s-dbb3r9a7se/images/stencil/1280w/products/2567/1854/15c887-graco-10mm-rtx-gtx-round-air-nozzle__30360.1675191904.jpg | https://cdn11.bigcommerce.com/s-dbb3r9a7se/stencil/382d9e80-277d-013e-e48e-4a4f5670f649/e/04e821c0-e5dd-013e-f544-2ec1a3f21564/img/loading.svg; https://www.alstapingtools.com/graco-10mm-spray-texture-nozzle-for-rtx-1500/"
"Graco","Graco RAC X SwitchTip, 517","LTX517","","N/A","","","https://cdn11.bigcommerce.com/s-dbb3r9a7se/images/stencil/1280w/products/2465/4798/ltxxxx_rac_x_main_1___92401.1675191946.jpg | https://cdn11.bigcommerce.com/s-dbb3r9a7se/stencil/382d9e80-277d-013e-e48e-4a4f5670f649/e/04e821c0-e5dd-013e-f544-2ec1a3f21564/img/loading.svg; https://www.alstapingtools.com/graco-rac-x-switchtip-517/"
"Graco","Graco Inline Heavy-Duty Texture Airless Spray Gun, 4 Finger Trigger","245820","","N/A","","","https://cdn11.bigcommerce.com/s-dbb3r9a7se/images/stencil/1280w/products/2359/564/245820_inline_heavy_duty_texture_gun_main__07332.1675191886.jpg; https://www.alstapingtools.com/graco-inline-heavy-duty-texture-airless-spray-gun-4-finger-trigger/"
"Graco","Graco Endurance Chromex Piston Pump - 16X414","16X414","","N/A","","","https://cdn11.bigcommerce.com/s-dbb3r9a7se/images/stencil/1280w/products/2160/3401/cq5dam.web.1280.1280_1___73621.1675191926.jpg | https://cdn11.bigcommerce.com/s-dbb3r9a7se/stencil/382d9e80-277d-013e-e48e-4a4f5670f649/e/04e821c0-e5dd-013e-f544-2ec1a3f21564/img/loading.svg; https://www.alstapingtools.com/graco-endurance-chromex-piston-pump-16x414/"
"Graco","Graco Endurance Chromex Piston Pump - 16Y598","16Y598","","N/A","","","https://cdn11.bigcommerce.com/s-dbb3r9a7se/images/stencil/1280w/products/2123/1308/cq5dam.web.1280.1280_1__30085.1675191897.jpg | https://cdn11.bigcommerce.com/s-dbb3r9a7se/stencil/382d9e80-277d-013e-e48e-4a4f5670f649/e/04e821c0-e5dd-013e-f544-2ec1a3f21564/img/loading.svg; https://www.alstapingtools.com/graco-endurance-chromex-piston-pump-16y598/"
"Graco","Graco BlueMax II Airless Whip Hose - 1/4 in x 3 ft","277249","","N/A","","","https://cdn11.bigcommerce.com/s-dbb3r9a7se/images/stencil/1280w/products/2077/2916/238358_whip_hose_main__65967.1675191919.jpg | https://cdn11.bigcommerce.com/s-dbb3r9a7se/images/stencil/1280w/products/2077/2103/238358_whip_hose_alt_1__05853.1675191908.jpg | https://cdn11.bigcommerce.com/s-dbb3r9a7se/stencil/382d9e80-277d-013e-e48e-4a4f5670f649/e/04e821c0-e5dd-013e-f544-2ec1a3f21564/img/loading.svg; https://www.alstapingtools.com/graco-bluemax-ii-airless-whip-hose-1-4-in-x-3-ft/"
"Graco","Graco RAC X SwitchTip, 427","LTX427","","N/A","","","https://cdn11.bigcommerce.com/s-dbb3r9a7se/images/stencil/1280w/products/1916/2846/ltxxxx_rac_x_main_1__29248.1675191918.jpg | https://cdn11.bigcommerce.com/s-dbb3r9a7se/stencil/382d9e80-277d-013e-e48e-4a4f5670f649/e/04e821c0-e5dd-013e-f544-2ec1a3f21564/img/loading.svg; https://www.alstapingtools.com/graco-rac-x-switchtip-427/"
"Graco","Graco RAC X HandTite Tip Guard - 246215","246215","","N/A","","","https://cdn11.bigcommerce.com/s-dbb3r9a7se/images/stencil/1280w/products/1868/4616/246215_rac_x_handtite_guard_main__34860.1675191943.jpg | https://cdn11.bigcommerce.com/s-dbb3r9a7se/stencil/382d9e80-277d-013e-e48e-4a4f5670f649/e/04e821c0-e5dd-013e-f544-2ec1a3f21564/img/loading.svg; https://www.alstapingtools.com/graco-rac-x-handtite-tip-guard-246215/"
"Graco","Graco RAC X SwitchTip, 531","LTX531","","N/A","","","https://cdn11.bigcommerce.com/s-dbb3r9a7se/images/stencil/1280w/products/1842/848/ltxxxx_rac_x_main__65795.1675191890.jpg | https://cdn11.bigcommerce.com/s-dbb3r9a7se/stencil/382d9e80-277d-013e-e48e-4a4f5670f649/e/04e821c0-e5dd-013e-f544-2ec1a3f21564/img/loading.svg; https://www.alstapingtools.com/graco-rac-x-switchtip-531/"
"Graco","Graco 118872 Gasket","118872-A","","N/A","","","https://cdn11.bigcommerce.com/s-dbb3r9a7se/images/stencil/1280w/products/1798/5509/118872_2__65757.1675191962.jpg | https://cdn11.bigcommerce.com/s-dbb3r9a7se/stencil/382d9e80-277d-013e-e48e-4a4f5670f649/e/04e821c0-e5dd-013e-f544-2ec1a3f21564/img/loading.svg; https://www.alstapingtools.com/graco-118872-gasket/"
"Graco","Graco In-line Trigger","cfstrig","","N/A","","","https://cdn11.bigcommerce.com/s-dbb3r9a7se/images/stencil/1280w/products/349/3774/httpwww.alstapingtools.comimagesproductsdetailgunonly__95115.1675191931.jpg | https://cdn11.bigcommerce.com/s-dbb3r9a7se/stencil/382d9e80-277d-013e-e48e-4a4f5670f649/e/04e821c0-e5dd-013e-f544-2ec1a3f21564/img/loading.svg; https://www.alstapingtools.com/graco-in-line-trigger/"
"Graco","Graco Pump Repair Packing Kit - 248213","248213","","N/A","","","https://cdn11.bigcommerce.com/s-dbb3r9a7se/images/stencil/1280w/products/3287/2564/httpwww.alstapingtools.comimagesproductsdetailpump_repair_248213__13987.1675191914.jpg | https://cdn11.bigcommerce.com/s-dbb3r9a7se/stencil/382d9e80-277d-013e-e48e-4a4f5670f649/e/04e821c0-e5dd-013e-f544-2ec1a3f21564/img/loading.svg; https://www.alstapingtools.com/graco-pump-repair-packing-kit-248213/"
"Graco","Graco Coupled Hose 118885","118885","","N/A","","","https://cdn11.bigcommerce.com/s-dbb3r9a7se/images/stencil/1280w/products/3258/1502/118885__36341.1675191899.jpg | https://cdn11.bigcommerce.com/s-dbb3r9a7se/stencil/382d9e80-277d-013e-e48e-4a4f5670f649/e/04e821c0-e5dd-013e-f544-2ec1a3f21564/img/loading.svg; https://www.alstapingtools.com/graco-coupled-hose-118885/"
"Graco","Graco TexSpray Trigger Gun with Cam Lock Adapter RTX","24A452","","N/A","","","https://cdn11.bigcommerce.com/s-dbb3r9a7se/images/stencil/1280w/products/3243/3528/tex_spray_gun__98695.1675191928.jpg | https://cdn11.bigcommerce.com/s-dbb3r9a7se/stencil/382d9e80-277d-013e-e48e-4a4f5670f649/e/04e821c0-e5dd-013e-f544-2ec1a3f21564/img/loading.svg; https://www.alstapingtools.com/graco-texspray-trigger-gun-with-cam-lock-adapter-rtx/"
"Graco","Graco Prime Valve","17J436","","N/A","","","https://cdn11.bigcommerce.com/s-dbb3r9a7se/images/stencil/1280w/products/3075/591/17j436__59697.1675191887.jpg | https://cdn11.bigcommerce.com/s-dbb3r9a7se/stencil/382d9e80-277d-013e-e48e-4a4f5670f649/e/04e821c0-e5dd-013e-f544-2ec1a3f21564/img/loading.svg; https://www.alstapingtools.com/graco-prime-valve/"
"Graco","Graco Air Atomizer Kit w/ Air Hose","244052","","N/A","","","https://cdn11.bigcommerce.com/s-dbb3r9a7se/images/stencil/1280w/products/3072/2770/httpwww.alstapingtools.comimagesproductsdetailairatomizerkitwairhose__52076.1675191917.jpg | https://cdn11.bigcommerce.com/s-dbb3r9a7se/stencil/382d9e80-277d-013e-e48e-4a4f5670f649/e/04e821c0-e5dd-013e-f544-2ec1a3f21564/img/loading.svg; https://www.alstapingtools.com/graco-air-atomizer-kit-w-air-hose/"
"Graco","Graco Freeflow Inline Gun Kit with 4, 6, 8 10 MM Nozzels, 18 30 Mesh Filter, RAC 671 Tip, and RAC X Gaurd (Graco 24B327)","24b327","","N/A","","","https://cdn11.bigcommerce.com/s-dbb3r9a7se/images/stencil/1280w/products/2939/3151/garco_free_flow__60167.1675191923.jpg | https://cdn11.bigcommerce.com/s-dbb3r9a7se/images/stencil/1280w/products/2939/2193/gra-24b327_02__76261.1530199870__37761.1675191909.jpg; https://www.alstapingtools.com/graco-freeflow-inline-gun-kit-with-4-6-8-10-mm-nozzels-18-30-mesh-filter-rac-671-tip-and-rac-x-gaurd-graco-24b327/"
"Graco","Graco Widetex Kit 17V692","17V692","","N/A","","","https://cdn11.bigcommerce.com/s-dbb3r9a7se/images/stencil/1280w/products/2860/3134/17v692__03093.1675191922.jpg | https://cdn11.bigcommerce.com/s-dbb3r9a7se/stencil/382d9e80-277d-013e-e48e-4a4f5670f649/e/04e821c0-e5dd-013e-f544-2ec1a3f21564/img/loading.svg; https://www.alstapingtools.com/graco-widetex-kit-17v692/"
"Graco","Graco Nozzle Set for FastFinish 17V694","17V694","","N/A","","","https://cdn11.bigcommerce.com/s-dbb3r9a7se/images/stencil/1280w/products/2835/1135/17v694__40944.1675191894.jpg | https://cdn11.bigcommerce.com/s-dbb3r9a7se/stencil/382d9e80-277d-013e-e48e-4a4f5670f649/e/04e821c0-e5dd-013e-f544-2ec1a3f21564/img/loading.svg; https://www.alstapingtools.com/graco-nozzle-set-for-fastfinish-17v694/"
"Graco","Graco Fine Finish Nozzle Kit for TexSpray Guns","287227","","N/A","","","https://cdn11.bigcommerce.com/s-dbb3r9a7se/images/stencil/1280w/products/2817/3199/img_1290_clean___35779.1675191923.jpg | https://cdn11.bigcommerce.com/s-dbb3r9a7se/images/stencil/1280w/products/2817/2243/img_1648__03776.1675191910.png | https://cdn11.bigcommerce.com/s-dbb3r9a7se/images/stencil/1280w/products/2817/2876/img_1646__58835.1675191919.png | https://cdn11.bigcommerce.com/s-dbb3r9a7se/images/stencil/1280w/products/2817/3359/img_1647__96559.1675191925.png | https://cdn11.bigcommerce.com/s-dbb3r9a7se/stencil/382d9e80-277d-013e-e48e-4a4f5670f649/e/04e821c0-e5dd-013e-f544-2ec1a3f21564/img/loading.svg; https://www.alstapingtools.com/graco-fine-finish-nozzle-kit-for-texspray-guns/"
"Graco","35 - Graco - Piston, Seal Housing - 18C891","18C891","","N/A","","","https://cdn11.bigcommerce.com/s-dbb3r9a7se/stencil/382d9e80-277d-013e-e48e-4a4f5670f649/e/04e821c0-e5dd-013e-f544-2ec1a3f21564/img/ProductDefault.svg | https://cdn11.bigcommerce.com/s-dbb3r9a7se/stencil/382d9e80-277d-013e-e48e-4a4f5670f649/e/04e821c0-e5dd-013e-f544-2ec1a3f21564/img/loading.svg; https://www.alstapingtools.com/35-graco-piston-seal-housing-18c891/"
"Graco","36 - Graco - Seal, Piston - 18C890","18C890","","N/A","","","https://cdn11.bigcommerce.com/s-dbb3r9a7se/images/stencil/1280w/products/2757/5715/screenshot_2023-10-30_145151_6__53893.1748975326.png | https://cdn11.bigcommerce.com/s-dbb3r9a7se/stencil/382d9e80-277d-013e-e48e-4a4f5670f649/e/04e821c0-e5dd-013e-f544-2ec1a3f21564/img/loading.svg; https://www.alstapingtools.com/36-graco-seal-piston-18c890/"
"Graco","40 - Graco - O-Ring - 120818","120818","","N/A","","","https://cdn11.bigcommerce.com/s-dbb3r9a7se/stencil/382d9e80-277d-013e-e48e-4a4f5670f649/e/04e821c0-e5dd-013e-f544-2ec1a3f21564/img/ProductDefault.svg | https://cdn11.bigcommerce.com/s-dbb3r9a7se/stencil/382d9e80-277d-013e-e48e-4a4f5670f649/e/04e821c0-e5dd-013e-f544-2ec1a3f21564/img/loading.svg; https://www.alstapingtools.com/40-graco-o-ring-120818/"
"Graco","37 - Graco Valve, Check Flap - 18C889","18C889","","N/A","","","https://cdn11.bigcommerce.com/s-dbb3r9a7se/images/stencil/1280w/products/2676/5714/screenshot_2023-10-30_145151_1_6__46901.1748975325.png | https://cdn11.bigcommerce.com/s-dbb3r9a7se/stencil/382d9e80-277d-013e-e48e-4a4f5670f649/e/04e821c0-e5dd-013e-f544-2ec1a3f21564/img/loading.svg; https://www.alstapingtools.com/37-graco-valve-check-flap-18c889/"
"Graco","Graco Endurance Chromex Piston Pump - 17H828","17h828","","N/A","","","https://cdn11.bigcommerce.com/s-dbb3r9a7se/images/stencil/1280w/products/2644/1558/17h828__24626.1675191900.jpg | https://cdn11.bigcommerce.com/s-dbb3r9a7se/stencil/382d9e80-277d-013e-e48e-4a4f5670f649/e/04e821c0-e5dd-013e-f544-2ec1a3f21564/img/loading.svg; https://www.alstapingtools.com/graco-endurance-chromex-piston-pump-17h828/"
"Graco","34 - Graco - O-Ring, Square, (222) - 133017","133017","","N/A","","","https://cdn11.bigcommerce.com/s-dbb3r9a7se/stencil/382d9e80-277d-013e-e48e-4a4f5670f649/e/04e821c0-e5dd-013e-f544-2ec1a3f21564/img/ProductDefault.svg | https://cdn11.bigcommerce.com/s-dbb3r9a7se/stencil/382d9e80-277d-013e-e48e-4a4f5670f649/e/04e821c0-e5dd-013e-f544-2ec1a3f21564/img/loading.svg; https://www.alstapingtools.com/34-graco-o-ring-square-222-133017/"
"Graco","Graco TexSpray Gun Fluid Repair Kit - 287228","287228","","N/A","","","https://cdn11.bigcommerce.com/s-dbb3r9a7se/images/stencil/1280w/products/2602/1920/s-l1600_1__50861.1675191905.jpg | https://cdn11.bigcommerce.com/s-dbb3r9a7se/stencil/382d9e80-277d-013e-e48e-4a4f5670f649/e/04e821c0-e5dd-013e-f544-2ec1a3f21564/img/loading.svg; https://www.alstapingtools.com/graco-texspray-gun-fluid-repair-kit-287228/"
"Graco","Graco 6MM Spray Texture Nozzle for RTX 1500","15C885","","N/A","","","https://cdn11.bigcommerce.com/s-dbb3r9a7se/images/stencil/1280w/products/2599/4886/15c885-graco-6mm-rtx-gtx-round-air-nozzle__29299.1675191947.jpg | https://cdn11.bigcommerce.com/s-dbb3r9a7se/stencil/382d9e80-277d-013e-e48e-4a4f5670f649/e/04e821c0-e5dd-013e-f544-2ec1a3f21564/img/loading.svg; https://www.alstapingtools.com/graco-6mm-spray-texture-nozzle-for-rtx-1500/"
"Graco","Graco Air Needle Repair Kit for 248091 Gun","287229","","N/A","","","https://cdn11.bigcommerce.com/s-dbb3r9a7se/images/stencil/1280w/products/2568/678/287229__26106.1675191888.jpg | https://cdn11.bigcommerce.com/s-dbb3r9a7se/stencil/382d9e80-277d-013e-e48e-4a4f5670f649/e/04e821c0-e5dd-013e-f544-2ec1a3f21564/img/loading.svg; https://www.alstapingtools.com/graco-air-needle-repair-kit-for-248091-gun/"
"Graco","Graco RAC X SwitchTip, 541","LTX541","","N/A","","","https://cdn11.bigcommerce.com/s-dbb3r9a7se/images/stencil/1280w/products/2423/2967/ltxxxx_rac_x_main_2__37742.1675191920.jpg | https://cdn11.bigcommerce.com/s-dbb3r9a7se/stencil/382d9e80-277d-013e-e48e-4a4f5670f649/e/04e821c0-e5dd-013e-f544-2ec1a3f21564/img/loading.svg; https://www.alstapingtools.com/graco-rac-x-switchtip-541/"
"Graco","Graco RotoFlex Pump Roller Kit for RTX 750/100","234214","","N/A","","","https://cdn11.bigcommerce.com/s-dbb3r9a7se/images/stencil/1280w/products/2280/5299/234214__82562.1675191956.jpg | https://cdn11.bigcommerce.com/s-dbb3r9a7se/stencil/382d9e80-277d-013e-e48e-4a4f5670f649/e/04e821c0-e5dd-013e-f544-2ec1a3f21564/img/loading.svg; https://www.alstapingtools.com/graco-rotoflex-pump-roller-kit-for-rtx-750-100/"
"Graco","Graco 287326 Repair Sensor Kit","287326","","N/A","","","https://cdn11.bigcommerce.com/s-dbb3r9a7se/images/stencil/1280w/products/2241/2834/287326__03620.1675191918.jpg | https://cdn11.bigcommerce.com/s-dbb3r9a7se/stencil/382d9e80-277d-013e-e48e-4a4f5670f649/e/04e821c0-e5dd-013e-f544-2ec1a3f21564/img/loading.svg; https://www.alstapingtools.com/graco-287326-repair-sensor-kit/"
"Graco","Graco Disk Spray Tip W12 - Hardened","24S118","","N/A","","","https://cdn11.bigcommerce.com/s-dbb3r9a7se/images/stencil/1280w/products/2228/2182/hardemed__33623.1675191909.jpg | https://cdn11.bigcommerce.com/s-dbb3r9a7se/stencil/382d9e80-277d-013e-e48e-4a4f5670f649/e/04e821c0-e5dd-013e-f544-2ec1a3f21564/img/loading.svg; https://www.alstapingtools.com/graco-disk-spray-tip-w12-hardened/"
"Graco","Graco Rotoflex Hose for Texspray RTX750, RXT1000 - 234156","234156","","N/A","","","https://cdn11.bigcommerce.com/s-dbb3r9a7se/images/stencil/1280w/products/2117/4388/img_2667_002_clean___68331.1675191940.jpg | https://cdn11.bigcommerce.com/s-dbb3r9a7se/stencil/382d9e80-277d-013e-e48e-4a4f5670f649/e/04e821c0-e5dd-013e-f544-2ec1a3f21564/img/loading.svg; https://www.alstapingtools.com/graco-rotoflex-hose-for-texspray-rtx750-rxt1000-234156/"
"Graco","Graco Disk Spray Tip W4 - Hardened","24S114","","N/A","","","https://cdn11.bigcommerce.com/s-dbb3r9a7se/images/stencil/1280w/products/2041/4174/241s114__91202.1675191937.jpg | https://cdn11.bigcommerce.com/s-dbb3r9a7se/stencil/382d9e80-277d-013e-e48e-4a4f5670f649/e/04e821c0-e5dd-013e-f544-2ec1a3f21564/img/loading.svg; https://www.alstapingtools.com/graco-disk-spray-tip-w4-hardened/"
"Graco","Graco Disk Spray Tip W8 - Hardened","24S116","","N/A","","","https://cdn11.bigcommerce.com/s-dbb3r9a7se/images/stencil/1280w/products/1950/2461/wb__66872.1675191913.jpg | https://cdn11.bigcommerce.com/s-dbb3r9a7se/stencil/382d9e80-277d-013e-e48e-4a4f5670f649/e/04e821c0-e5dd-013e-f544-2ec1a3f21564/img/loading.svg; https://www.alstapingtools.com/graco-disk-spray-tip-w8-hardened/"
"Graco","Graco Flex Plus Airless Spray Gun RAC X 517 Tip","246468","","N/A","","","https://cdn11.bigcommerce.com/s-dbb3r9a7se/images/stencil/1280w/products/1947/1743/246468_flex_plus_texture_gun_2_finger_trigger_main_1___98228.1675191903.jpg | https://cdn11.bigcommerce.com/s-dbb3r9a7se/stencil/382d9e80-277d-013e-e48e-4a4f5670f649/e/04e821c0-e5dd-013e-f544-2ec1a3f21564/img/loading.svg; https://www.alstapingtools.com/graco-flex-plus-airless-spray-gun-rac-x-517-tip/"
"Graco","Graco Adapter Swivel (3/4 NH X 1 NPSH) - 247003","24z003","","N/A","","","https://cdn11.bigcommerce.com/s-dbb3r9a7se/images/stencil/1280w/products/1837/2116/24z003__00339.1675191908.jpg | https://cdn11.bigcommerce.com/s-dbb3r9a7se/stencil/382d9e80-277d-013e-e48e-4a4f5670f649/e/04e821c0-e5dd-013e-f544-2ec1a3f21564/img/loading.svg; https://www.alstapingtools.com/graco-adapter-swivel-3-4-nh-x-1-npsh-247003/"
"Graco","Graco Disk Spray Tip W10 - Hardened","24S117","","N/A","","","https://cdn11.bigcommerce.com/s-dbb3r9a7se/images/stencil/1280w/products/1803/5334/24s117__93722.1675191957.jpg | https://cdn11.bigcommerce.com/s-dbb3r9a7se/stencil/382d9e80-277d-013e-e48e-4a4f5670f649/e/04e821c0-e5dd-013e-f544-2ec1a3f21564/img/loading.svg; https://www.alstapingtools.com/graco-disk-spray-tip-w10-hardened/"
"Graco","Graco 1"" Sponge Ball Clean Out Kit (5 Pack)","248515","","N/A","","","https://cdn11.bigcommerce.com/s-dbb3r9a7se/images/stencil/1280w/products/1800/2057/foam_balls__83273.1675191907.jpg | https://cdn11.bigcommerce.com/s-dbb3r9a7se/stencil/382d9e80-277d-013e-e48e-4a4f5670f649/e/04e821c0-e5dd-013e-f544-2ec1a3f21564/img/loading.svg; https://www.alstapingtools.com/graco-1-sponge-ball-clean-out-kit-5-pack/"
"Graco","Graco Hose Washer for 1"" Clear Hose - 118872","118872","","N/A","","","https://cdn11.bigcommerce.com/s-dbb3r9a7se/images/stencil/1280w/products/1797/2772/graco_118872__77786.1675191917.jpg | https://cdn11.bigcommerce.com/s-dbb3r9a7se/stencil/382d9e80-277d-013e-e48e-4a4f5670f649/e/04e821c0-e5dd-013e-f544-2ec1a3f21564/img/loading.svg; https://www.alstapingtools.com/graco-hose-washer-for-1-clear-hose-118872/"
"Graco","Graco Disk Spray Tip W6 - Hardened","24S115","","N/A","","","https://cdn11.bigcommerce.com/s-dbb3r9a7se/images/stencil/1280w/products/1782/2047/graco_w6__12045.1675191907.jpg | https://cdn11.bigcommerce.com/s-dbb3r9a7se/stencil/382d9e80-277d-013e-e48e-4a4f5670f649/e/04e821c0-e5dd-013e-f544-2ec1a3f21564/img/loading.svg; https://www.alstapingtools.com/graco-disk-spray-tip-w6-hardened/"
"Graco","Graco Rotoflex Pump Hose Kit For RTX650/900/1250/2000/2500","288623","","N/A","","","https://cdn11.bigcommerce.com/s-dbb3r9a7se/images/stencil/1280w/products/1778/2712/roto_clean___10218.1675191917.jpg | https://cdn11.bigcommerce.com/s-dbb3r9a7se/images/stencil/1280w/products/1778/3241/screenshot_2022-10-12_111500__32434.1675191924.jpg | https://cdn11.bigcommerce.com/s-dbb3r9a7se/stencil/382d9e80-277d-013e-e48e-4a4f5670f649/e/04e821c0-e5dd-013e-f544-2ec1a3f21564/img/loading.svg; https://www.alstapingtools.com/graco-rotoflex-pump-hose-kit-for-rtx650-900-1250-2000-2500/"
"Graco","Graco Contractor Airless Gun Repair Kit","218070","","N/A","","","https://cdn11.bigcommerce.com/s-dbb3r9a7se/images/stencil/1280w/products/1713/5448/contractor_airless_gun_repair_kit_-_218070__28009.1675191960.jpg | https://cdn11.bigcommerce.com/s-dbb3r9a7se/stencil/382d9e80-277d-013e-e48e-4a4f5670f649/e/04e821c0-e5dd-013e-f544-2ec1a3f21564/img/loading.svg; https://www.alstapingtools.com/graco-contractor-airless-gun-repair-kit/"
"Graco","Graco Heavy-Duty Texture Gun - 241705","241705","","N/A","","","https://cdn11.bigcommerce.com/s-dbb3r9a7se/images/stencil/1280w/products/1405/5409/_jcr_content_1___63006.1675191959.jpg | https://cdn11.bigcommerce.com/s-dbb3r9a7se/stencil/382d9e80-277d-013e-e48e-4a4f5670f649/e/04e821c0-e5dd-013e-f544-2ec1a3f21564/img/loading.svg; https://www.alstapingtools.com/graco-heavy-duty-texture-gun-241705/"
"Graco","Graco Pump Repair Packing Kit - 248212","248212","","N/A","","","https://cdn11.bigcommerce.com/s-dbb3r9a7se/images/stencil/1280w/products/1317/1011/httpwww.alstapingtools.comimagesproductsdetailgracopump2__65408.1675191892.jpg; https://www.alstapingtools.com/graco-pump-repair-packing-kit-248212/"
"Graco","Graco RotoFlex Hose for RTX Texture Sprayers - 287314","287314","","N/A","","","https://cdn11.bigcommerce.com/s-dbb3r9a7se/images/stencil/1280w/products/1288/4656/httpwww.alstapingtools.comimagesproductsdetailgracoroto__86501.1675191943.jpg | https://cdn11.bigcommerce.com/s-dbb3r9a7se/stencil/382d9e80-277d-013e-e48e-4a4f5670f649/e/04e821c0-e5dd-013e-f544-2ec1a3f21564/img/loading.svg; https://www.alstapingtools.com/graco-rotoflex-hose-for-rtx-texture-sprayers-287314/"
"Graco","Graco 3/8"" Disk Tip D - Small - 235581","235581","","N/A","","","https://cdn11.bigcommerce.com/s-dbb3r9a7se/images/stencil/1280w/products/1180/2131/graco_tip_d__39514.1675191908.jpg | https://cdn11.bigcommerce.com/s-dbb3r9a7se/stencil/382d9e80-277d-013e-e48e-4a4f5670f649/e/04e821c0-e5dd-013e-f544-2ec1a3f21564/img/loading.svg; https://www.alstapingtools.com/graco-3-8-disk-tip-d-small-235581/"
"Graco","Graco 1/4"" Disk Tip B - Medium- 235580","235580","","N/A","","","https://cdn11.bigcommerce.com/s-dbb3r9a7se/images/stencil/1280w/products/1156/3476/graco_tip_b__66304.1675191927.jpg | https://cdn11.bigcommerce.com/s-dbb3r9a7se/stencil/382d9e80-277d-013e-e48e-4a4f5670f649/e/04e821c0-e5dd-013e-f544-2ec1a3f21564/img/loading.svg; https://www.alstapingtools.com/graco-1-4-disk-tip-b-medium-235580/"
"Graco","Graco 5/16"" Disk Tip C - Small - 248311","248311","","N/A","","","https://cdn11.bigcommerce.com/s-dbb3r9a7se/images/stencil/1280w/products/1138/1486/graco_tip_large__72309.1675191899.jpg | https://cdn11.bigcommerce.com/s-dbb3r9a7se/stencil/382d9e80-277d-013e-e48e-4a4f5670f649/e/04e821c0-e5dd-013e-f544-2ec1a3f21564/img/loading.svg; https://www.alstapingtools.com/graco-5-16-disk-tip-c-small-248311/"
"Graco","Graco 1/8"" Disk Tip A - Small - 235579","235579","","N/A","","","https://cdn11.bigcommerce.com/s-dbb3r9a7se/images/stencil/1280w/products/1112/1859/235579__33747.1675191904.jpg | https://cdn11.bigcommerce.com/s-dbb3r9a7se/stencil/382d9e80-277d-013e-e48e-4a4f5670f649/e/04e821c0-e5dd-013e-f544-2ec1a3f21564/img/loading.svg; https://www.alstapingtools.com/graco-1-8-disk-tip-a-small-235579/"
"Graco","Belt for Graco RTX 1500","118845","","N/A","","","https://cdn11.bigcommerce.com/s-dbb3r9a7se/images/stencil/1280w/products/1060/3750/graco_belt__62293.1675191931.jpg | https://cdn11.bigcommerce.com/s-dbb3r9a7se/stencil/382d9e80-277d-013e-e48e-4a4f5670f649/e/04e821c0-e5dd-013e-f544-2ec1a3f21564/img/loading.svg; https://www.alstapingtools.com/belt-for-graco-rtx-1500/"
"Graco","Graco Blue Hose Kit 1"" x 25' for RTX 1500/2000pi/5000pi","17J420","","N/A","","","https://cdn11.bigcommerce.com/s-dbb3r9a7se/images/stencil/1280w/products/1033/929/graco_hose_set__96293.1675191891.jpg | https://cdn11.bigcommerce.com/s-dbb3r9a7se/stencil/382d9e80-277d-013e-e48e-4a4f5670f649/e/04e821c0-e5dd-013e-f544-2ec1a3f21564/img/loading.svg; https://www.alstapingtools.com/graco-blue-hose-kit-1-x-25-for-rtx-1500-2000pi-5000pi/"
"Graco","Graco 3/8"" x 50' BlueMax II Hose","240797","","N/A","","","https://cdn11.bigcommerce.com/s-dbb3r9a7se/images/stencil/1280w/products/614/3193/15401.tif.imagep_1__64329.1675191923.jpg | https://cdn11.bigcommerce.com/s-dbb3r9a7se/stencil/382d9e80-277d-013e-e48e-4a4f5670f649/e/04e821c0-e5dd-013e-f544-2ec1a3f21564/img/loading.svg; https://www.alstapingtools.com/graco-3-8-x-50-bluemax-ii-hose/"
"Graco","Graco External Compressor Connection Kit #287328","287328","","N/A","","","https://cdn11.bigcommerce.com/s-dbb3r9a7se/images/stencil/1280w/products/549/1750/httpwww.alstapingtools.comimagesproductsdetailgraco2873281__19278.1675191903.jpg | https://cdn11.bigcommerce.com/s-dbb3r9a7se/stencil/382d9e80-277d-013e-e48e-4a4f5670f649/e/04e821c0-e5dd-013e-f544-2ec1a3f21564/img/loading.svg; https://www.alstapingtools.com/graco-external-compressor-connection-kit-287328/"
"Graco","Graco 17C487 Proconnect Endurance Lower Pump","17C487","","N/A","","","https://cdn11.bigcommerce.com/s-dbb3r9a7se/images/stencil/1280w/products/418/4214/graco_17c487__81728.1675191937.jpg | https://cdn11.bigcommerce.com/s-dbb3r9a7se/stencil/382d9e80-277d-013e-e48e-4a4f5670f649/e/04e821c0-e5dd-013e-f544-2ec1a3f21564/img/loading.svg; https://www.alstapingtools.com/graco-17c487-proconnect-endurance-lower-pump/"
"Graco","Graco 3/8"" x 3/8"" Male Hose Coupler 156849","156849","","N/A","","","https://cdn11.bigcommerce.com/s-dbb3r9a7se/images/stencil/1280w/products/377/4757/httpwww.alstapingtools.comimagesproductsdetail156849__24352.1675191945.jpg; https://www.alstapingtools.com/graco-3-8-x-3-8-male-hose-coupler-156849/"
"Graco","Graco TexSpray Air Spray Trigger Gun RTX 750/900/1250","288628","","N/A","","","https://cdn11.bigcommerce.com/s-dbb3r9a7se/images/stencil/1280w/products/120/3758/rtxspraygun800__32718.1675191931.jpg | https://cdn11.bigcommerce.com/s-dbb3r9a7se/stencil/382d9e80-277d-013e-e48e-4a4f5670f649/e/04e821c0-e5dd-013e-f544-2ec1a3f21564/img/loading.svg; https://www.alstapingtools.com/graco-texspray-air-spray-trigger-gun-rtx-750-900-1250/"
"DeWalt","DeWalt Vac to Porter Cable 7800 Sander Connector","DWV9180","","N/A","","","https://cdn11.bigcommerce.com/s-dbb3r9a7se/images/stencil/1280w/products/3133/4050/httpwww.alstapingtools.comimagesproductsdetaildewalt__66983.1675191935.jpg | https://cdn11.bigcommerce.com/s-dbb3r9a7se/stencil/382d9e80-277d-013e-e48e-4a4f5670f649/e/04e821c0-e5dd-013e-f544-2ec1a3f21564/img/loading.svg; https://www.alstapingtools.com/dewalt-vac-to-porter-cable-7800-sander-connector/"
"DeWalt","DeWALT Steel Ball","DEW69663100","","N/A","","","https://cdn11.bigcommerce.com/s-dbb3r9a7se/images/stencil/1280w/products/2129/3610/dew69663100_l__19181.1675191929.jpg | https://cdn11.bigcommerce.com/s-dbb3r9a7se/stencil/382d9e80-277d-013e-e48e-4a4f5670f649/e/04e821c0-e5dd-013e-f544-2ec1a3f21564/img/loading.svg; https://www.alstapingtools.com/dewalt-steel-ball/"
"DeWalt","DeWalt Brush for DW272 & DW252 Motor","DEW17684602","","N/A","","","https://cdn11.bigcommerce.com/s-dbb3r9a7se/images/stencil/1280w/products/2128/2080/dewalt_brush__16040.1675191908.jpg | https://cdn11.bigcommerce.com/s-dbb3r9a7se/stencil/382d9e80-277d-013e-e48e-4a4f5670f649/e/04e821c0-e5dd-013e-f544-2ec1a3f21564/img/loading.svg; https://www.alstapingtools.com/dewalt-brush-for-dw272-dw252-motor/"
"DeWalt","DeWalt 255/272 Part 47 Retainer","por094518","","N/A","","","https://cdn11.bigcommerce.com/s-dbb3r9a7se/images/stencil/1280w/products/2107/1098/lg-por094518_l__29958.1675191894.jpg; https://www.alstapingtools.com/dewalt-255-272-part-47-retainer/"
"DeWalt","DeWALT Screwgun Output Spindle","por385861","","N/A","","","https://cdn11.bigcommerce.com/s-dbb3r9a7se/images/stencil/1280w/products/2087/3706/lg-por385861_l__19634.1675191930.jpg | https://cdn11.bigcommerce.com/s-dbb3r9a7se/stencil/382d9e80-277d-013e-e48e-4a4f5670f649/e/04e821c0-e5dd-013e-f544-2ec1a3f21564/img/loading.svg; https://www.alstapingtools.com/dewalt-screwgun-output-spindle/"
"DeWalt","DEWALT DWV9120 35mm Rubber Adapter","DWV9120","","N/A","","","https://cdn11.bigcommerce.com/s-dbb3r9a7se/images/stencil/1280w/products/1830/2866/7102cu_g7xl._ac_sl1500___51539.1675191919.jpg | https://cdn11.bigcommerce.com/s-dbb3r9a7se/images/stencil/1280w/products/1830/1936/51ecezkrdws._ac_sl1261___72037.1675191905.jpg | https://cdn11.bigcommerce.com/s-dbb3r9a7se/images/stencil/1280w/products/1830/2374/51tiht6ikxs._ac_sl1174___91743.1675191912.jpg | https://cdn11.bigcommerce.com/s-dbb3r9a7se/stencil/382d9e80-277d-013e-e48e-4a4f5670f649/e/04e821c0-e5dd-013e-f544-2ec1a3f21564/img/loading.svg; https://www.alstapingtools.com/dewalt-dwv9120-35mm-rubber-adapter/"
"DeWalt","DEWALT DWV9402 Fleece Bag for DWV012 Dust Extractor (5-Pack)","DWV9402","","N/A","","","https://cdn11.bigcommerce.com/s-dbb3r9a7se/images/stencil/1280w/products/1101/3640/httpwww.alstapingtools.comimagesproductsdetaildewaltfleecebag__59290.1675191929.jpg | https://cdn11.bigcommerce.com/s-dbb3r9a7se/stencil/382d9e80-277d-013e-e48e-4a4f5670f649/e/04e821c0-e5dd-013e-f544-2ec1a3f21564/img/loading.svg; https://www.alstapingtools.com/dewalt-dwv9402-fleece-bag-for-dwv012-dust-extractor-5-pack/"
"DeWalt","DeWalt Paper Bag (5 Pack) for DWV012 Dust Extractor","DWV9401","","N/A","","","https://cdn11.bigcommerce.com/s-dbb3r9a7se/images/stencil/1280w/products/863/810/dwv9401__36897.1675191890.jpg | https://cdn11.bigcommerce.com/s-dbb3r9a7se/stencil/382d9e80-277d-013e-e48e-4a4f5670f649/e/04e821c0-e5dd-013e-f544-2ec1a3f21564/img/loading.svg; https://www.alstapingtools.com/dewalt-paper-bag-5-pack-for-dwv012-dust-extractor/"
"DeWalt","Replacement HEPA Filter Set for DWV010 & DWV012 (TYPE 2) Dust Extractors","DWV9330","","N/A","","","https://cdn11.bigcommerce.com/s-dbb3r9a7se/images/stencil/1280w/products/841/4003/dwv9330__28895.1675191934.jpg | https://cdn11.bigcommerce.com/s-dbb3r9a7se/stencil/382d9e80-277d-013e-e48e-4a4f5670f649/e/04e821c0-e5dd-013e-f544-2ec1a3f21564/img/loading.svg; https://www.alstapingtools.com/replacement-hepa-filter-set-for-dwv010-dwv012-type-2-dust-extractors/"
