sku,in_live_before,in_columbia_scrape,in_tsw_scrape,action,name,category,has_image
809526-A2,1,0,0,existing,Columbia #6 Belleville Washer (809526-A2),Drywall Finishing Tools > Columbia Taping Tools > Repair Kits & Parts,1
805865-A,1,0,0,existing,"Columbia 1/4-20 x 1-1/2"" Hex Bolt (805865-A)",Drywall Finishing Tools > Columbia Taping Tools > Repair Kits & Parts,1
809526-A,1,0,0,existing,"Columbia 1/4-20 x 2"" Hex Bolt (809526-A)",Drywall Finishing Tools > Columbia Taping Tools > Repair Kits & Parts,1
FA-298,1,0,1,existing,"Columbia 1/4-20 x 7/8"" Flat Socket (FA-298)",Drywall Finishing Tools > Columbia Taping Tools > Repair Kits & Parts,1
FA302,1,0,1,existing,"Columbia 1/4-28 x 1/4"" Set Screw (FA302)",Drywall Finishing Tools > Columbia Taping Tools > Repair Kits & Parts,1
FA-288,1,0,0,existing,"Columbia 1/4"" x 1/2"" Split Pin (FA-288)",Drywall Finishing Tools > Columbia Taping Tools > Repair Kits & Parts,1
59225-A,1,0,0,existing,Columbia 10-32 Nyloc Jam Nut (59225-A),Drywall Finishing Tools > Columbia Taping Tools > Repair Kits & Parts,1
FA-308,1,0,1,existing,"Columbia 33/64 x 7/8"" Flat Washer (FA-308)",Drywall Finishing Tools > Columbia Taping Tools > Repair Kits & Parts,1
FA209,1,0,0,existing,"Columbia 4-40 x 1/8"" Flat Head Screw (FA209)",Drywall Finishing Tools > Columbia Taping Tools > Repair Kits & Parts,1
FA220,1,0,1,existing,"Columbia 4-40 x 3/4"" Bind Head Screw (FA220)",Drywall Finishing Tools > Columbia Taping Tools > Repair Kits & Parts,1
FA-306,1,0,1,existing,"Columbia 5/16-18 x 1 1/4"" Hex Bolt (FA-306)",Drywall Finishing Tools > Columbia Taping Tools > Repair Kits & Parts,1
807224-A,1,0,0,existing,Columbia Hex Nut (807224-A),Drywall Finishing Tools > Columbia Taping Tools > Repair Kits & Parts,1
808991,1,0,0,existing,"Columbia 6-32 x 1/2"" Bind Head Screw (808991)",Drywall Finishing Tools > Columbia Taping Tools > Repair Kits & Parts,1
59091-A2,1,0,0,existing,"Columbia 6-32 x 1/2"" Fill. Head Screw (59091-A2)",Drywall Finishing Tools > Columbia Taping Tools > Repair Kits & Parts,1
219081-A,1,0,0,existing,"Columbia 6-32 x 3/16"" Flat Slot (219081-A)",Drywall Finishing Tools > Columbia Taping Tools > Repair Kits & Parts,1
FA247,1,0,1,existing,"Columbia 6-32 x 5/8"" Hex Bolt (FA247)",Drywall Finishing Tools > Columbia Taping Tools > Repair Kits & Parts,1
809171,1,0,0,existing,"Columbia 8-32 x 3/16"" Pan Slot (809171)",Drywall Finishing Tools > Columbia Taping Tools > Repair Kits & Parts,1
402006-A,1,0,0,existing,Columbia AH18 - Angle Head Socket Wear Cup (402006-A),Drywall Finishing Tools > Columbia Taping Tools > Repair Kits & Parts,1
409010-A,1,0,0,existing,Columbia AH1B - Return Spring Angle Head (409010-A),Drywall Finishing Tools > Columbia Taping Tools > Repair Kits & Parts,1
402019-A,1,0,0,existing,Columbia AH5 - Angle Head Frame Retainer Clip (402019-A),Drywall Finishing Tools > Columbia Taping Tools > Repair Kits & Parts,1
809011-A,1,0,0,existing,"Columbia Angle Box 5/16-18 x 3/4"" Thumb Screw (809011-A)",Drywall Finishing Tools > Columbia Taping Tools > Repair Kits & Parts,1
CFB16,1,0,1,existing,Columbia Angle Box Bearing Sleeve (CFB16),Drywall Finishing Tools > Columbia Taping Tools > Repair Kits & Parts,1
CFB-15,1,0,1,existing,Columbia Angle Box Door Hinge (CFB-15),Drywall Finishing Tools > Columbia Taping Tools > Repair Kits & Parts,1
CFB11,1,0,0,existing,Columbia Angle Box Door Stop (CFB11),Drywall Finishing Tools > Columbia Taping Tools > Repair Kits & Parts,1
CFB-15A,1,0,0,existing,Columbia Angle Box Hinge Bushing (CFB-15A),Drywall Finishing Tools > Columbia Taping Tools > Repair Kits & Parts,1
CFB-1A,1,0,1,existing,Columbia Angle Box Hinge Seal - CFB1A (CFB-1A),Drywall Finishing Tools > Columbia Taping Tools > Repair Kits & Parts,1
354003F-A,1,0,0,existing,Columbia Angle Box Mud Supply Valve Unit - CFB6 (354003F-A),Drywall Finishing Tools > Columbia Taping Tools > Repair Kits & Parts,1
CFB-19,1,0,0,existing,Columbia Angle Box Nylatron Bushing (CFB-19),Drywall Finishing Tools > Columbia Taping Tools > Repair Kits & Parts,1
AH7-3,1,0,1,existing,Columbia Angle Head Frame Tension Spring (AH7-3),Drywall Finishing Tools > Columbia Taping Tools > Repair Kits & Parts,1
AH7-2,1,0,1,existing,"Columbia Angle Head Frame Tension Spring 2"" (AH7-2)",Drywall Finishing Tools > Columbia Taping Tools > Repair Kits & Parts,1
AH7-3.5,1,0,0,existing,"Columbia Angle Head Frame Tension Spring 3.5"" (AH7-3.5)",Drywall Finishing Tools > Columbia Taping Tools > Repair Kits & Parts,1
AH4,1,0,1,existing,Columbia Angle Head Side Blade (AH4),Drywall Finishing Tools > Columbia Taping Tools > Repair Kits & Parts,1
BH2,1,0,1,existing,Columbia Box Handle 180 Grip Plate (BH2),Drywall Finishing Tools > Columbia Taping Tools > Repair Kits & Parts,1
BH26,1,0,0,existing,Columbia Box Handle Cam for 180 Handle (BH26),Drywall Finishing Tools > Columbia Taping Tools > Repair Kits & Parts,1
BH6,1,0,0,existing,Columbia Box Handle Hinge Pin (BH6),Drywall Finishing Tools > Columbia Taping Tools > Repair Kits & Parts,1
BH01,1,0,0,existing,Columbia Box Handle Mounting Plate (BH01),Drywall Finishing Tools > Columbia Taping Tools > Repair Kits & Parts,1
809011-A2,1,0,0,existing,Columbia Box Handle Thumb Screw (180 Degree Handle) (809011-A2),Drywall Finishing Tools > Columbia Taping Tools > Repair Kits & Parts,1
BH-5,1,0,1,existing,Columbia Box Handle Upper Mounting Bracket - BH5 (BH-5),Drywall Finishing Tools > Columbia Taping Tools > Repair Kits & Parts,1
CT-125A,1,0,1,existing,Columbia CT125A - Columbia Taper Bearing (CT-125A),Drywall Finishing Tools > Columbia Taping Tools > Repair Kits & Parts,1
50229-A,1,0,0,existing,Columbia CT128 - Taper Shaft Guide Strap (50229-A),Drywall Finishing Tools > Columbia Taping Tools > Repair Kits & Parts,1
50232-A,1,0,0,existing,Columbia CT129A - Taper Strap Bracket (50232-A),Drywall Finishing Tools > Columbia Taping Tools > Repair Kits & Parts,1
50226-A,1,0,0,existing,Columbia CT129B - Taper Sleeve (Plastic Roller) (50226-A),Drywall Finishing Tools > Columbia Taping Tools > Repair Kits & Parts,1
CT-130,1,0,1,existing,Columbia CT130 - Taper Extension Shaft (CT-130),Drywall Finishing Tools > Columbia Taping Tools > Repair Kits & Parts,1
709043-A,1,0,0,existing,Columbia CT132 - Taper Connecting Link (709043-A),Drywall Finishing Tools > Columbia Taping Tools > Repair Kits & Parts,1
054048F-A,1,0,0,existing,Columbia CT17 - Taper Separation Plate (054048F-A),Drywall Finishing Tools > Columbia Taping Tools > Repair Kits & Parts,1
CT-19,1,0,1,existing,Columbia CT19 - Taper Paper Feed Guide (CT-19),Drywall Finishing Tools > Columbia Taping Tools > Repair Kits & Parts,1
59078-A,1,0,0,existing,Columbia CT2 - Taper Insert Bushing (59078-A),Drywall Finishing Tools > Columbia Taping Tools > Repair Kits & Parts,1
050152F-A,1,0,0,existing,Columbia CT23 - Taper Reinforcing Rod (050152F-A),Drywall Finishing Tools > Columbia Taping Tools > Repair Kits & Parts,1
CT-25,1,0,1,existing,Columbia CT25 - Taper Knife Guide Square Tube (CT-25),Drywall Finishing Tools > Columbia Taping Tools > Repair Kits & Parts,1
50141-A,1,0,0,existing,Columbia CT27 - Taper Knife Guide Bracket Left (50141-A),Drywall Finishing Tools > Columbia Taping Tools > Repair Kits & Parts,1
CT-28,1,0,1,existing,Columbia CT28 - Taper Roller Bushing (CT-28),Drywall Finishing Tools > Columbia Taping Tools > Repair Kits & Parts,1
MH9,1,0,1,existing,Columbia CTTMH9 (MH9),Drywall Finishing Tools > Columbia Taping Tools > Repair Kits & Parts,1
AH9A,1,0,0,existing,Columbia Center Clip Assembly (AH9A),Drywall Finishing Tools > Columbia Taping Tools > Repair Kits & Parts,1
STAPER,1,1,1,existing,"Columbia ""Sawed Off"" Mini Automatic Taper (STAPER)",Drywall Finishing Tools > Columbia Taping Tools > Repair Kits & Parts,1
219064-A,1,0,0,existing,Columbia #10 Belleville Washer (219064-A),Drywall Finishing Tools > Columbia Taping Tools > Repair Kits & Parts,1
FA268,1,0,1,existing,Columbia #10 Flat Washer (FA268),Drywall Finishing Tools > Columbia Taping Tools > Repair Kits & Parts,1
FA270,1,0,1,existing,"Columbia #10 x 3/4"" Fender Washer (FA270)",Drywall Finishing Tools > Columbia Taping Tools > Repair Kits & Parts,1
FA231,1,0,1,existing,"Columbia #6 x 3/8"" Hex Bolt (FA231)",Drywall Finishing Tools > Columbia Taping Tools > Repair Kits & Parts,1
FA252,1,0,1,existing,Columbia #8 Star Washer (FA252),Drywall Finishing Tools > Columbia Taping Tools > Repair Kits & Parts,1
NPK1.5,1,0,0,existing,"Columbia 1.5"" PUTTY KNIFE (NPK1.5)",Drywall Finishing Tools > Columbia Taping Tools > Repair Kits & Parts,1
FA201,1,0,1,existing,"Columbia 1/16"" x 3/8"" Split Pin (FA201)",Drywall Finishing Tools > Columbia Taping Tools > Repair Kits & Parts,1
FA379,1,0,1,existing,"Columbia 1/4"" E-Clip for Matrix Handle (FA379)",Drywall Finishing Tools > Columbia Taping Tools > Repair Kits & Parts,1
FA285,1,0,1,existing,"Columbia 1/4"" Plastic Washer (FA285)",Drywall Finishing Tools > Columbia Taping Tools > Repair Kits & Parts,1
FA292,1,0,1,existing,Columbia 1/4-20 Nyloc Jam Nut (FA292),Drywall Finishing Tools > Columbia Taping Tools > Repair Kits & Parts,1
FA290,1,0,1,existing,Columbia 1/4-20 Nyloc Nut (FA290),Drywall Finishing Tools > Columbia Taping Tools > Repair Kits & Parts,1
FA295,1,0,1,existing,"Columbia 1/4-20 x 1/2"" Flat Socket (FA295)",Drywall Finishing Tools > Columbia Taping Tools > Repair Kits & Parts,1
FA296,1,0,1,existing,"Columbia 1/4-20 x 1/2"" Hex Bolt (FA296)",Drywall Finishing Tools > Columbia Taping Tools > Repair Kits & Parts,1
FA300,1,0,1,existing,"Columbia 1/4-20 x 2"" Hex Bolt (FA300)",Drywall Finishing Tools > Columbia Taping Tools > Repair Kits & Parts,1
FA294,1,0,1,existing,"Columbia 1/4-20 x 3/8"" Socket Hd Screw (FA294)",Drywall Finishing Tools > Columbia Taping Tools > Repair Kits & Parts,1
FA380,1,0,1,existing,"Columbia 1/8"" E-Clip for Matrix Handle (FA380)",Drywall Finishing Tools > Columbia Taping Tools > Repair Kits & Parts,1
FA225,1,0,1,existing,"Columbia 1/8"" x 3/8"" Special Washer (FA225)",Drywall Finishing Tools > Columbia Taping Tools > Repair Kits & Parts,1
FA224,1,0,1,existing,"Columbia 1/8"" x 3/8"" Split Pin (FA224)",Drywall Finishing Tools > Columbia Taping Tools > Repair Kits & Parts,1
10FBBA,1,0,1,existing,"Columbia 10"" Automatic Assist Drywall Tool Flat Box (10FBBA)",Drywall Finishing Tools > Columbia Taping Tools > Repair Kits & Parts,1
10FFB,1,0,1,existing,"Columbia 10"" Drywall Flat Finishing Box (10FFB)",Drywall Finishing Tools > Columbia Taping Tools > Repair Kits & Parts,1
10FBB,1,0,1,existing,"Columbia 10"" Fat Boy Drywall Flat Finishing Box (10FBB)",Drywall Finishing Tools > Columbia Taping Tools > Repair Kits & Parts,1
10ITFB,1,0,1,existing,"Columbia 10"" Inside Track Fat Boy Flat Box (10ITFB)",Drywall Finishing Tools > Columbia Taping Tools > Repair Kits & Parts,1
TSB-10,1,0,1,existing,"Columbia 10"" Tomahawk Smoothing Blade (TSB-10)",Drywall Finishing Tools > Columbia Taping Tools > Repair Kits & Parts,1
GCTBOXSET,1,0,0,existing,"Columbia 10"" and 12"" Flat Box Combo (GCTBOXSET)",Drywall Finishing Tools > Columbia Taping Tools > Repair Kits & Parts,1
GCOLBOX-EXT,1,0,0,existing,"Columbia 10"" and 12"" Flat Box Combo Set w/ Extendable Handle (GCOLBOX-EXT)",Drywall Finishing Tools > Columbia Taping Tools > Repair Kits & Parts,1
G10105-2,1,0,0,existing,"Columbia 10"" and 12"" Full Set w/ Predator Taper Upgrade (G10105-2)",Drywall Finishing Tools > Columbia Taping Tools > Repair Kits & Parts,1
G10105,1,0,0,existing,"Columbia 10"" and 12"" Full Set w/ Stilts (G10105)",Drywall Finishing Tools > Columbia Taping Tools > Repair Kits & Parts,1
G70112,1,0,0,existing,"Columbia 10"" and 12"" Jumbo Set of Drywall Taping Tools (G70112)",Drywall Finishing Tools > Columbia Taping Tools > Repair Kits & Parts,1
FA273,1,0,1,existing,"Columbia 10-24 x 1"" Hex Bolt (FA273)",Drywall Finishing Tools > Columbia Taping Tools > Repair Kits & Parts,1
FA314,1,0,1,existing,Columbia 10-24 x 1-1/2 Pan Slot (FA314),Drywall Finishing Tools > Columbia Taping Tools > Repair Kits & Parts,1
FA279,1,0,1,existing,"Columbia 10-24 x 1-1/4"" Hex Bolt (FA279)",Drywall Finishing Tools > Columbia Taping Tools > Repair Kits & Parts,1
FA312,1,0,1,existing,"Columbia 10-24 x 1/4"" Set Screw (FA312)",Drywall Finishing Tools > Columbia Taping Tools > Repair Kits & Parts,1
FA275,1,0,1,existing,"Columbia 10-24 x 3/4"" Hex Bolt (FA275)",Drywall Finishing Tools > Columbia Taping Tools > Repair Kits & Parts,1
FA274,1,0,1,existing,"Columbia 10-24 x 3/8"" Socket Hd Screw (FA274)",Drywall Finishing Tools > Columbia Taping Tools > Repair Kits & Parts,1
FA276,1,0,1,existing,Columbia 10-24 x 7/8 Pan Head Screw (FA276),Drywall Finishing Tools > Columbia Taping Tools > Repair Kits & Parts,1
FA281,1,0,1,existing,Columbia 10-32 x Nyloc Jam Nut-2 per pack (FA281),Drywall Finishing Tools > Columbia Taping Tools > Repair Kits & Parts,1
12FFB,1,0,1,existing,"Columbia 12"" Drywall Flat Finishing Box (12FFB)",Drywall Finishing Tools > Columbia Taping Tools > Repair Kits & Parts,1
12FBBA,1,0,1,existing,"Columbia 12"" Fat Boy Automatic Assist Drywall Flat Box (12FBBA)",Drywall Finishing Tools > Columbia Taping Tools > Repair Kits & Parts,1
12FBB,1,0,1,existing,"Columbia 12"" Fat Boy Drywall Flat Finishing Box (12FBB)",Drywall Finishing Tools > Columbia Taping Tools > Repair Kits & Parts,1
C12MPX6,1,0,1,existing,"Columbia 12"" Mud Pan w/ Grip (C12MPX6)",Drywall Finishing Tools > Columbia Taping Tools > Repair Kits & Parts,1
CTK12,1,0,1,existing,"Columbia 12"" Stainless Steel Comfort Grip Taping Knife (CTK12)",Drywall Finishing Tools > Columbia Taping Tools > Repair Kits & Parts,1
TSB-12,1,0,1,existing,"Columbia 12"" Tomahawk Smoothing Blade (TSB-12)",Drywall Finishing Tools > Columbia Taping Tools > Repair Kits & Parts,1
14FFBA,1,0,1,existing,"Columbia 14"" Automatic Assist Drywall Flat Box (14FFBA)",Drywall Finishing Tools > Columbia Taping Tools > Repair Kits & Parts,1
14FFB,1,0,1,existing,"Columbia 14"" Drywall Flat Finishing Box (14FFB)",Drywall Finishing Tools > Columbia Taping Tools > Repair Kits & Parts,1
C14MPX6,1,0,1,existing,"Columbia 14"" Mud Pan with Magnetic Grip (C14MPX6)",Drywall Finishing Tools > Columbia Taping Tools > Repair Kits & Parts,1
TSB-14,1,0,0,existing,"Columbia 14"" Tomahawk Smoothing Blade (TSB-14)",Drywall Finishing Tools > Columbia Taping Tools > Repair Kits & Parts,1
C16MPX6,1,0,0,existing,"Columbia 16"" Mud Pan with Magnetic Grip (C16MPX6)",Drywall Finishing Tools > Columbia Taping Tools > Repair Kits & Parts,1
TSB-18,1,0,1,existing,"Columbia 18"" Tomahawk Smoothing Blade (TSB-18)",Drywall Finishing Tools > Columbia Taping Tools > Repair Kits & Parts,1
AH32,1,0,1,existing,"Columbia 2"" Angle Head Carbide Blade (AH32)",Drywall Finishing Tools > Columbia Taping Tools > Repair Kits & Parts,1
COL2 KIT,1,0,0,existing,"Columbia 2"" Angle Head Rebuild Kit (COL2 KIT)",Drywall Finishing Tools > Columbia Taping Tools > Repair Kits & Parts,1
2AH,1,0,1,existing,"Columbia 2"" Angle Head w/ Wheels (2AH)",Drywall Finishing Tools > Columbia Taping Tools > Repair Kits & Parts,1
2NS,1,0,1,existing,"Columbia 2"" Nail Spotter (2NS)",Drywall Finishing Tools > Columbia Taping Tools > Repair Kits & Parts,1
NPK2,1,0,0,existing,"Columbia 2"" PUTTY KNIFE (NPK2)",Drywall Finishing Tools > Columbia Taping Tools > Repair Kits & Parts,1
COL2.5 KIT,1,0,0,existing,"Columbia 2.5"" Angle Head Rebuild Kit (COL2.5 KIT)",Drywall Finishing Tools > Columbia Taping Tools > Repair Kits & Parts,1
2.5AH,1,0,0,existing,"Columbia 2.5"" Angle Head w/ Wheels (2.5AH)",Drywall Finishing Tools > Columbia Taping Tools > Repair Kits & Parts,1
AHRBK25,1,0,1,existing,"Columbia 2.5"" Anglehead Blade Maintenance Kit (AHRBK25)",Drywall Finishing Tools > Columbia Taping Tools > Repair Kits & Parts,1
2.5DF,1,0,0,existing,"Columbia 2.5"" Direct Drywall Corner Flusher (2.5DF)",Drywall Finishing Tools > Columbia Taping Tools > Repair Kits & Parts,1
2.5SF,1,0,0,existing,"Columbia 2.5"" Standard Drywall Corner Flusher with Wheels (2.5SF)",Drywall Finishing Tools > Columbia Taping Tools > Repair Kits & Parts,1
CLT24,1,1,1,existing,"Columbia 24"" Cam Lock Tube (CLT24)",Drywall Finishing Tools > Columbia Taping Tools > Repair Kits & Parts,1
CMT24,1,1,1,existing,"Columbia 24"" Drywall Corner Finishing Compound Mud Tube (CMT24)",Drywall Finishing Tools > Columbia Taping Tools > Repair Kits & Parts,1
TSB-24,1,0,1,existing,"Columbia 24"" Tomahawk Smoothing Blade (TSB-24)",Drywall Finishing Tools > Columbia Taping Tools > Repair Kits & Parts,1
AH33,1,0,1,existing,"Columbia 3"" Angle Head Carbide Blade (AH33)",Drywall Finishing Tools > Columbia Taping Tools > Repair Kits & Parts,1
COL3 KIT,1,0,0,existing,"Columbia 3"" Angle Head Rebuild Kit (COL3 KIT)",Drywall Finishing Tools > Columbia Taping Tools > Repair Kits & Parts,1
3AH,1,0,1,existing,"Columbia 3"" Angle Head w/ Wheels (3AH)",Drywall Finishing Tools > Columbia Taping Tools > Repair Kits & Parts,1
3DF,1,0,1,existing,"Columbia 3"" Direct Drywall Corner Flusher (3DF)",Drywall Finishing Tools > Columbia Taping Tools > Repair Kits & Parts,1
3NS,1,0,1,existing,"Columbia 3"" Hinged Nail Spotter (3NS)",Drywall Finishing Tools > Columbia Taping Tools > Repair Kits & Parts,1
G3NS &AMP; C1H,1,0,0,existing,"Columbia 3"" Nail Spotter with Featherlight Handle (G3NS &AMP; C1H)",Drywall Finishing Tools > Columbia Taping Tools > Repair Kits & Parts,1
NPK3,1,0,0,existing,"Columbia 3"" PUTTY KNIFE (NPK3)",Drywall Finishing Tools > Columbia Taping Tools > Repair Kits & Parts,1
3WTSF,1,0,1,existing,"Columbia 3"" Standard Corner Flusher (3WTSF)",Drywall Finishing Tools > Columbia Taping Tools > Repair Kits & Parts,1
3SF,1,0,1,existing,"Columbia 3"" Standard Drywall Corner Flusher with Wheels (3SF)",Drywall Finishing Tools > Columbia Taping Tools > Repair Kits & Parts,1
3WTDF,1,0,1,existing,"Columbia 3"" Widetrack Direct Drywall Corner Flusher (3WTDF)",Drywall Finishing Tools > Columbia Taping Tools > Repair Kits & Parts,1
3BBH,1,0,1,existing,Columbia 3' 180-Grip Bent Flat Box Handle (3BBH),Drywall Finishing Tools > Columbia Taping Tools > Repair Kits & Parts,1
COL3.5 KIT,1,0,0,existing,"Columbia 3.5"" Angle Head Rebuild Kit (COL3.5 KIT)",Drywall Finishing Tools > Columbia Taping Tools > Repair Kits & Parts,1
3.5AH,1,0,0,existing,"Columbia 3.5"" Angle Head w/ Wheels (3.5AH)",Drywall Finishing Tools > Columbia Taping Tools > Repair Kits & Parts,1
AHRBK35,1,0,1,existing,"Columbia 3.5"" Anglehead Blade Maintenance Kit (AHRBK35)",Drywall Finishing Tools > Columbia Taping Tools > Repair Kits & Parts,1
3.5DF,1,0,0,existing,"Columbia 3.5"" Direct Drywall Corner Flusher with Wheels (3.5DF)",Drywall Finishing Tools > Columbia Taping Tools > Repair Kits & Parts,1
PJK3.5,1,0,0,existing,"Columbia 3.5"" Pointing Joint Knife (PJK3.5)",Drywall Finishing Tools > Columbia Taping Tools > Repair Kits & Parts,1
3.5SF,1,0,0,existing,"Columbia 3.5"" Standard Drywall Corner Flusher with Wheels (3.5SF)",Drywall Finishing Tools > Columbia Taping Tools > Repair Kits & Parts,1
CLT32,1,1,1,existing,"Columbia 32"" Cam-Lock Compound Mud Tube (CLT32)",Drywall Finishing Tools > Columbia Taping Tools > Repair Kits & Parts,1
CMT32,1,1,1,existing,"Columbia 32"" Drywall Corner Finishing Compound Mud Tube (CMT32)",Drywall Finishing Tools > Columbia Taping Tools > Repair Kits & Parts,1
TSB-32,1,0,1,existing,"Columbia 32"" Tomahawk Smoothing Blade (TSB-32)",Drywall Finishing Tools > Columbia Taping Tools > Repair Kits & Parts,1
3BH,1,0,1,existing,"Columbia 36"" 180-Grip Featherweight Flat Box Handle (3BH)",Drywall Finishing Tools > Columbia Taping Tools > Repair Kits & Parts,1
CFLT,1,1,1,existing,"Columbia 4"" Flat Applicator Head (CFLT)",Drywall Finishing Tools > Columbia Taping Tools > Repair Kits & Parts,1
NPK4,1,0,0,existing,"Columbia 4"" PUTTY KNIFE (NPK4)",Drywall Finishing Tools > Columbia Taping Tools > Repair Kits & Parts,1
4SF,1,0,0,existing,"Columbia 4"" Standard Drywall Corner Flusher with Wheels (4SF)",Drywall Finishing Tools > Columbia Taping Tools > Repair Kits & Parts,1
FA208,1,0,1,existing,"Columbia 4-40 x 1/8"" Binder Slot (FA208)",Drywall Finishing Tools > Columbia Taping Tools > Repair Kits & Parts,1
FA215,1,0,1,existing,Columbia 4-40 x 5/16 Binder Slot (FA215),Drywall Finishing Tools > Columbia Taping Tools > Repair Kits & Parts,1
PCHXL,1,0,1,existing,Columbia 4-8' Predator Long Extendable Handle (PCHXL),Drywall Finishing Tools > Columbia Taping Tools > Repair Kits & Parts,1
TSB-40,1,0,1,existing,"Columbia 40"" Tomahawk Smoothing Blade (TSB-40)",Drywall Finishing Tools > Columbia Taping Tools > Repair Kits & Parts,1
PMH,1,0,1,existing,"Columbia 40""-58"" Predator Matrix Box Handle (PMH)",Drywall Finishing Tools > Columbia Taping Tools > Repair Kits & Parts,1
SBP,1,0,1,existing,"Columbia 41-75"" Sabre Smoothing Blade Extension Pole (SBP)",Drywall Finishing Tools > Columbia Taping Tools > Repair Kits & Parts,1
42BH,1,0,1,existing,"Columbia 42"" 180-Grip Featherweight Flat Box Handle (42BH)",Drywall Finishing Tools > Columbia Taping Tools > Repair Kits & Parts,1
CLT42,1,1,1,existing,"Columbia 42"" Cam-Lock Compound Mud Tube (CLT42)",Drywall Finishing Tools > Columbia Taping Tools > Repair Kits & Parts,1
CMT42,1,1,1,existing,"Columbia 42"" Drywall Corner Finishing Compound Mud Tube (CMT42)",Drywall Finishing Tools > Columbia Taping Tools > Repair Kits & Parts,1
4BH,1,0,1,existing,"Columbia 48"" 180-Grip Featherweight Flat Box Handle (4BH)",Drywall Finishing Tools > Columbia Taping Tools > Repair Kits & Parts,1
TSB-48,1,0,0,existing,"Columbia 48"" Tomahawk Smoothing Blade (TSB-48)",Drywall Finishing Tools > Columbia Taping Tools > Repair Kits & Parts,1
NPK5,1,0,0,existing,"Columbia 5"" PUTTY KNIFE (NPK5)",Drywall Finishing Tools > Columbia Taping Tools > Repair Kits & Parts,1
FA222,1,0,1,existing,"Columbia 5-40 x 3/8"" Bind Head Screw (FA222)",Drywall Finishing Tools > Columbia Taping Tools > Repair Kits & Parts,1
5.5FFB,1,0,0,existing,"Columbia 5.5"" Drywall Flat Finisher Box (5.5FFB)",Drywall Finishing Tools > Columbia Taping Tools > Repair Kits & Parts,1
55FBB,1,0,1,existing,"Columbia 5.5"" Fat Boy Flat Box (55FBB)",Drywall Finishing Tools > Columbia Taping Tools > Repair Kits & Parts,1
501C55,1,0,0,existing,"Columbia 5.5"" Flat Box Blade Kit - 3 Blades, 2 Sets of Skid Covers (501C55)",Drywall Finishing Tools > Columbia Taping Tools > Repair Kits & Parts,1
FA305,1,0,1,existing,"Columbia 5/16-18 x 3/4"" Hex Bolt (FA305)",Drywall Finishing Tools > Columbia Taping Tools > Repair Kits & Parts,1
CLT55,1,1,1,existing,"Columbia 55"" Cam-Lock Compound Mud Tube (CLT55)",Drywall Finishing Tools > Columbia Taping Tools > Repair Kits & Parts,1
CJK6,1,0,0,existing,"Columbia 6"" CLIPPED JOINT KNIFE (CJK6)",Drywall Finishing Tools > Columbia Taping Tools > Repair Kits & Parts,1
NPK6,1,0,0,existing,"Columbia 6"" PUTTY KNIFE (NPK6)",Drywall Finishing Tools > Columbia Taping Tools > Repair Kits & Parts,1
FA232,1,0,1,existing,Columbia 6-32 Hex Nut (FA232),Drywall Finishing Tools > Columbia Taping Tools > Repair Kits & Parts,1
FA234,1,0,1,existing,Columbia 6-32 Nyloc Jam Nut (FA234),Drywall Finishing Tools > Columbia Taping Tools > Repair Kits & Parts,1
FA245,1,0,1,existing,"Columbia 6-32 x 1/2"" Fill. Head Screw (FA245)",Drywall Finishing Tools > Columbia Taping Tools > Repair Kits & Parts,1
5BBH,1,0,1,existing,"Columbia 60"" 180-Grip Bent Flat Box Handle (5BBH)",Drywall Finishing Tools > Columbia Taping Tools > Repair Kits & Parts,1
5BH,1,0,1,existing,"Columbia 60"" 180-Grip Featherweight Flat Box Handle (5BH)",Drywall Finishing Tools > Columbia Taping Tools > Repair Kits & Parts,1
CFB77,1,0,1,existing,"Columbia 7"" Angle Box Door Gasket (CFB77)",Drywall Finishing Tools > Columbia Taping Tools > Repair Kits & Parts,1
CFB47,1,0,1,existing,"Columbia 7"" Pressure Door (CFB47)",Drywall Finishing Tools > Columbia Taping Tools > Repair Kits & Parts,1
7CFB,1,0,1,existing,"Columbia 7"" ThrottleBox Angle Box (7CFB)",Drywall Finishing Tools > Columbia Taping Tools > Repair Kits & Parts,1
TSB-7,1,0,1,existing,"Columbia 7"" Tomahawk Smoothing Blade (TSB-7)",Drywall Finishing Tools > Columbia Taping Tools > Repair Kits & Parts,1
6BBH,1,0,1,existing,"Columbia 72"" 180-Grip Bent Flat Box Handle (6BBH)",Drywall Finishing Tools > Columbia Taping Tools > Repair Kits & Parts,1
6BH,1,0,1,existing,"Columbia 72"" 180-Grip Featherweight Flat Box Handle (6BH)",Drywall Finishing Tools > Columbia Taping Tools > Repair Kits & Parts,1
CFB78,1,0,1,existing,"Columbia 8"" Door Gasket for Angle Box (CFB78)",Drywall Finishing Tools > Columbia Taping Tools > Repair Kits & Parts,1
8FFB,1,0,1,existing,"Columbia 8"" Drywall Flat Finisher Box (8FFB)",Drywall Finishing Tools > Columbia Taping Tools > Repair Kits & Parts,1
8FBBA,1,0,1,existing,"Columbia 8"" Fat Boy Automatic Assist Drywall Flat Box (8FBBA)",Drywall Finishing Tools > Columbia Taping Tools > Repair Kits & Parts,1
8FBB,1,0,1,existing,"Columbia 8"" Fat Boy Drywall Flat Finishing Box (8FBB)",Drywall Finishing Tools > Columbia Taping Tools > Repair Kits & Parts,1
501C8,1,0,0,existing,"Columbia 8"" Flat Box Blade Kit - 3 Blades, 2 Sets of Skid Covers (501C8)",Drywall Finishing Tools > Columbia Taping Tools > Repair Kits & Parts,1
8ITFB,1,0,1,existing,"Columbia 8"" Inside Track Fat Boy Flat Box (8ITFB)",Drywall Finishing Tools > Columbia Taping Tools > Repair Kits & Parts,1
NPK8,1,0,0,existing,"Columbia 8"" PUTTY KNIFE (NPK8)",Drywall Finishing Tools > Columbia Taping Tools > Repair Kits & Parts,1
CFB48,1,0,1,existing,"Columbia 8"" Pressure Door (CFB48)",Drywall Finishing Tools > Columbia Taping Tools > Repair Kits & Parts,1
CFB28,1,0,1,existing,"Columbia 8"" Roll Face (CFB28)",Drywall Finishing Tools > Columbia Taping Tools > Repair Kits & Parts,1
CTK8,1,0,1,existing,"Columbia 8"" Stainless Steel Comfort Grip Taping Knife (CTK8)",Drywall Finishing Tools > Columbia Taping Tools > Repair Kits & Parts,1
8CFB,1,0,1,existing,"Columbia 8"" ThrottleBox Angle Box (8CFB)",Drywall Finishing Tools > Columbia Taping Tools > Repair Kits & Parts,1
GCTBOXSET8/10,1,0,0,existing,"Columbia 8"" and 10"" Flat Box Combo (GCTBOXSET8/10)",Drywall Finishing Tools > Columbia Taping Tools > Repair Kits & Parts,1
FA266,1,0,1,existing,"Columbia 8-32 x 1"" Flat Head Screw (FA266)",Drywall Finishing Tools > Columbia Taping Tools > Repair Kits & Parts,1
FA267,1,0,1,existing,"Columbia 8-32 x 1/2"" Pan Head Screw (FA267)",Drywall Finishing Tools > Columbia Taping Tools > Repair Kits & Parts,1
FA262,1,0,1,existing,"Columbia 8-32 x 1/2"" Socket Hd. Screw (FA262)",Drywall Finishing Tools > Columbia Taping Tools > Repair Kits & Parts,1
FA261,1,0,1,existing,"Columbia 8-32 x 3/8"" Socket Hd Screw (FA261)",Drywall Finishing Tools > Columbia Taping Tools > Repair Kits & Parts,1
FA256,1,0,1,existing,"Columbia 8-32 x 3/16"" Pan Slot SS Screw (FA256)",Drywall Finishing Tools > Columbia Taping Tools > Repair Kits & Parts,1
CTTPHA,1,0,0,existing,Columbia Aluminum Coarse Thread Adapter (CTTPHA),Drywall Finishing Tools > Columbia Taping Tools > Repair Kits & Parts,1
AHA,1,1,1,existing,Columbia Angle Head Ball Adapter (AHA),Drywall Finishing Tools > Columbia Taping Tools > Repair Kits & Parts,1
TAPER,1,1,1,existing,Columbia Automatic Taper (TAPER),Drywall Finishing Tools > Columbia Taping Tools > Repair Kits & Parts,1
CF4L,1,0,1,existing,Columbia Ball Spring Long Flusher (CF4L),Drywall Finishing Tools > Columbia Taping Tools > Repair Kits & Parts,1
FFB43,1,0,1,existing,Columbia Bead Wheel Bushing (FFB43),Drywall Finishing Tools > Columbia Taping Tools > Repair Kits & Parts,1
BF,1,1,1,existing,Columbia Box Filler (BF),Drywall Finishing Tools > Columbia Taping Tools > Repair Kits & Parts,1
BH07,1,0,1,existing,Columbia Box Handle Cam Follower - BH7 (BH07),Drywall Finishing Tools > Columbia Taping Tools > Repair Kits & Parts,1
FFBR-7-7A,1,0,0,existing,Columbia Box Shoe Maintenance Kit (FFBR-7-7A),Drywall Finishing Tools > Columbia Taping Tools > Repair Kits & Parts,1
CTA84,1,0,1,existing,Columbia Cable Pulley Guide (CTA84),Drywall Finishing Tools > Columbia Taping Tools > Repair Kits & Parts,1
PTAPER,1,1,1,existing,Columbia Carbon Fiber Automatic Taper (PTAPER),Drywall Finishing Tools > Columbia Taping Tools > Repair Kits & Parts,1
CMH,1,0,1,existing,"Columbia Closet Monster 18"" Flat Box Handle (CMH)",Drywall Finishing Tools > Columbia Taping Tools > Repair Kits & Parts,1
3CSF,1,0,1,existing,Columbia Combo Flusher (3CSF),Drywall Finishing Tools > Columbia Taping Tools > Repair Kits & Parts,1
JKBP,1,0,0,existing,"Columbia Comfort Grip Putty Knives 3 Pack (4,5+6"") (JKBP)",Drywall Finishing Tools > Columbia Taping Tools > Repair Kits & Parts,1
GCOLSEMI-1,1,0,0,existing,Columbia Commando Taping Tool Kit w/ Case (GCOLSEMI-1),Drywall Finishing Tools > Columbia Taping Tools > Repair Kits & Parts,1
CT-PRO,1,0,0,existing,Columbia Complete Pro Set (CT-PRO),Drywall Finishing Tools > Columbia Taping Tools > Repair Kits & Parts,1
CLTBF,1,1,1,existing,Columbia Compound Tube Filler Adaptor (CLTBF),Drywall Finishing Tools > Columbia Taping Tools > Repair Kits & Parts,1
CC,1,1,1,existing,Columbia Corner Cobra Adjustable Inside & Outside Corner Roller (CC),Drywall Finishing Tools > Columbia Taping Tools > Repair Kits & Parts,1
CC-RK,1,0,0,existing,Columbia Corner Cobra Maintenance Roller Wheel Replacement Kit (CC-RK),Drywall Finishing Tools > Columbia Taping Tools > Repair Kits & Parts,1
CR,1,1,1,existing,Columbia Corner Roller (CR),Drywall Finishing Tools > Columbia Taping Tools > Repair Kits & Parts,1
GCR &AMP; R-0001,1,0,0,existing,Columbia Corner Roller with Extendable Handle (GCR &AMP; R-0001),Drywall Finishing Tools > Columbia Taping Tools > Repair Kits & Parts,1
GCR+CH1,1,0,0,existing,Columbia Corner Roller with ONE Handle (GCR+CH1),Drywall Finishing Tools > Columbia Taping Tools > Repair Kits & Parts,1
CTA-87,1,0,0,existing,Columbia Cover Plate Assembly (CTA-87),Drywall Finishing Tools > Columbia Taping Tools > Repair Kits & Parts,1
CTTCT87CS,1,0,0,existing,Columbia Cover Plate Cork Seal (CTTCT87CS),Drywall Finishing Tools > Columbia Taping Tools > Repair Kits & Parts,1
CT-87CS,1,0,1,existing,Columbia Cover Plate Cork Seal (CT-87CS),Drywall Finishing Tools > Columbia Taping Tools > Repair Kits & Parts,1
CF1B,1,0,1,existing,Columbia Direct Plate - Flusher (CF1B),Drywall Finishing Tools > Columbia Taping Tools > Repair Kits & Parts,1
42BBH,1,0,1,existing,"Columbia Drywall 42"" 180-Grip Bent Flat Box Handle (42BBH)",Drywall Finishing Tools > Columbia Taping Tools > Repair Kits & Parts,1
GTSB-KIT,1,0,0,existing,"Columbia Drywall Finishing Tool Smoothing Blade / Wipe Down Knife Triple Combo Set with Handle 10"" - 14"" - 24"" (GTSB-KIT)",Drywall Finishing Tools > Columbia Taping Tools > Repair Kits & Parts,1
7FFB,1,0,1,existing,Columbia Drywall Taping Tools 7” Hinged Flat Finisher Box (7FFB),Drywall Finishing Tools > Columbia Taping Tools > Repair Kits & Parts,1
TACSET,1,0,0,existing,Columbia Drywall Taping Tools Tactical Set (TACSET),Drywall Finishing Tools > Columbia Taping Tools > Repair Kits & Parts,1
FFB9-10,1,0,0,existing,"Columbia Flat Box Blade 10"" (FFB9-10)",Drywall Finishing Tools > Columbia Taping Tools > Repair Kits & Parts,1
FFB9-12,1,0,0,existing,"Columbia Flat Box Blade 12"" (FFB9-12)",Drywall Finishing Tools > Columbia Taping Tools > Repair Kits & Parts,1
FFB9-14,1,0,0,existing,"Columbia Flat Box Blade 14"" (FFB9-14)",Drywall Finishing Tools > Columbia Taping Tools > Repair Kits & Parts,1
FFB9-5.5,1,0,0,existing,"Columbia Flat Box Blade 5.5"" (FFB9-5.5)",Drywall Finishing Tools > Columbia Taping Tools > Repair Kits & Parts,1
FFB9-7,1,0,0,existing,"Columbia Flat Box Blade 7"" (FFB9-7)",Drywall Finishing Tools > Columbia Taping Tools > Repair Kits & Parts,1
FFB9-8,1,0,0,existing,"Columbia Flat Box Blade 8"" (FFB9-8)",Drywall Finishing Tools > Columbia Taping Tools > Repair Kits & Parts,1
FFB14-10,1,0,0,existing,"Columbia Flat Box Door Gasket 10"" (FFB14-10)",Drywall Finishing Tools > Columbia Taping Tools > Repair Kits & Parts,1
HFBB-14-1,1,0,0,existing,"Columbia Flat Box Door Gasket 10"" Fat Boy-New Style (HFBB-14-1)",Drywall Finishing Tools > Columbia Taping Tools > Repair Kits & Parts,1
FFB14-7,1,0,0,existing,"Columbia Flat Box Door Gasket 7"" (FFB14-7)",Drywall Finishing Tools > Columbia Taping Tools > Repair Kits & Parts,1
FFB14-8,1,0,0,existing,"Columbia Flat Box Door Gasket 8"" (FFB14-8)",Drywall Finishing Tools > Columbia Taping Tools > Repair Kits & Parts,1
FFB-7A,1,0,0,existing,Columbia Flat Box Shoe (Left) - FFB7A (FFB-7A),Drywall Finishing Tools > Columbia Taping Tools > Repair Kits & Parts,1
FFB-7,1,0,0,existing,Columbia Flat Box Shoe (Right) - FFB7 (FFB-7),Drywall Finishing Tools > Columbia Taping Tools > Repair Kits & Parts,1
FFB14-12,1,0,0,existing,"Columbia Flat Box Std Door Gasket 12"" (FFB14-12)",Drywall Finishing Tools > Columbia Taping Tools > Repair Kits & Parts,1
TC-1,1,0,0,existing,Columbia Flusher Set Tool Case (TC-1),Drywall Finishing Tools > Columbia Taping Tools > Repair Kits & Parts,1
COL-FULLSEMI,1,0,0,existing,Columbia Full Semi Automatic Set (COL-FULLSEMI),Drywall Finishing Tools > Columbia Taping Tools > Repair Kits & Parts,1
CPFGN,1,0,1,existing,Columbia Graco Powerfill Gooseneck (CPFGN),Drywall Finishing Tools > Columbia Taping Tools > Repair Kits & Parts,1
HMP,1,1,1,existing,Columbia Hot Mud Pump (HMP),Drywall Finishing Tools > Columbia Taping Tools > Repair Kits & Parts,1
HHR-1,1,0,0,existing,Columbia Hydra Handle Repair Kit (HHR-1),Drywall Finishing Tools > Columbia Taping Tools > Repair Kits & Parts,1
ICATW,1,1,1,existing,Columbia Inside 90 Applicator with Wheels (ICATW),Drywall Finishing Tools > Columbia Taping Tools > Repair Kits & Parts,1
IA90,1,1,1,existing,Columbia Inside 90 Degree Mud Head (IA90),Drywall Finishing Tools > Columbia Taping Tools > Repair Kits & Parts,1
ICA2-1,1,1,1,existing,Columbia Inside Corner Applicator 2 Wheels (ICA2-1),Drywall Finishing Tools > Columbia Taping Tools > Repair Kits & Parts,1
ICA4-1,1,1,1,existing,Columbia Inside Corner Applicator 4 Wheels (ICA4-1),Drywall Finishing Tools > Columbia Taping Tools > Repair Kits & Parts,1
FMH,1,1,1,existing,Columbia L-Trim Mud Applicator Head (FMH),Drywall Finishing Tools > Columbia Taping Tools > Repair Kits & Parts,1
MH,1,1,1,existing,Columbia Matrix Extendable Flat Box Handle (MH),Drywall Finishing Tools > Columbia Taping Tools > Repair Kits & Parts,1
MH21,1,0,1,existing,Columbia Matrix Grip Adjuster Housing (MH21),Drywall Finishing Tools > Columbia Taping Tools > Repair Kits & Parts,1
MHL,1,1,1,existing,"Columbia Matrix Long Extendable Drywall Flat Box Handle 56"" to 76"" (MHL)",Drywall Finishing Tools > Columbia Taping Tools > Repair Kits & Parts,1
MH17,1,0,1,existing,Columbia Matrix Pinch Brake (MH17),Drywall Finishing Tools > Columbia Taping Tools > Repair Kits & Parts,1
MH24,1,0,1,existing,Columbia Matrix Pinch Brake Bushing (MH24),Drywall Finishing Tools > Columbia Taping Tools > Repair Kits & Parts,1
MH25,1,0,1,existing,Columbia Matrix Pinch Brake Stem (MH25),Drywall Finishing Tools > Columbia Taping Tools > Repair Kits & Parts,1
MP-08,1,0,0,existing,Columbia Mud Pump Leg - MP8 (MP-08),Drywall Finishing Tools > Columbia Taping Tools > Repair Kits & Parts,1
MPR-1,1,0,1,existing,Columbia Mud Pump Maintenacne Kit (MPR-1),Drywall Finishing Tools > Columbia Taping Tools > Repair Kits & Parts,1
MP-23,1,0,0,existing,Columbia Mud Pump Seal (MP-23),Drywall Finishing Tools > Columbia Taping Tools > Repair Kits & Parts,1
MP-36,1,0,0,existing,Columbia Mud Pump Nylatron Bushing (MP-36),Drywall Finishing Tools > Columbia Taping Tools > Repair Kits & Parts,1
MP-27C,1,0,0,existing,Columbia Mud Pump O Ring Retainer (MP-27C),Drywall Finishing Tools > Columbia Taping Tools > Repair Kits & Parts,1
HNS20,1,0,0,existing,Columbia Nail Spotter Wedge for Skid Nail Spotter (HNS20),Drywall Finishing Tools > Columbia Taping Tools > Repair Kits & Parts,1
HNSA-5-2,1,0,0,existing,"Columbia Nail Spotter Wheel Kit- 2"" (HNSA-5-2)",Drywall Finishing Tools > Columbia Taping Tools > Repair Kits & Parts,1
CFB8A,1,0,1,existing,Columbia ONE Angle Box Door Adaptor #14499 (CFB8A),Drywall Finishing Tools > Columbia Taping Tools > Repair Kits & Parts,1
GC1HEXT &AMP; AHA,1,0,0,existing,Columbia One Extendable Angle Head Handle 3'-5' (GC1HEXT &AMP; AHA),Drywall Finishing Tools > Columbia Taping Tools > Repair Kits & Parts,1
C1HEXT,1,1,1,existing,Columbia One Extendable Handle 3'-5' (C1HEXT),Drywall Finishing Tools > Columbia Taping Tools > Repair Kits & Parts,1
C1H,1,1,1,existing,Columbia One Handle (C1H),Drywall Finishing Tools > Columbia Taping Tools > Repair Kits & Parts,1
C1SPTAPER,1,0,0,existing,"Columbia One Predator Taper 39"" ""Sawed Off"" (C1SPTAPER)",Drywall Finishing Tools > Columbia Taping Tools > Repair Kits & Parts,1
C1PTAPER,1,0,0,existing,"Columbia One Predator Taper 53"" Standard (C1PTAPER)",Drywall Finishing Tools > Columbia Taping Tools > Repair Kits & Parts,1
C1TBPTAPER,1,0,0,existing,"Columbia One Predator Taper 77"" Tall Boy (C1TBPTAPER)",Drywall Finishing Tools > Columbia Taping Tools > Repair Kits & Parts,1
C1PBODY,1,0,0,existing,Columbia One Predator Taper Body (C1PBODY),Drywall Finishing Tools > Columbia Taping Tools > Repair Kits & Parts,1
C1PHEAD,1,0,0,existing,Columbia One Predator Taper Head Only (C1PHEAD),Drywall Finishing Tools > Columbia Taping Tools > Repair Kits & Parts,1
C1SPBODY,1,0,0,existing,Columbia One Sawed Off Predator Taper Body (C1SPBODY),Drywall Finishing Tools > Columbia Taping Tools > Repair Kits & Parts,1
C1TBBODY,1,0,0,existing,Columbia One Tall Boy Predator Taper Body (C1TBBODY),Drywall Finishing Tools > Columbia Taping Tools > Repair Kits & Parts,1
CEXT90,1,1,1,existing,Columbia Outside 90 Corner Applicator Head (CEXT90),Drywall Finishing Tools > Columbia Taping Tools > Repair Kits & Parts,1
CBNCR,1,1,1,existing,Columbia Outside Bullnose Corner Roller (CBNCR),Drywall Finishing Tools > Columbia Taping Tools > Repair Kits & Parts,1
PDDM,1,1,1,existing,Columbia Phantom Dustless Pole Sander (PDDM),Drywall Finishing Tools > Columbia Taping Tools > Repair Kits & Parts,1
CTA107,1,0,1,existing,Columbia Piston Assembly for Taper (CTA107),Drywall Finishing Tools > Columbia Taping Tools > Repair Kits & Parts,1
CS,1,1,1,existing,Columbia Pole Sander Head Only (CS),Drywall Finishing Tools > Columbia Taping Tools > Repair Kits & Parts,1
SPTAPER,1,1,1,existing,"Columbia Predator ""Sawed Off"" Mini Carbon Fiber Automatic Taper (SPTAPER)",Drywall Finishing Tools > Columbia Taping Tools > Repair Kits & Parts,1
C-PFS,1,0,0,existing,Columbia Pro Extendable Finishing Set (C-PFS),Drywall Finishing Tools > Columbia Taping Tools > Repair Kits & Parts,1
502H-A,1,0,0,existing,Columbia Pump Rebuild Kit (502H-A),Drywall Finishing Tools > Columbia Taping Tools > Repair Kits & Parts,1
SB2-10,1,0,0,existing,"Columbia Replacement 10"" Blade for Tomahawk (SB2-10)",Drywall Finishing Tools > Columbia Taping Tools > Repair Kits & Parts,1
SB2-12,1,0,1,existing,"Columbia Replacement 12"" Blade for Tomahawk (SB2-12)",Drywall Finishing Tools > Columbia Taping Tools > Repair Kits & Parts,1
FFB14D,1,0,0,existing,"Columbia Replacement 12"" Classic Flat Box Wiper Gasket (FFB14D)",Drywall Finishing Tools > Columbia Taping Tools > Repair Kits & Parts,1
SB2-14,1,0,1,existing,"Columbia Replacement 14"" Blade for Tomahawk (SB2-14)",Drywall Finishing Tools > Columbia Taping Tools > Repair Kits & Parts,1
SB2-18,1,0,1,existing,"Columbia Replacement 18"" Blade for Tomahawk (SB2-18)",Drywall Finishing Tools > Columbia Taping Tools > Repair Kits & Parts,1
SB2-24,1,0,1,existing,"Columbia Replacement 24"" Blade for Tomahawk (SB2-24)",Drywall Finishing Tools > Columbia Taping Tools > Repair Kits & Parts,1
SB2-32,1,0,1,existing,"Columbia Replacement 32"" Blade for Tomahawk (SB2-32)",Drywall Finishing Tools > Columbia Taping Tools > Repair Kits & Parts,1
SB2-40,1,0,0,existing,"Columbia Replacement 40"" Blade for Tomahawk (SB2-40)",Drywall Finishing Tools > Columbia Taping Tools > Repair Kits & Parts,1
SB2-48,1,0,0,existing,"Columbia Replacement 48"" Blade for Tomahawk (SB2-48)",Drywall Finishing Tools > Columbia Taping Tools > Repair Kits & Parts,1
SB2-7,1,0,1,existing,"Columbia Replacement 7"" Blade for Tomahawk (SB2-7)",Drywall Finishing Tools > Columbia Taping Tools > Repair Kits & Parts,1
ROADCASE,1,0,0,existing,Columbia Road Case (ROADCASE),Drywall Finishing Tools > Columbia Taping Tools > Repair Kits & Parts,1
CC5,1,0,0,existing,Columbia Roller for Corner Cobra (CC5),Drywall Finishing Tools > Columbia Taping Tools > Repair Kits & Parts,1
SBSET,1,1,1,existing,Columbia Sabre Set (SBSET),Drywall Finishing Tools > Columbia Taping Tools > Repair Kits & Parts,1
SSB10,1,0,1,existing,"Columbia Sabre Smoothing Blade 10"" (SSB10)",Drywall Finishing Tools > Columbia Taping Tools > Repair Kits & Parts,1
SSB12,1,0,1,existing,"Columbia Sabre Smoothing Blade 12"" (SSB12)",Drywall Finishing Tools > Columbia Taping Tools > Repair Kits & Parts,1
SSB14,1,0,1,existing,"Columbia Sabre Smoothing Blade 14"" (SSB14)",Drywall Finishing Tools > Columbia Taping Tools > Repair Kits & Parts,1
SSB16,1,0,1,existing,"Columbia Sabre Smoothing Blade 16"" (SSB16)",Drywall Finishing Tools > Columbia Taping Tools > Repair Kits & Parts,1
SSB18,1,0,1,existing,"Columbia Sabre Smoothing Blade 18"" (SSB18)",Drywall Finishing Tools > Columbia Taping Tools > Repair Kits & Parts,1
SSB24,1,0,1,existing,"Columbia Sabre Smoothing Blade 24"" (SSB24)",Drywall Finishing Tools > Columbia Taping Tools > Repair Kits & Parts,1
SSB32,1,0,1,existing,"Columbia Sabre Smoothing Blade 32"" (SSB32)",Drywall Finishing Tools > Columbia Taping Tools > Repair Kits & Parts,1
SSB40,1,0,1,existing,"Columbia Sabre Smoothing Blade 40"" (SSB40)",Drywall Finishing Tools > Columbia Taping Tools > Repair Kits & Parts,1
SSB48,1,0,1,existing,"Columbia Sabre Smoothing Blade 48"" (SSB48)",Drywall Finishing Tools > Columbia Taping Tools > Repair Kits & Parts,1
SSB7,1,0,1,existing,"Columbia Sabre Smoothing Blade 7"" (SSB7)",Drywall Finishing Tools > Columbia Taping Tools > Repair Kits & Parts,1
SAT,1,1,1,existing,Columbia Semi Auto Taper Drywall Taping Tool (SAT),Drywall Finishing Tools > Columbia Taping Tools > Repair Kits & Parts,1
SACS,1,1,1,existing,Columbia Semi Automatic Commando Set (SACS),Drywall Finishing Tools > Columbia Taping Tools > Repair Kits & Parts,1
COLSEMI,1,0,0,existing,Columbia Semi-Automatic Starter Set (COLSEMI),Drywall Finishing Tools > Columbia Taping Tools > Repair Kits & Parts,1
MHS,1,1,1,existing,"Columbia Short Matrix Flat Box Handle 29""-39"" (MHS)",Drywall Finishing Tools > Columbia Taping Tools > Repair Kits & Parts,1
FA289,1,0,1,existing,"Columbia Split Pin 1/4"" x 2"" (FA289)",Drywall Finishing Tools > Columbia Taping Tools > Repair Kits & Parts,1
COBCR,1,1,1,existing,Columbia Standard Outside 90 Corner Bead Roller (COBCR),Drywall Finishing Tools > Columbia Taping Tools > Repair Kits & Parts,1
70108,1,0,0,existing,Columbia Starter Drywall Finishing Set (70108),Drywall Finishing Tools > Columbia Taping Tools > Repair Kits & Parts,1
COBCRW,1,1,1,existing,Columbia Superwide Outside 90 Corner Bead Roller (COBCRW),Drywall Finishing Tools > Columbia Taping Tools > Repair Kits & Parts,1
CR12,1,0,1,existing,Columbia Swivel Coupling Pin (CR12),Drywall Finishing Tools > Columbia Taping Tools > Repair Kits & Parts,1
TS,1,1,1,existing,Columbia Tactical Set (TS),Drywall Finishing Tools > Columbia Taping Tools > Repair Kits & Parts,1
PTS,1,1,1,existing,Columbia Tactical Set with Predator Upgrade (PTS),Drywall Finishing Tools > Columbia Taping Tools > Repair Kits & Parts,1
TBGN,1,1,1,existing,Columbia Tall Boy Gooseneck (TBGN),Drywall Finishing Tools > Columbia Taping Tools > Repair Kits & Parts,1
TBMP,1,1,1,existing,Columbia Tall Boy Loading Pump (TBMP),Drywall Finishing Tools > Columbia Taping Tools > Repair Kits & Parts,1
CT87A,1,0,1,existing,Columbia Taper Bracket Base (CT87A),Drywall Finishing Tools > Columbia Taping Tools > Repair Kits & Parts,1
CT49,1,0,1,existing,Columbia Taper Crimping Arm Right (CT49),Drywall Finishing Tools > Columbia Taping Tools > Repair Kits & Parts,1
CT47,1,0,1,existing,Columbia Taper Crimping Wheel (CT47),Drywall Finishing Tools > Columbia Taping Tools > Repair Kits & Parts,1
CTA-41,1,0,1,existing,Columbia Taper Cutter Block Assembly (CTA-41),Drywall Finishing Tools > Columbia Taping Tools > Repair Kits & Parts,1
CTA13,1,0,1,existing,Columbia Taper Dog Base Bracket (CTA13),Drywall Finishing Tools > Columbia Taping Tools > Repair Kits & Parts,1
058126F-A,1,0,0,existing,Columbia Taper Drive Chain (058126F-A),Drywall Finishing Tools > Columbia Taping Tools > Repair Kits & Parts,1
050110F-A,1,0,0,existing,Columbia Taper Drive Shaft (050110F-A),Drywall Finishing Tools > Columbia Taping Tools > Repair Kits & Parts,1
CTR-2,1,0,0,existing,Columbia Taper Head Maintenance Kit (CTR-2),Drywall Finishing Tools > Columbia Taping Tools > Repair Kits & Parts,1
CT-3A,1,0,0,existing,Columbia Taper Left Insert Bushing - CT3A (CT-3A),Drywall Finishing Tools > Columbia Taping Tools > Repair Kits & Parts,1
CTA59,1,0,1,existing,Columbia Taper Magnet (CTA59),Drywall Finishing Tools > Columbia Taping Tools > Repair Kits & Parts,1
CTR-1,1,0,1,existing,Columbia Taper Maintenance Kit (CTR-1),Drywall Finishing Tools > Columbia Taping Tools > Repair Kits & Parts,1
CT93,1,0,1,existing,Columbia Taper Mud Shut Off Lever Arm (CT93),Drywall Finishing Tools > Columbia Taping Tools > Repair Kits & Parts,1
CT129B,1,0,1,existing,Columbia Taper Plastic Roller Sleeve (CT129B),Drywall Finishing Tools > Columbia Taping Tools > Repair Kits & Parts,1
CT-67,1,0,1,existing,Columbia Taper Ratchet Gear (CT-67),Drywall Finishing Tools > Columbia Taping Tools > Repair Kits & Parts,1
CT89,1,0,1,existing,Columbia Taper Release Rod Sleeve (CT89),Drywall Finishing Tools > Columbia Taping Tools > Repair Kits & Parts,1
CT-118,1,0,0,existing,Columbia Taper Retaining Spring Clip (CT-118),Drywall Finishing Tools > Columbia Taping Tools > Repair Kits & Parts,1
CT-123,1,0,1,existing,Columbia Taper Retaining Spring Shaft (CT-123),Drywall Finishing Tools > Columbia Taping Tools > Repair Kits & Parts,1
CT128A,1,0,1,existing,Columbia Taper Shaft Guide Roller Bushing (CT128A),Drywall Finishing Tools > Columbia Taping Tools > Repair Kits & Parts,1
CT7A,1,0,1,existing,Columbia Taper Side Plate Hub (CT7A),Drywall Finishing Tools > Columbia Taping Tools > Repair Kits & Parts,1
59038-A,1,0,0,existing,Columbia #4 Lock Washer (59038-A),Drywall Finishing Tools > Columbia Taping Tools > Repair Kits & Parts,1
FA253,1,0,1,existing,Columbia #8 Flat Washer (FA253),Drywall Finishing Tools > Columbia Taping Tools > Repair Kits & Parts,1
FA-304,1,0,0,existing,Columbia 5/16 Flat Washer (FA-304),Drywall Finishing Tools > Columbia Taping Tools > Repair Kits & Parts,1
HP-47,1,0,0,existing,Columbia Draw Latch Assembly (HP-47),Drywall Finishing Tools > Columbia Taping Tools > Repair Kits & Parts,1
MP-14,1,0,0,existing,Columbia Piston Cup (MP-14),Drywall Finishing Tools > Columbia Taping Tools > Repair Kits & Parts,1
CT-122A,1,0,1,existing,Columbia Taper Strap (CT-122A),Drywall Finishing Tools > Columbia Taping Tools > Repair Kits & Parts,1
CT-116A,1,0,1,existing,Columbia Taper Strap (CT-116A),Drywall Finishing Tools > Columbia Taping Tools > Repair Kits & Parts,1
GC1HEXT/CLTHA,1,0,0,existing,Columbia Tomahawk Smoothing Blade Extendable Handle (GC1HEXT/CLTHA),Drywall Finishing Tools > Columbia Taping Tools > Repair Kits & Parts,1
C1H/CLTHA,1,0,0,existing,Columbia Tomahawk Smoothing Blade Fixed Handle (C1H/CLTHA),Drywall Finishing Tools > Columbia Taping Tools > Repair Kits & Parts,1
TWS,1,1,1,existing,Columbia Tomahawk Warrior Set (TWS),Drywall Finishing Tools > Columbia Taping Tools > Repair Kits & Parts,1
CLTHA,1,1,1,existing,Columbia Tomalock Smoothing Blade Adaptor Tomahawk Handle (CLTHA),Drywall Finishing Tools > Columbia Taping Tools > Repair Kits & Parts,1
OA90,1,0,1,existing,Columbia Tools Drywall Outside Corner Bead Mud Applicator (OA90),Drywall Finishing Tools > Columbia Taping Tools > Repair Kits & Parts,1
CF-3B,1,0,0,existing,Columbia Wheel for Corner Flusher (CF-3B),Drywall Finishing Tools > Columbia Taping Tools > Repair Kits & Parts,1
CPFP,1,1,1,existing,Columbia x Graco PowerFill 3.5 Loading Pump (CPFP),Drywall Finishing Tools > Columbia Taping Tools > Repair Kits & Parts,1
CR-11,1,0,0,existing,Columbia Corner Roller Handle Connecting Link (CR-11),Drywall Finishing Tools > Columbia Taping Tools > Repair Kits & Parts,1
CR6,1,0,1,existing,Columbia Corner Roller Handle Mounting Swivel (CR6),Drywall Finishing Tools > Columbia Taping Tools > Repair Kits & Parts,1
CRA2,1,0,1,existing,Columbia Corner Roller Wheel Maintenance Kit (CRA2),Drywall Finishing Tools > Columbia Taping Tools > Repair Kits & Parts,1
050081F-A,1,0,0,existing,Columbia Creaser Return Spring (050081F-A),Drywall Finishing Tools > Columbia Taping Tools > Repair Kits & Parts,1
CT-101,1,0,0,existing,Columbia Filler Valve Return Spring (CT-101),Drywall Finishing Tools > Columbia Taping Tools > Repair Kits & Parts,1
HFFB5-10,1,0,0,existing,"Columbia Flat Box Axle 10"" (HFFB5-10)",Drywall Finishing Tools > Columbia Taping Tools > Repair Kits & Parts,1
HFFB5-12,1,0,0,existing,"Columbia Flat Box Axle 12"" (HFFB5-12)",Drywall Finishing Tools > Columbia Taping Tools > Repair Kits & Parts,1
HFFFB5-8,1,0,0,existing,"Columbia Flat Box Axle 8"" - HFFB5-8 (HFFFB5-8)",Drywall Finishing Tools > Columbia Taping Tools > Repair Kits & Parts,1
FFBA-10-10,1,0,0,existing,"Columbia Flat Box Blade Bar Assembly 10"" (FFBA-10-10)",Drywall Finishing Tools > Columbia Taping Tools > Repair Kits & Parts,1
FFBA10-12,1,0,0,existing,"Columbia Flat Box Blade Bar Assembly 12"" (FFBA10-12)",Drywall Finishing Tools > Columbia Taping Tools > Repair Kits & Parts,1
FFBA-10-14,1,0,0,existing,"Columbia Flat Box Blade Bar Assembly 14"" (FFBA-10-14)",Drywall Finishing Tools > Columbia Taping Tools > Repair Kits & Parts,1
FFBA-10-5.5,1,0,0,existing,"Columbia Flat Box Blade Bar Assembly 5.5"" - FFBA10-5.5 (FFBA-10-5.5)",Drywall Finishing Tools > Columbia Taping Tools > Repair Kits & Parts,1
FFBA-10-7,1,0,0,existing,"Columbia Flat Box Blade Bar Assembly 7"" (FFBA-10-7)",Drywall Finishing Tools > Columbia Taping Tools > Repair Kits & Parts,1
FFBA-10-8,1,0,0,existing,"Columbia Flat Box Blade Bar Assembly 8"" (FFBA-10-8)",Drywall Finishing Tools > Columbia Taping Tools > Repair Kits & Parts,1
FFB6,1,0,0,existing,Columbia Flat Box Wheel (FFB6),Drywall Finishing Tools > Columbia Taping Tools > Repair Kits & Parts,1
HFFB14-8,1,0,0,existing,"Columbia Flat Box Door Gasket 8"" Fat Boy-New Style (HFFB14-8)",Drywall Finishing Tools > Columbia Taping Tools > Repair Kits & Parts,1
202020-A,1,0,0,existing,Columbia Flat Box Door Spring Nut (202020-A),Drywall Finishing Tools > Columbia Taping Tools > Repair Kits & Parts,1
BH4,1,0,1,existing,Columbia Flat Box Handle Lower Brake Lever (BH4),Drywall Finishing Tools > Columbia Taping Tools > Repair Kits & Parts,1
BH-11,1,0,0,existing,Columbia Flat Box Handle Strap Connecting Pin (BH-11),Drywall Finishing Tools > Columbia Taping Tools > Repair Kits & Parts,1
FFB-25-10,1,0,0,existing,"Columbia Flat Box Rubber Gasket Retainer 10"" (FFB-25-10)",Drywall Finishing Tools > Columbia Taping Tools > Repair Kits & Parts,1
FFB-25-12,1,0,0,existing,"Columbia Flat Box Rubber Gasket Retainer 12"" (FFB-25-12)",Drywall Finishing Tools > Columbia Taping Tools > Repair Kits & Parts,1
FFB25-7,1,0,0,existing,"Columbia Flat Box Rubber Gasket Retainer 7"" (FFB25-7)",Drywall Finishing Tools > Columbia Taping Tools > Repair Kits & Parts,1
209046-A,1,0,0,existing,Columbia Flat Box Stainless Steel Backing Washer - FFB4B (209046-A),Drywall Finishing Tools > Columbia Taping Tools > Repair Kits & Parts,1
FFB32A,1,0,0,existing,Columbia Flat Box Thumb Release Clip Screw (FFB32A),Drywall Finishing Tools > Columbia Taping Tools > Repair Kits & Parts,1
HH30,1,0,0,existing,Columbia Handle Extension Release Clip (HH30),Drywall Finishing Tools > Columbia Taping Tools > Repair Kits & Parts,1
HH31,1,0,0,existing,"Columbia Handle Release Clip Pin - Columbia Flat Box Door Gasket 10"" Fat Boy-New Style (HH31)",Drywall Finishing Tools > Columbia Taping Tools > Repair Kits & Parts,1
HH33,1,0,0,existing,Columbia Handle Release Clip Spring (HH33),Drywall Finishing Tools > Columbia Taping Tools > Repair Kits & Parts,1
CMT-7,1,0,0,existing,Columbia Mastic Tube Plunger - CMT7 (CMT-7),Drywall Finishing Tools > Columbia Taping Tools > Repair Kits & Parts,1
MP28,1,0,0,existing,Columbia Mud Pump Filler Nut (MP28),Drywall Finishing Tools > Columbia Taping Tools > Repair Kits & Parts,1
700036-A2,1,0,0,existing,Columbia Mud Pump Filler Stud (700036-A2),Drywall Finishing Tools > Columbia Taping Tools > Repair Kits & Parts,1
MP5,1,0,0,existing,Columbia Mud Pump Head Bushing (MP5),Drywall Finishing Tools > Columbia Taping Tools > Repair Kits & Parts,1
HP46,1,0,0,existing,Columbia Mud Pump Latch Keeper (HP46),Drywall Finishing Tools > Columbia Taping Tools > Repair Kits & Parts,1
MP-13,1,0,0,existing,Columbia Mud Pump Piston Backing Washer (Large) (MP-13),Drywall Finishing Tools > Columbia Taping Tools > Repair Kits & Parts,1
MP-13A,1,0,0,existing,Columbia Mud Pump Piston Backing Washer (Small) (MP-13A),Drywall Finishing Tools > Columbia Taping Tools > Repair Kits & Parts,1
MP-11,1,0,0,existing,Columbia Mud Pump Piston Shaft (MP-11),Drywall Finishing Tools > Columbia Taping Tools > Repair Kits & Parts,1
MP-32,1,0,0,existing,Columbia Mud Pump Flapper Valve (MP-32),Drywall Finishing Tools > Columbia Taping Tools > Repair Kits & Parts,1
MP39,1,0,0,existing,Columbia Mud Pump Sleeve (MP39),Drywall Finishing Tools > Columbia Taping Tools > Repair Kits & Parts,1
NS7-2,1,0,0,existing,"Columbia Nail Spotter 2"" Nail Spotter Blade (NS7-2)",Drywall Finishing Tools > Columbia Taping Tools > Repair Kits & Parts,1
NS7-3,1,0,0,existing,"Columbia Nail Spotter 3"" Nail Spotter Blade (NS7-3)",Drywall Finishing Tools > Columbia Taping Tools > Repair Kits & Parts,1
NS4-2,1,0,0,existing,"Columbia Nail Spotter Door Gasket 2"" (NS4-2)",Drywall Finishing Tools > Columbia Taping Tools > Repair Kits & Parts,1
HNS10,1,0,0,existing,Columbia Nail Spotter Door Spring Long- Left (HNS10),Drywall Finishing Tools > Columbia Taping Tools > Repair Kits & Parts,1
HNS10A,1,0,0,existing,Columbia Nail Spotter Door Spring Short- Right (HNS10A),Drywall Finishing Tools > Columbia Taping Tools > Repair Kits & Parts,1
NS-25-2,1,0,0,existing,Columbia Nail Spotter Door Swivel (NS-25-2),Drywall Finishing Tools > Columbia Taping Tools > Repair Kits & Parts,1
HNS1A-3,1,0,0,existing,"Columbia Nail Spotter Mud Seal Strip 3"" (HNS1A-3)",Drywall Finishing Tools > Columbia Taping Tools > Repair Kits & Parts,1
HNS13,1,0,0,existing,Columbia Nail Spotter Roll Pin Bushing #12535 (HNS13),Drywall Finishing Tools > Columbia Taping Tools > Repair Kits & Parts,1
NS8-2,1,0,0,existing,"Columbia Nail Spotter Shoe 2"" (NS8-2)",Drywall Finishing Tools > Columbia Taping Tools > Repair Kits & Parts,1
NS8-3,1,0,0,existing,"Columbia Nail Spotter Shoe 3"" (NS8-3)",Drywall Finishing Tools > Columbia Taping Tools > Repair Kits & Parts,1
CT-34R,1,0,1,existing,Columbia Removable Cover Plate Attachment Block (CT-34R),Drywall Finishing Tools > Columbia Taping Tools > Repair Kits & Parts,1
CT-99,1,0,0,existing,Columbia Removable Cover Plate Pin (CT-99),Drywall Finishing Tools > Columbia Taping Tools > Repair Kits & Parts,1
CT-100,1,0,0,existing,Columbia Removable Cover Plate Pin ring (CT-100),Drywall Finishing Tools > Columbia Taping Tools > Repair Kits & Parts,1
CT118A,1,0,1,existing,Columbia Retaining Spring Clip(Quick Realease) (CT118A),Drywall Finishing Tools > Columbia Taping Tools > Repair Kits & Parts,1
AH8A,1,0,0,existing,Columbia Short Center Clip (AH8A),Drywall Finishing Tools > Columbia Taping Tools > Repair Kits & Parts,1
CT-119,1,0,1,existing,Columbia Spool Retaining Spring (CT-119),Drywall Finishing Tools > Columbia Taping Tools > Repair Kits & Parts,1
TBMP8C,1,0,0,existing,Columbia Tall Boy Lef Stabilizer (TBMP8C),Drywall Finishing Tools > Columbia Taping Tools > Repair Kits & Parts,1
CT-121B,1,0,0,existing,Columbia Tape Spool Shaft (Quick Release) (CT-121B),Drywall Finishing Tools > Columbia Taping Tools > Repair Kits & Parts,1
CT14A,1,0,1,existing,Columbia Taper Adjustable Brake (CT14A),Drywall Finishing Tools > Columbia Taping Tools > Repair Kits & Parts,1
CT14,1,0,0,existing,Columbia Taper Adjustable Brake Holder (CT14),Drywall Finishing Tools > Columbia Taping Tools > Repair Kits & Parts,1
CT-103,1,0,1,existing,Columbia Taper Barrel Main Body (CT-103),Drywall Finishing Tools > Columbia Taping Tools > Repair Kits & Parts,1
CT-106A,1,0,0,existing,Columbia Taper Bearing Shaft (CT-106A),Drywall Finishing Tools > Columbia Taping Tools > Repair Kits & Parts,1
050036,1,0,0,existing,Columbia Taper Bracket Base (050036),Drywall Finishing Tools > Columbia Taping Tools > Repair Kits & Parts,1
CT22,1,0,1,existing,Columbia Taper Brass Bracket (CT22),Drywall Finishing Tools > Columbia Taping Tools > Repair Kits & Parts,1
CT-73,1,0,1,existing,Columbia Taper Cable Drum (CT-73),Drywall Finishing Tools > Columbia Taping Tools > Repair Kits & Parts,1
CT-084A,1,0,0,existing,Columbia Taper Cable Guide Pulley (CT-084A),Drywall Finishing Tools > Columbia Taping Tools > Repair Kits & Parts,1
CT-35R,1,0,0,existing,Columbia Taper Cap Reinforcing Tab (CT-35R),Drywall Finishing Tools > Columbia Taping Tools > Repair Kits & Parts,1
50123-A,1,0,0,existing,Columbia Taper Carriage Cam (50123-A),Drywall Finishing Tools > Columbia Taping Tools > Repair Kits & Parts,1
50068-A,1,0,0,existing,Columbia Taper Carriage Guide Rod Stop (50068-A),Drywall Finishing Tools > Columbia Taping Tools > Repair Kits & Parts,1
50163-A,1,0,0,existing,Columbia Taper Chain Tension & Guide Bracket (50163-A),Drywall Finishing Tools > Columbia Taping Tools > Repair Kits & Parts,1
CT82,1,0,0,existing,Columbia Taper Clutch Lever (CT82),Drywall Finishing Tools > Columbia Taping Tools > Repair Kits & Parts,1
CT-88,1,0,1,existing,Columbia Taper Clutch Release Rod (CT-88),Drywall Finishing Tools > Columbia Taping Tools > Repair Kits & Parts,1
CT-085,1,0,0,existing,Columbia Taper Clutch Release Shaft (CT-085),Drywall Finishing Tools > Columbia Taping Tools > Repair Kits & Parts,1
050115F-A,1,0,0,existing,Columbia Taper Clutch Return Spring (050115F-A),Drywall Finishing Tools > Columbia Taping Tools > Repair Kits & Parts,1
CT-45,1,0,1,existing,Columbia Taper Connecting Rod (CT-45),Drywall Finishing Tools > Columbia Taping Tools > Repair Kits & Parts,1
50205-A,1,0,0,existing,Columbia Taper Connecting Stud (50205-A),Drywall Finishing Tools > Columbia Taping Tools > Repair Kits & Parts,1
CT-104,1,0,0,existing,Columbia Taper Connection Strap (CT-104),Drywall Finishing Tools > Columbia Taping Tools > Repair Kits & Parts,1
50058-A2,1,0,0,existing,Columbia Taper Control Valve (50058-A2),Drywall Finishing Tools > Columbia Taping Tools > Repair Kits & Parts,1
CT-105,1,0,1,existing,Columbia Taper Crimper Lever (CT-105),Drywall Finishing Tools > Columbia Taping Tools > Repair Kits & Parts,1
CT10A,1,0,1,existing,Columbia Taper Crimping Arm Bushing Left (CT10A),Drywall Finishing Tools > Columbia Taping Tools > Repair Kits & Parts,1
CT10,1,0,1,existing,Columbia Taper Crimping Arm Bushing Right (CT10),Drywall Finishing Tools > Columbia Taping Tools > Repair Kits & Parts,1
054096F-A,1,0,0,existing,Columbia Taper Crimping Arm Left (054096F-A),Drywall Finishing Tools > Columbia Taping Tools > Repair Kits & Parts,1
CT-41,1,0,1,existing,Columbia Taper Cutter Block (CT-41),Drywall Finishing Tools > Columbia Taping Tools > Repair Kits & Parts,1
CT-41A,1,0,0,existing,Columbia Taper Cutter Block Clamp (CT-41A),Drywall Finishing Tools > Columbia Taping Tools > Repair Kits & Parts,1
CT66,1,0,0,existing,Columbia Taper Drive Drum (CT66),Drywall Finishing Tools > Columbia Taping Tools > Repair Kits & Parts,1
CT-77,1,0,1,existing,Columbia Taper Drive Sprocket Large (CT-77),Drywall Finishing Tools > Columbia Taping Tools > Repair Kits & Parts,1
052125F-A,1,0,0,existing,Columbia Taper Drive Sprocket Small (052125F-A),Drywall Finishing Tools > Columbia Taping Tools > Repair Kits & Parts,1
CT127,1,0,1,existing,Columbia Taper Extension Shaft Bracket (CT127),Drywall Finishing Tools > Columbia Taping Tools > Repair Kits & Parts,1
CT115A,1,0,1,existing,Columbia Taper Gasket New Style End Ring (CT115A),Drywall Finishing Tools > Columbia Taping Tools > Repair Kits & Parts,1
G10926-6,1,0,0,existing,Columbia Taper Gooser Needle - Extra Long 6 pk (G10926-6),Drywall Finishing Tools > Columbia Taping Tools > Repair Kits & Parts,1
CT-01,1,0,0,existing,Columbia Taper Head Casting - CT1 (CT-01),Drywall Finishing Tools > Columbia Taping Tools > Repair Kits & Parts,1
CT20,1,0,1,existing,Columbia Taper Hinge Block (CT20),Drywall Finishing Tools > Columbia Taping Tools > Repair Kits & Parts,1
CT-79,1,0,1,existing,Columbia Taper Hollow Shaft (CT-79),Drywall Finishing Tools > Columbia Taping Tools > Repair Kits & Parts,1
CT39,1,0,1,existing,Columbia Taper Knife Return Spring (CT39),Drywall Finishing Tools > Columbia Taping Tools > Repair Kits & Parts,1
CT-92A,1,0,1,existing,Columbia Taper L Clip (CT-92A),Drywall Finishing Tools > Columbia Taping Tools > Repair Kits & Parts,1
CT113,1,0,1,existing,Columbia Taper Lock Block (CT113),Drywall Finishing Tools > Columbia Taping Tools > Repair Kits & Parts,1
CT-80,1,0,0,existing,Columbia Taper Manual Drive Grip (CT-80),Drywall Finishing Tools > Columbia Taping Tools > Repair Kits & Parts,1
CT-43,1,0,1,existing,Columbia Taper Micro Chain #5618 (CT-43),Drywall Finishing Tools > Columbia Taping Tools > Repair Kits & Parts,1
50003-A2,1,0,0,existing,Columbia Taper Mud Shut Off Gasket (50003-A2),Drywall Finishing Tools > Columbia Taping Tools > Repair Kits & Parts,1
50004-A2,1,0,0,existing,Columbia Taper Mud Shut Off Upper Plate (50004-A2),Drywall Finishing Tools > Columbia Taping Tools > Repair Kits & Parts,1
CT-98,1,0,1,existing,Columbia Taper Mud Supply Seal Plate (CT-98),Drywall Finishing Tools > Columbia Taping Tools > Repair Kits & Parts,1
054059F-A,1,0,0,existing,Columbia Taper Mud Supply Valve Body (054059F-A),Drywall Finishing Tools > Columbia Taping Tools > Repair Kits & Parts,1
CT97,1,0,1,existing,Columbia Taper Mud Supply Valve Body 054059F (CT97),Drywall Finishing Tools > Columbia Taping Tools > Repair Kits & Parts,1
56022-A,1,0,0,existing,Columbia Taper Needle Return Spring (56022-A),Drywall Finishing Tools > Columbia Taping Tools > Repair Kits & Parts,1
CT-29,1,0,1,existing,Columbia Taper Nylatron Chain Roller (CT-29),Drywall Finishing Tools > Columbia Taping Tools > Repair Kits & Parts,1
CT-76,1,0,0,existing,Columbia Taper Nylatron Washer (CT-76),Drywall Finishing Tools > Columbia Taping Tools > Repair Kits & Parts,1
50200-A,1,0,0,existing,Columbia Taper Piston Body (50200-A),Drywall Finishing Tools > Columbia Taping Tools > Repair Kits & Parts,1
CT-111,1,0,1,existing,Columbia Taper Piston Cup (CT-111),Drywall Finishing Tools > Columbia Taping Tools > Repair Kits & Parts,1
CT-99A,1,0,0,existing,Columbia Taper Plate O-Ring (CT-99A),Drywall Finishing Tools > Columbia Taping Tools > Repair Kits & Parts,1
50063-A,1,0,0,existing,Columbia Taper Return Spring Tube (50063-A),Drywall Finishing Tools > Columbia Taping Tools > Repair Kits & Parts,1
CT-5,1,0,1,existing,Columbia Taper Right Wafer Bushing - CT5 (CT-5),Drywall Finishing Tools > Columbia Taping Tools > Repair Kits & Parts,1
CT-90,1,0,0,existing,Columbia Taper Rod Sleeve Housing (CT-90),Drywall Finishing Tools > Columbia Taping Tools > Repair Kits & Parts,1
CT-125,1,0,1,existing,Columbia Taper Roller (CT-125),Drywall Finishing Tools > Columbia Taping Tools > Repair Kits & Parts,1
050150F-A,1,0,0,existing,Columbia Taper Side Plate Hub - CT7A (050150F-A),Drywall Finishing Tools > Columbia Taping Tools > Repair Kits & Parts,1
CT-6A,1,0,1,existing,Columbia Taper Side Plate Left - CT6A (CT-6A),Drywall Finishing Tools > Columbia Taping Tools > Repair Kits & Parts,1
CT-6,1,0,1,existing,Columbia Taper Side Plate Right - CT6 (CT-6),Drywall Finishing Tools > Columbia Taping Tools > Repair Kits & Parts,1
54075-A,1,0,0,existing,Columbia Taper Side Plate Support Left - CT7 (54075-A),Drywall Finishing Tools > Columbia Taping Tools > Repair Kits & Parts,1
54104-A,1,0,0,existing,Columbia Taper Side Plate Support Right - CT8 (54104-A),Drywall Finishing Tools > Columbia Taping Tools > Repair Kits & Parts,1
050023F-A,1,0,0,existing,Columbia Taper Spacer Bar (050023F-A),Drywall Finishing Tools > Columbia Taping Tools > Repair Kits & Parts,1
54028-A,1,0,0,existing,Columbia Taper Tape Advance Carriage (54028-A),Drywall Finishing Tools > Columbia Taping Tools > Repair Kits & Parts,1
CT-120,1,0,1,existing,Columbia Taper Tape Spool (CT-120),Drywall Finishing Tools > Columbia Taping Tools > Repair Kits & Parts,1
CT-53,1,0,1,existing,Columbia Taper Toe Kicker (CT-53),Drywall Finishing Tools > Columbia Taping Tools > Repair Kits & Parts,1
CT-86,1,0,1,existing,Columbia Taper Toe Kicker Cable (CT-86),Drywall Finishing Tools > Columbia Taping Tools > Repair Kits & Parts,1
050071F-A,1,0,0,existing,Columbia Taper Tube Holding Bracket Lower (050071F-A),Drywall Finishing Tools > Columbia Taping Tools > Repair Kits & Parts,1
050072F-A,1,0,0,existing,Columbia Taper Tube Holding Bracket Upper (050072F-A),Drywall Finishing Tools > Columbia Taping Tools > Repair Kits & Parts,1
CR2,1,0,0,existing,Roller Wheel (CR2),Drywall Finishing Tools > Columbia Taping Tools > Repair Kits & Parts,1
CT1,1,0,1,existing,Taper Head (CT1),Drywall Finishing Tools > Columbia Taping Tools > Repair Kits & Parts,1
HP1,1,0,0,existing,Hot Mud Pump Cylinder (HP1),Drywall Finishing Tools > Columbia Taping Tools > Repair Kits & Parts,1
BH06,1,0,1,existing,Hinge Pin (180 Grip) (BH06),Drywall Finishing Tools > Columbia Taping Tools > Repair Kits & Parts,1
CMT1A-32,1,0,0,existing,"Draw Tube - 32"" (CMT1A-32)",Drywall Finishing Tools > Columbia Taping Tools > Repair Kits & Parts,1
CMT1A-24,1,0,0,existing,"Draw Tube - 24"" (CMT1A-24)",Drywall Finishing Tools > Columbia Taping Tools > Repair Kits & Parts,1
CMT4,1,0,0,existing,Plunger Housing (CMT4),Drywall Finishing Tools > Columbia Taping Tools > Repair Kits & Parts,1
CMT2,1,0,0,existing,Cone insert(Bottom) (CMT2),Drywall Finishing Tools > Columbia Taping Tools > Repair Kits & Parts,1
CMT8,1,0,0,existing,Mastic Tube Washer (CMT8),Drywall Finishing Tools > Columbia Taping Tools > Repair Kits & Parts,1
CMT6,1,0,0,existing,Cone insert(Top) (CMT6),Drywall Finishing Tools > Columbia Taping Tools > Repair Kits & Parts,1
CMT5,1,0,0,existing,Plastic Handle Collar (CMT5),Drywall Finishing Tools > Columbia Taping Tools > Repair Kits & Parts,1
CMT1-32,1,0,0,existing,"Barrel Main Body 32"" (CMT1-32)",Drywall Finishing Tools > Columbia Taping Tools > Repair Kits & Parts,1
CMT9A,1,0,0,existing,Guard Ring O-ring (CMT9A),Drywall Finishing Tools > Columbia Taping Tools > Repair Kits & Parts,1
CMT10,1,0,0,existing,Mastic Tube cone ball end for Flushers (Plastic) (CMT10),Drywall Finishing Tools > Columbia Taping Tools > Repair Kits & Parts,1
CMT3,1,0,0,existing,Funnel Cone (CMT3),Drywall Finishing Tools > Columbia Taping Tools > Repair Kits & Parts,1
CT123A,1,0,0,existing,Retaining Spring Shaft(Quick Release) (CT123A),Drywall Finishing Tools > Columbia Taping Tools > Repair Kits & Parts,1
FA326,1,0,0,existing,Rivet - Flusher (FA326),Drywall Finishing Tools > Columbia Taping Tools > Repair Kits & Parts,1
CF6,1,0,0,existing,Combo Flusher Wheel Holder - Flusher (CF6),Drywall Finishing Tools > Columbia Taping Tools > Repair Kits & Parts,1
CF5-3.5,1,0,0,existing,"Tension Spring 3.5"" - Flusher (CF5-3.5)",Drywall Finishing Tools > Columbia Taping Tools > Repair Kits & Parts,1
CF5-2 .5,1,0,0,existing,"Columbia Tension Spring 2.5"" - Flusher (CF5-2.5)",Drywall Finishing Tools > Columbia Taping Tools > Repair Kits & Parts,1
AH6A,1,0,1,existing,Ball Holder Release Clip Angle Head (AH6A),Drywall Finishing Tools > Columbia Taping Tools > Repair Kits & Parts,1
AH1A,1,0,0,existing,Spring Housing Angle Head (AH1A),Drywall Finishing Tools > Columbia Taping Tools > Repair Kits & Parts,1
AH11,1,0,0,existing,Return Spring Post Angle Head (AH11),Drywall Finishing Tools > Columbia Taping Tools > Repair Kits & Parts,1
HH5,1,0,0,existing,Extension Housing for COL88 (HH5),Drywall Finishing Tools > Columbia Taping Tools > Repair Kits & Parts,1
FA316,1,0,0,existing,"10-32 x 1/2"" Flat Socket Head (FA316)",Drywall Finishing Tools > Columbia Taping Tools > Repair Kits & Parts,1
HH35,1,0,0,existing,Grip for COL88 (HH35),Drywall Finishing Tools > Columbia Taping Tools > Repair Kits & Parts,1
HH21,1,0,0,existing,Reservoir Piston Spring for COL88 (HH21),Drywall Finishing Tools > Columbia Taping Tools > Repair Kits & Parts,1
HH17C,1,0,0,existing,Line Pincher for COL88 (HH17C),Drywall Finishing Tools > Columbia Taping Tools > Repair Kits & Parts,1
HH9,1,0,0,existing,Coiled Hydraulic Hose for COL88 (HH9),Drywall Finishing Tools > Columbia Taping Tools > Repair Kits & Parts,1
HH23,1,0,0,existing,Piston O-Ring for Hydra Handle (HH23),Drywall Finishing Tools > Columbia Taping Tools > Repair Kits & Parts,1
HH27,1,0,0,existing,Piston Driver Adapter for Hydra Handle (HH27),Drywall Finishing Tools > Columbia Taping Tools > Repair Kits & Parts,1
CFB5B,1,0,0,existing,Cone Ball End (Small - Fits Angle Heads) (CFB5B),Drywall Finishing Tools > Columbia Taping Tools > Repair Kits & Parts,1
FA284,1,0,0,existing,3/16 x 3/8 SS Pop Rivet (FA284),Drywall Finishing Tools > Columbia Taping Tools > Repair Kits & Parts,1
CMT1A-55,1,0,0,existing,"Draw Tube - 55"" (CMT1A-55)",Drywall Finishing Tools > Columbia Taping Tools > Repair Kits & Parts,1
CMT1A-42,1,0,0,existing,"Draw Tube - 42"" (CMT1A-42)",Drywall Finishing Tools > Columbia Taping Tools > Repair Kits & Parts,1
AH12,1,0,0,existing,Tension Return Spring (AH12),Drywall Finishing Tools > Columbia Taping Tools > Repair Kits & Parts,1
CTA87-CL,1,0,1,existing,Cam-Lock Cover Plate Assembly (CTA87-CL),Drywall Finishing Tools > Columbia Taping Tools > Repair Kits & Parts,1
CT1C,1,0,0,existing,Removable cover Plate Stud Nut (CT1C),Drywall Finishing Tools > Columbia Taping Tools > Repair Kits & Parts,1
CT1B,1,0,0,existing,Removable Cover Plate Stud O-Ring (CT1B),Drywall Finishing Tools > Columbia Taping Tools > Repair Kits & Parts,1
CT1A,1,0,0,existing,Removable Cover Plate Stud 1A (CT1A),Drywall Finishing Tools > Columbia Taping Tools > Repair Kits & Parts,1
CT6R,1,0,0,existing,Removable coverplate sideplate screw (CT6R),Drywall Finishing Tools > Columbia Taping Tools > Repair Kits & Parts,1
BH3,1,0,0,existing,Lower Mounting Bracket (BH3),Drywall Finishing Tools > Columbia Taping Tools > Repair Kits & Parts,1
HFBB3A-LEFT,1,0,0,existing,Hinge fat box end plate (Left - New Style) (HFBB3A-LEFT),Drywall Finishing Tools > Columbia Taping Tools > Repair Kits & Parts,1
HFBB3-RIGHT,1,0,0,existing,Hinge fat box end plate (Right - New Style) (HFBB3-RIGHT),Drywall Finishing Tools > Columbia Taping Tools > Repair Kits & Parts,1
HFFB3A-LEFT,1,0,0,existing,Hinge box end plate (Left - New Style) (HFFB3A-LEFT),Drywall Finishing Tools > Columbia Taping Tools > Repair Kits & Parts,1
HFFB3-RIGHT,1,0,0,existing,Hinge box end plate (Right - New Style) (HFFB3-RIGHT),Drywall Finishing Tools > Columbia Taping Tools > Repair Kits & Parts,1
HNS14C,1,0,0,existing,Handle Link Connector (HNS14C),Drywall Finishing Tools > Columbia Taping Tools > Repair Kits & Parts,1
HNS14B,1,0,0,existing,Handle Rivet (HNS14B),Drywall Finishing Tools > Columbia Taping Tools > Repair Kits & Parts,1
HNSA-5-3”,1,0,0,existing,"Wheel Kit 3"" (HNSA-5-3”)",Drywall Finishing Tools > Columbia Taping Tools > Repair Kits & Parts,1
HNS19-3”,1,0,0,existing,"Triangle Shoe 3"" (HNS19-3”)",Drywall Finishing Tools > Columbia Taping Tools > Repair Kits & Parts,1
HNS19-2”,1,0,0,existing,"Triangle Shoe 2"" (HNS19-2”)",Drywall Finishing Tools > Columbia Taping Tools > Repair Kits & Parts,1
HNS17A,1,0,0,existing,Handle Tightness Screw (HNS17A),Drywall Finishing Tools > Columbia Taping Tools > Repair Kits & Parts,1
HNS15-3”,1,0,0,existing,"Door Gasket 3"" (HNS15-3”)",Drywall Finishing Tools > Columbia Taping Tools > Repair Kits & Parts,1
HNS15-2”,1,0,0,existing,"Door Gasket 2"" (HNS15-2”)",Drywall Finishing Tools > Columbia Taping Tools > Repair Kits & Parts,1
HNS12A,1,0,0,existing,Handle Roll Pin (HNS12A),Drywall Finishing Tools > Columbia Taping Tools > Repair Kits & Parts,1
HNS12,1,0,0,existing,Handle Clamp (HNS12),Drywall Finishing Tools > Columbia Taping Tools > Repair Kits & Parts,1
HNS9-3”,1,0,0,existing,"Face Plate 3"" (HNS9-3”)",Drywall Finishing Tools > Columbia Taping Tools > Repair Kits & Parts,1
"HNS9-2""",1,0,0,existing,"Face Plate 2"" (HNS9-2"")",Drywall Finishing Tools > Columbia Taping Tools > Repair Kits & Parts,1
HNS8-3”,1,0,0,existing,"Blade Holder 3"" (HNS8-3”)",Drywall Finishing Tools > Columbia Taping Tools > Repair Kits & Parts,1
"HNS8-2""",1,0,0,existing,"Blade Holder 2"" (HNS8-2"")",Drywall Finishing Tools > Columbia Taping Tools > Repair Kits & Parts,1
HNS4C,1,0,0,existing,"2"" Door Plate Spacer (used for 2"" size only) (HNS4C)",Drywall Finishing Tools > Columbia Taping Tools > Repair Kits & Parts,1
HNS4B,1,0,0,existing,Door Hinge Rollpin (HNS4B),Drywall Finishing Tools > Columbia Taping Tools > Repair Kits & Parts,1
HNS4A,1,0,0,existing,Door Bushing (HNS4A),Drywall Finishing Tools > Columbia Taping Tools > Repair Kits & Parts,1
HNS43”,1,0,0,existing,"Door 3"" (HNS43”)",Drywall Finishing Tools > Columbia Taping Tools > Repair Kits & Parts,1
"HNS42""",1,0,0,existing,"Door 2"" (HNS42"")",Drywall Finishing Tools > Columbia Taping Tools > Repair Kits & Parts,1
"HNS3A-3""",1,0,0,existing,"Sideplate Left 3"" (HNS3A-3"")",Drywall Finishing Tools > Columbia Taping Tools > Repair Kits & Parts,1
"HNS3A-2""",1,0,0,existing,"Sideplate Left 2"" (HNS3A-2"")",Drywall Finishing Tools > Columbia Taping Tools > Repair Kits & Parts,1
"HNS3-3""",1,0,0,existing,"Sideplate Right 3"" (HNS3-3"")",Drywall Finishing Tools > Columbia Taping Tools > Repair Kits & Parts,1
"HNS3-2""",1,0,0,existing,"Sideplate Right 2"" (HNS3-2"")",Drywall Finishing Tools > Columbia Taping Tools > Repair Kits & Parts,1
HNS2A,1,0,0,existing,Rollface Post (HNS2A),Drywall Finishing Tools > Columbia Taping Tools > Repair Kits & Parts,1
"HNS1A-3""",1,0,0,existing,"Mud Seal Strip 3"" (HNS1A-3"")",Drywall Finishing Tools > Columbia Taping Tools > Repair Kits & Parts,1
"HNS1A-2""",1,0,0,existing,"Mud Seal Strip 2"" (HNS1A-2"")",Drywall Finishing Tools > Columbia Taping Tools > Repair Kits & Parts,1
HFFB14-12,1,0,0,existing,"Std Hinged Flat Box Door Gasket 12"" (HFFB14-12)",Drywall Finishing Tools > Columbia Taping Tools > Repair Kits & Parts,1
HFFB14-10,1,0,0,existing,"Std Hinged Flat Box Door Gasket 10"" (HFFB14-10)",Drywall Finishing Tools > Columbia Taping Tools > Repair Kits & Parts,1
HFFB14-7,1,0,0,existing,"Std Hinged Flat Box Door Gasket 7"" (HFFB14-7)",Drywall Finishing Tools > Columbia Taping Tools > Repair Kits & Parts,1
CT102,1,0,0,existing,Machined Screw (CT102),Drywall Finishing Tools > Columbia Taping Tools > Repair Kits & Parts,1
MP7D,1,0,0,existing,Special Nut for Pump Handle (MP7D),Drywall Finishing Tools > Columbia Taping Tools > Repair Kits & Parts,1
HNS14A,1,0,0,existing,Columbia Handle Link New Style (HNS14A),Drywall Finishing Tools > Columbia Taping Tools > Repair Kits & Parts,1
FA297,1,0,0,existing,"1/4-20 x 5/8"" Socket Hd Scre (FA297)",Drywall Finishing Tools > Columbia Taping Tools > Repair Kits & Parts,1
FFBA12--12,1,0,0,existing,"Dial Assembly Large (12,14) (FFBA12--12)",Drywall Finishing Tools > Columbia Taping Tools > Repair Kits & Parts,1
FBB4-8,1,0,0,existing,"Door 8"" Fat Boy (FBB4-8)",Drywall Finishing Tools > Columbia Taping Tools > Repair Kits & Parts,1
FBB3-RIGHT,1,0,0,existing,End Plate Fat Boy (Right) (FBB3-RIGHT),Drywall Finishing Tools > Columbia Taping Tools > Repair Kits & Parts,1
FFB25-8,1,0,0,existing,"Rubber Gasket Retainer 8"" (FFB25-8)",Drywall Finishing Tools > Columbia Taping Tools > Repair Kits & Parts,1
FA226,1,0,0,existing,"6-32 x 3/16"" Flat Slot (FA226)",Drywall Finishing Tools > Columbia Taping Tools > Repair Kits & Parts,1
FA283,1,0,0,existing,"4-40 x 3/4"" Hex Bolt (FA283)",Drywall Finishing Tools > Columbia Taping Tools > Repair Kits & Parts,1
NS32B,1,0,0,existing,Thumb Release Clip Screw (NS32B),Drywall Finishing Tools > Columbia Taping Tools > Repair Kits & Parts,1
NS32A,1,0,0,existing,Thumb Release Clip (NS32A),Drywall Finishing Tools > Columbia Taping Tools > Repair Kits & Parts,1
NS3-2,1,0,0,existing,"Door 2"" (NS3-2)",Drywall Finishing Tools > Columbia Taping Tools > Repair Kits & Parts,1
HH32,1,0,0,existing,Release Clip Washer (HH32),Drywall Finishing Tools > Columbia Taping Tools > Repair Kits & Parts,1
MP24,1,0,0,existing,Mud Pump Screen (Coarse) (MP24),Drywall Finishing Tools > Columbia Taping Tools > Repair Kits & Parts,1
MP9A,1,0,0,existing,Connecting Chain (MP9A),Drywall Finishing Tools > Columbia Taping Tools > Repair Kits & Parts,1
MP9,1,0,0,existing,Standard Fitting (MP9),Drywall Finishing Tools > Columbia Taping Tools > Repair Kits & Parts,1
MP8,1,0,0,existing,Leg (MP8),Drywall Finishing Tools > Columbia Taping Tools > Repair Kits & Parts,1
MP7,1,0,0,existing,"Handle, Mud Pump (MP7)",Drywall Finishing Tools > Columbia Taping Tools > Repair Kits & Parts,1
MP6B,1,0,0,existing,Handle Stop (MP6B),Drywall Finishing Tools > Columbia Taping Tools > Repair Kits & Parts,1
MP6,1,0,0,existing,Handle Link (MP6),Drywall Finishing Tools > Columbia Taping Tools > Repair Kits & Parts,1
MP3,1,0,0,existing,Pump Flapper Valve (MP3),Drywall Finishing Tools > Columbia Taping Tools > Repair Kits & Parts,1
MP2,1,0,0,existing,Foot Valve Casting (MP2),Drywall Finishing Tools > Columbia Taping Tools > Repair Kits & Parts,1
HPA4,1,0,0,existing,Head Casting Assembly (HPA4),Drywall Finishing Tools > Columbia Taping Tools > Repair Kits & Parts,1
HP48,1,0,0,existing,Handle Pin (HP48),Drywall Finishing Tools > Columbia Taping Tools > Repair Kits & Parts,1
HP45,1,0,0,existing,O-Ring Enclosure (HP45),Drywall Finishing Tools > Columbia Taping Tools > Repair Kits & Parts,1
HP44,1,0,0,existing,Collar O-Ring (HP44),Drywall Finishing Tools > Columbia Taping Tools > Repair Kits & Parts,1
HH26,1,0,0,existing,E-Clip (HH26),Drywall Finishing Tools > Columbia Taping Tools > Repair Kits & Parts,1
HH13,1,0,0,existing,Brake Pin (HH13),Drywall Finishing Tools > Columbia Taping Tools > Repair Kits & Parts,1
HH12,1,0,0,existing,Brake Spring (HH12),Drywall Finishing Tools > Columbia Taping Tools > Repair Kits & Parts,1
HH7,1,0,0,existing,Brake (HH7),Drywall Finishing Tools > Columbia Taping Tools > Repair Kits & Parts,1
FFH26,1,0,0,existing,8-32 x 3/4 Brake Stop (FFH26),Drywall Finishing Tools > Columbia Taping Tools > Repair Kits & Parts,1
FFH24A,1,0,0,existing,Bearing Sleeve (FFH24A),Drywall Finishing Tools > Columbia Taping Tools > Repair Kits & Parts,1
FFH14,1,0,0,existing,Handle Grip (FFH14),Drywall Finishing Tools > Columbia Taping Tools > Repair Kits & Parts,1
BH13,1,0,0,existing,Thumb Screw (180 Degree Handle) (BH13),Drywall Finishing Tools > Columbia Taping Tools > Repair Kits & Parts,1
FFH12,1,0,0,existing,Handle Ball Grip (FFH12),Drywall Finishing Tools > Columbia Taping Tools > Repair Kits & Parts,1
FFH11,1,0,0,existing,Strap Connecting Pin (FFH11),Drywall Finishing Tools > Columbia Taping Tools > Repair Kits & Parts,1
FFH10,1,0,0,existing,3/4 Cotter Pin (FFH10),Drywall Finishing Tools > Columbia Taping Tools > Repair Kits & Parts,1
FFH6,1,0,0,existing,Hinge Pin (FFH6),Drywall Finishing Tools > Columbia Taping Tools > Repair Kits & Parts,1
FFH3,1,0,0,existing,Lower Mounting Bracket (FFH3),Drywall Finishing Tools > Columbia Taping Tools > Repair Kits & Parts,1
FFH1,1,0,0,existing,Handle Mounting Base (FFH1),Drywall Finishing Tools > Columbia Taping Tools > Repair Kits & Parts,1
FFBA12,1,0,0,existing,"Adjuster Dial Assy (5.5,7,8,10) (FFBA12)",Drywall Finishing Tools > Columbia Taping Tools > Repair Kits & Parts,1
CT109,1,0,1,existing,Cable Retaining Nut (CT109),Drywall Finishing Tools > Columbia Taping Tools > Repair Kits & Parts,1
FFB5A,1,0,0,existing,Axle Bushing (FFB5A),Drywall Finishing Tools > Columbia Taping Tools > Repair Kits & Parts,1
FFB4B,1,0,0,existing,Stainless Steel Backing Washer (FFB4B),Drywall Finishing Tools > Columbia Taping Tools > Repair Kits & Parts,1
FFB4A,1,0,0,existing,Stainless Steel Washer (FFB4A),Drywall Finishing Tools > Columbia Taping Tools > Repair Kits & Parts,1
FFB34,1,0,0,existing,6-32 x 1/4 Pan Head Phillips (FFB34),Drywall Finishing Tools > Columbia Taping Tools > Repair Kits & Parts,1
FFB32,1,0,0,existing,Thumb Release Clip (FFB32),Drywall Finishing Tools > Columbia Taping Tools > Repair Kits & Parts,1
FFB2A,1,0,0,existing,Bushing (FFB2A),Drywall Finishing Tools > Columbia Taping Tools > Repair Kits & Parts,1
FFB21,1,0,0,existing,#10 x 11/16 Flat Washer (FFB21),Drywall Finishing Tools > Columbia Taping Tools > Repair Kits & Parts,1
FFB20A,1,0,0,existing,Box Wheel Bearing (FFB20A),Drywall Finishing Tools > Columbia Taping Tools > Repair Kits & Parts,1
FFB19,1,0,0,existing,Brass Adjuster Pin (FFB19),Drywall Finishing Tools > Columbia Taping Tools > Repair Kits & Parts,1
FFB16,1,0,0,existing,Door Spring Nut (FFB16),Drywall Finishing Tools > Columbia Taping Tools > Repair Kits & Parts,1
FFB15,1,0,0,existing,Door Spring Clip (FFB15),Drywall Finishing Tools > Columbia Taping Tools > Repair Kits & Parts,1
HFBB14-12,1,0,0,existing,"Hinged Door Gasket 12"" Fat Boy (HFBB14-12)",Drywall Finishing Tools > Columbia Taping Tools > Repair Kits & Parts,1
HFBB14-10,1,0,0,existing,"Hinged Door Gasket 10"" Fat Boy (HFBB14-10)",Drywall Finishing Tools > Columbia Taping Tools > Repair Kits & Parts,1
HFBB14-8,1,0,0,existing,"Hinged Door Gasket 8"" Fat Boy (HFBB14-8)",Drywall Finishing Tools > Columbia Taping Tools > Repair Kits & Parts,1
FFB13-12,1,0,0,existing,"Door Hinge 12"" (FFB13-12)",Drywall Finishing Tools > Columbia Taping Tools > Repair Kits & Parts,1
FFB13-10,1,0,0,existing,"Door Hinge 10"" (FFB13-10)",Drywall Finishing Tools > Columbia Taping Tools > Repair Kits & Parts,1
FFB13-8,1,0,0,existing,"Door Hinge 8"" (FFB13-8)",Drywall Finishing Tools > Columbia Taping Tools > Repair Kits & Parts,1
FFB13-7,1,0,0,existing,"Door Hinge 7"" (FFB13-7)",Drywall Finishing Tools > Columbia Taping Tools > Repair Kits & Parts,1
FFB11-12,1,0,0,existing,Adjuster Spring 12 (FFB11-12),Drywall Finishing Tools > Columbia Taping Tools > Repair Kits & Parts,1
FFB11,1,0,0,existing,"Adjuster Spring (7,8,10) (FFB11)",Drywall Finishing Tools > Columbia Taping Tools > Repair Kits & Parts,1
FFB6A,1,0,0,existing,Box Wheel  O- Ring (FFB6A),Drywall Finishing Tools > Columbia Taping Tools > Repair Kits & Parts,1
HFFB5-8,1,0,0,existing,"Axle 8"" (HFFB5-8)",Drywall Finishing Tools > Columbia Taping Tools > Repair Kits & Parts,1
HFFB5-7,1,0,0,existing,"Axle 7"" (HFFB5-7)",Drywall Finishing Tools > Columbia Taping Tools > Repair Kits & Parts,1
FFB4-8,1,0,0,existing,"Door 8"" (FFB4-8)",Drywall Finishing Tools > Columbia Taping Tools > Repair Kits & Parts,1
FFB4-7,1,0,0,existing,"Door 7"" (FFB4-7)",Drywall Finishing Tools > Columbia Taping Tools > Repair Kits & Parts,1
FBB3,1,0,0,existing,End Plate Fat Boy (Old Style Left/Right) (FBB3),Drywall Finishing Tools > Columbia Taping Tools > Repair Kits & Parts,1
FFB2-12,1,0,0,existing,"Roll Face 12"" (FFB2-12)",Drywall Finishing Tools > Columbia Taping Tools > Repair Kits & Parts,1
FFB2-10,1,0,0,existing,"Roll Face 10"" (FFB2-10)",Drywall Finishing Tools > Columbia Taping Tools > Repair Kits & Parts,1
FFB2-8,1,0,0,existing,"Roll Face 8"" (FFB2-8)",Drywall Finishing Tools > Columbia Taping Tools > Repair Kits & Parts,1
FFB2-7,1,0,0,existing,"Roll Face 7"" (FFB2-7)",Drywall Finishing Tools > Columbia Taping Tools > Repair Kits & Parts,1
FFB1-12,1,0,0,existing,"Rear Plate 12"" (FFB1-12)",Drywall Finishing Tools > Columbia Taping Tools > Repair Kits & Parts,1
FFB1-10-FAT,1,0,0,existing,"Rear Plate 10"" Fat Boy (FFB1-10-FAT)",Drywall Finishing Tools > Columbia Taping Tools > Repair Kits & Parts,1
FFB1-10,1,0,0,existing,"Rear Plate 10"" (FFB1-10)",Drywall Finishing Tools > Columbia Taping Tools > Repair Kits & Parts,1
FFB1-8-FAT,1,0,0,existing,"Rear Plate 8"" Fat Boy (FFB1-8-FAT)",Drywall Finishing Tools > Columbia Taping Tools > Repair Kits & Parts,1
FFB1-8,1,0,0,existing,"Rear Plate 8"" (FFB1-8)",Drywall Finishing Tools > Columbia Taping Tools > Repair Kits & Parts,1
FFB1-7,1,0,1,existing,"Rear Plate 7"" (FFB1-7)",Drywall Finishing Tools > Columbia Taping Tools > Repair Kits & Parts,1
CT81,1,0,1,existing,Clutch Return Spring (CT81),Drywall Finishing Tools > Columbia Taping Tools > Repair Kits & Parts,1
FA280,1,0,1,existing,#10 Belleville Washer (FA280),Drywall Finishing Tools > Columbia Taping Tools > Repair Kits & Parts,1
FA278,1,0,1,existing,#8 Belleville Washer (FA278),Drywall Finishing Tools > Columbia Taping Tools > Repair Kits & Parts,1
FA255,1,0,0,existing,8-32 Nyloc Jam Nut (FA255),Drywall Finishing Tools > Columbia Taping Tools > Repair Kits & Parts,1
FA221,1,0,0,existing,#6 Belleville Washer (FA221),Drywall Finishing Tools > Columbia Taping Tools > Repair Kits & Parts,1
FA219,1,0,0,existing,"4-40 x 1/2"" Fill. Head Screw (FA219)",Drywall Finishing Tools > Columbia Taping Tools > Repair Kits & Parts,1
FA205,1,0,0,existing,#4 Lock Washer (FA205),Drywall Finishing Tools > Columbia Taping Tools > Repair Kits & Parts,1
CT173,1,0,0,existing,"10-24 x 5/8"" Flat Head Screw (CT173)",Drywall Finishing Tools > Columbia Taping Tools > Repair Kits & Parts,1
CT170,1,0,0,existing,"8-32 x 3/4"" Pan Head Screw (CT170)",Drywall Finishing Tools > Columbia Taping Tools > Repair Kits & Parts,1
CT167,1,0,0,existing,#4 Flat Washer (CT167),Drywall Finishing Tools > Columbia Taping Tools > Repair Kits & Parts,1
CT129A,1,0,0,existing,Strap Bracket (CT129A),Drywall Finishing Tools > Columbia Taping Tools > Repair Kits & Parts,1
CT129,1,0,0,existing,Shaft Guide Roller Bushing (CT129),Drywall Finishing Tools > Columbia Taping Tools > Repair Kits & Parts,1
CT128,1,0,0,existing,Shaft Guide Strap (CT128),Drywall Finishing Tools > Columbia Taping Tools > Repair Kits & Parts,1
CT120 / FA362,1,0,0,existing,Tape Spool w/ Tension Adjuster (CT120 / FA362),Drywall Finishing Tools > Columbia Taping Tools > Repair Kits & Parts,1
CT116,1,0,0,existing,Strap (CT116),Drywall Finishing Tools > Columbia Taping Tools > Repair Kits & Parts,1
CT115,1,0,1,existing,Guard Ring (CT115),Drywall Finishing Tools > Columbia Taping Tools > Repair Kits & Parts,1
CT112,1,0,1,existing,Connecting Stud (CT112),Drywall Finishing Tools > Columbia Taping Tools > Repair Kits & Parts,1
CT107,1,0,1,existing,Piston Body (CT107),Drywall Finishing Tools > Columbia Taping Tools > Repair Kits & Parts,1
CT106,1,0,1,existing,Bearing Shaft (CT106),Drywall Finishing Tools > Columbia Taping Tools > Repair Kits & Parts,1
NS6A,1,0,0,existing,Blade Holder Inserts (NS6A),Drywall Finishing Tools > Columbia Taping Tools > Repair Kits & Parts,1
NS32,1,0,0,existing,Door Stop (NS32),Drywall Finishing Tools > Columbia Taping Tools > Repair Kits & Parts,1
NS31,1,0,0,existing,Handle Link (OLD STYLE) (NS31),Drywall Finishing Tools > Columbia Taping Tools > Repair Kits & Parts,1
NS28,1,0,0,existing,Square Washer (NS28),Drywall Finishing Tools > Columbia Taping Tools > Repair Kits & Parts,1
NS27,1,0,0,existing,L Washer (NS27),Drywall Finishing Tools > Columbia Taping Tools > Repair Kits & Parts,1
NS26A,1,0,0,existing,Nylatron Washer (NS26A),Drywall Finishing Tools > Columbia Taping Tools > Repair Kits & Parts,1
NS25,1,0,0,existing,Door Swivel (NS25),Drywall Finishing Tools > Columbia Taping Tools > Repair Kits & Parts,1
NS18,1,0,0,existing,Pivot (NS18),Drywall Finishing Tools > Columbia Taping Tools > Repair Kits & Parts,1
NS14,1,0,0,existing,Door Retaining Clip (NS14),Drywall Finishing Tools > Columbia Taping Tools > Repair Kits & Parts,1
NS11,1,0,0,existing,Door Spring Nut (NS11),Drywall Finishing Tools > Columbia Taping Tools > Repair Kits & Parts,1
NS10,1,0,0,existing,Door Spring (NS10),Drywall Finishing Tools > Columbia Taping Tools > Repair Kits & Parts,1
NS9-3,1,0,0,existing,"Hinge 3"" (NS9-3)",Drywall Finishing Tools > Columbia Taping Tools > Repair Kits & Parts,1
NS9-2,1,0,0,existing,"Hinge 2"" (NS9-2)",Drywall Finishing Tools > Columbia Taping Tools > Repair Kits & Parts,1
HNS7-3,1,0,0,existing,"3"" Nail Spotter Blade (HNS7-3)",Drywall Finishing Tools > Columbia Taping Tools > Repair Kits & Parts,1
HNS7-2,1,0,0,existing,"2"" Nail Spotter Blade (HNS7-2)",Drywall Finishing Tools > Columbia Taping Tools > Repair Kits & Parts,1
NS6-3,1,0,0,existing,"Blade Holder 3"" (NS6-3)",Drywall Finishing Tools > Columbia Taping Tools > Repair Kits & Parts,1
NS6-2,1,0,0,existing,"Blade Holder 2"" (NS6-2)",Drywall Finishing Tools > Columbia Taping Tools > Repair Kits & Parts,1
NS3-3,1,0,0,existing,"Door 3"" (NS3-3)",Drywall Finishing Tools > Columbia Taping Tools > Repair Kits & Parts,1
NS3A,1,0,0,existing,Door Backing Plate (NS3A),Drywall Finishing Tools > Columbia Taping Tools > Repair Kits & Parts,1
NS1-3,1,0,0,existing,"Main Body 3"" (NS1-3)",Drywall Finishing Tools > Columbia Taping Tools > Repair Kits & Parts,1
NS1-2,1,0,0,existing,"Main Body 2"" (NS1-2)",Drywall Finishing Tools > Columbia Taping Tools > Repair Kits & Parts,1
MP34,1,0,0,existing,Adaptor (MP34),Drywall Finishing Tools > Columbia Taping Tools > Repair Kits & Parts,1
MP25,1,0,0,existing,Filler Stud (MP25),Drywall Finishing Tools > Columbia Taping Tools > Repair Kits & Parts,1
CT96,1,0,1,existing,Mud Shut Off Gasket (CT96),Drywall Finishing Tools > Columbia Taping Tools > Repair Kits & Parts,1
CT95,1,0,1,existing,Control Valve (CT95),Drywall Finishing Tools > Columbia Taping Tools > Repair Kits & Parts,1
CT94,1,0,1,existing,Mud Shut Off Upper Plate (CT94),Drywall Finishing Tools > Columbia Taping Tools > Repair Kits & Parts,1
CT92,1,0,1,existing,Release Clip (CT92),Drywall Finishing Tools > Columbia Taping Tools > Repair Kits & Parts,1
CT91,1,0,0,existing,Release Clip Bushing (CT91),Drywall Finishing Tools > Columbia Taping Tools > Repair Kits & Parts,1
CT87-OLD,1,0,0,existing,Cover Plate Cap Cam Lock Style (CT87-OLD),Drywall Finishing Tools > Columbia Taping Tools > Repair Kits & Parts,1
CT85,1,0,1,existing,Clutch Release Shaft (CT85),Drywall Finishing Tools > Columbia Taping Tools > Repair Kits & Parts,1
CT84A,1,0,0,existing,Cable Guide Pulley (CT84A),Drywall Finishing Tools > Columbia Taping Tools > Repair Kits & Parts,1
CT83,1,0,0,existing,Clutch Dog (CT83),Drywall Finishing Tools > Columbia Taping Tools > Repair Kits & Parts,1
CFB6A,1,0,0,existing,Valve Collar Assy (CFB6A),Drywall Finishing Tools > Columbia Taping Tools > Repair Kits & Parts,1
CT78,1,0,1,existing,Drive Chain (CT78),Drywall Finishing Tools > Columbia Taping Tools > Repair Kits & Parts,1
CT71,1,0,1,existing,Drive Sprocket Small (CT71),Drywall Finishing Tools > Columbia Taping Tools > Repair Kits & Parts,1
CT70,1,0,0,existing,Drive Shaft (CT70),Drywall Finishing Tools > Columbia Taping Tools > Repair Kits & Parts,1
CT68,1,0,1,existing,Hub (CT68),Drywall Finishing Tools > Columbia Taping Tools > Repair Kits & Parts,1
CT65,1,0,1,existing,Needle Return Spring (CT65),Drywall Finishing Tools > Columbia Taping Tools > Repair Kits & Parts,1
CT64,1,0,1,existing,Needle Return Shaft (CT64),Drywall Finishing Tools > Columbia Taping Tools > Repair Kits & Parts,1
CT62,1,0,0,existing,Needle Holding Shaft (CT62),Drywall Finishing Tools > Columbia Taping Tools > Repair Kits & Parts,1
CT59,1,0,0,existing,Magnet (CT59),Drywall Finishing Tools > Columbia Taping Tools > Repair Kits & Parts,1
CT58,1,0,1,existing,Guide Rod Bushing (CT58),Drywall Finishing Tools > Columbia Taping Tools > Repair Kits & Parts,1
CT57,1,0,1,existing,Tape Advance Carriage (CT57),Drywall Finishing Tools > Columbia Taping Tools > Repair Kits & Parts,1
CT56,1,0,0,existing,Carriage Guide Rod Stop (CT56),Drywall Finishing Tools > Columbia Taping Tools > Repair Kits & Parts,1
CT55,1,0,0,existing,Carriage Guide Rod (CT55),Drywall Finishing Tools > Columbia Taping Tools > Repair Kits & Parts,1
CT51,1,0,1,existing,Spacer Bar (CT51),Drywall Finishing Tools > Columbia Taping Tools > Repair Kits & Parts,1
CFB1-7,1,0,0,existing,"Rear Plate 7"" (CFB1-7)",Drywall Finishing Tools > Columbia Taping Tools > Repair Kits & Parts,1
AHA2-3.5R,1,0,0,existing,"Right Frame Sub-Assembly 3-1/2"" (AHA2-3.5R)",Drywall Finishing Tools > Columbia Taping Tools > Repair Kits & Parts,1
AHA2-3.5L,1,0,0,existing,"Left Frame Sub-Assembly 3-1/2"" (AHA2-3.5L)",Drywall Finishing Tools > Columbia Taping Tools > Repair Kits & Parts,1
AHA2-3R,1,0,0,existing,"Right Frame Sub-Assembly 3"" (AHA2-3R)",Drywall Finishing Tools > Columbia Taping Tools > Repair Kits & Parts,1
AHA2-3L,1,0,0,existing,"Left Frame Sub-Assembly 3"" (AHA2-3L)",Drywall Finishing Tools > Columbia Taping Tools > Repair Kits & Parts,1
AHA2-2.5R,1,0,0,existing,"Right Frame Sub-Assembly 2-1/2"" (AHA2-2.5R)",Drywall Finishing Tools > Columbia Taping Tools > Repair Kits & Parts,1
AHA2-2L,1,0,0,existing,"Left Frame Sub-Assembly 2"" (AHA2-2L)",Drywall Finishing Tools > Columbia Taping Tools > Repair Kits & Parts,1
AH18,1,0,0,existing,Socket Wear Cup (AH18),Drywall Finishing Tools > Columbia Taping Tools > Repair Kits & Parts,1
AH15,1,0,0,existing,Handle Ball (AH15),Drywall Finishing Tools > Columbia Taping Tools > Repair Kits & Parts,1
AH9,1,0,1,existing,Retainer Clip (Long) (AH9),Drywall Finishing Tools > Columbia Taping Tools > Repair Kits & Parts,1
AH8-3.5,1,0,0,existing,Retainer Clip (Short) Fat Heads (AH8-3.5),Drywall Finishing Tools > Columbia Taping Tools > Repair Kits & Parts,1
AH8,1,0,1,existing,Retainer Clip (Short) (AH8),Drywall Finishing Tools > Columbia Taping Tools > Repair Kits & Parts,1
AH7-2.5,1,0,0,existing,"Frame Tension Spring 2-1/2"" (AH7-2.5)",Drywall Finishing Tools > Columbia Taping Tools > Repair Kits & Parts,1
AH6,1,0,0,existing,Funnel Retainer Spring (AH6),Drywall Finishing Tools > Columbia Taping Tools > Repair Kits & Parts,1
AH5,1,0,0,existing,Frame Retainer Clip (AH5),Drywall Finishing Tools > Columbia Taping Tools > Repair Kits & Parts,1
AH3-3.5,1,0,0,existing,"Carbide Blade 3-1/2"" (AH3-3.5)",Drywall Finishing Tools > Columbia Taping Tools > Repair Kits & Parts,1
AH3-2.5,1,0,0,existing,"Carbide Blade 2-1/2"" (AH3-2.5)",Drywall Finishing Tools > Columbia Taping Tools > Repair Kits & Parts,1
AH1-3.5,1,0,0,existing,"Head Casting 3-1/2"" (AH1-3.5)",Drywall Finishing Tools > Columbia Taping Tools > Repair Kits & Parts,1
AH1-2.5,1,0,0,existing,"Head Casting 2-1/2"" (AH1-2.5)",Drywall Finishing Tools > Columbia Taping Tools > Repair Kits & Parts,1
AH1-2,1,0,0,existing,"Head Casting 2"" (AH1-2)",Drywall Finishing Tools > Columbia Taping Tools > Repair Kits & Parts,1
CT50,1,0,1,existing,Crimping Wheel Bushing (CT50),Drywall Finishing Tools > Columbia Taping Tools > Repair Kits & Parts,1
CT48,1,0,1,existing,Crimping Arm Left (CT48),Drywall Finishing Tools > Columbia Taping Tools > Repair Kits & Parts,1
CFB2-7,1,0,0,existing,"Roll Face 7"" (CFB2-7)",Drywall Finishing Tools > Columbia Taping Tools > Repair Kits & Parts,1
CFB1-8,1,0,0,existing,"Rear Plate 8"" (CFB1-8)",Drywall Finishing Tools > Columbia Taping Tools > Repair Kits & Parts,1
CT38,1,0,1,existing,Tube Holding Bracket Lower (CT38),Drywall Finishing Tools > Columbia Taping Tools > Repair Kits & Parts,1
CT37,1,0,1,existing,Tube Holding Bracket Upper (CT37),Drywall Finishing Tools > Columbia Taping Tools > Repair Kits & Parts,1
CT36,1,0,1,existing,Return Spring Tube (CT36),Drywall Finishing Tools > Columbia Taping Tools > Repair Kits & Parts,1
CT35,1,0,1,existing,Cap Reinforcing Tab (CT35),Drywall Finishing Tools > Columbia Taping Tools > Repair Kits & Parts,1
CT34,1,0,0,existing,Cover Plate Attachment Block (CT34),Drywall Finishing Tools > Columbia Taping Tools > Repair Kits & Parts,1
CT33,1,0,0,existing,Side Plate Shim (CT33),Drywall Finishing Tools > Columbia Taping Tools > Repair Kits & Parts,1
CT32,1,0,0,existing,Carriage Cam (CT32),Drywall Finishing Tools > Columbia Taping Tools > Repair Kits & Parts,1
CT31,1,0,1,existing,Chain Tension & Guide Bracke (CT31),Drywall Finishing Tools > Columbia Taping Tools > Repair Kits & Parts,1
CT29A,1,0,1,existing,Nylatron Chain Roller (Left) (CT29A),Drywall Finishing Tools > Columbia Taping Tools > Repair Kits & Parts,1
CT27,1,0,1,existing,Knife Guide Bracket Left (CT27),Drywall Finishing Tools > Columbia Taping Tools > Repair Kits & Parts,1
CT26,1,0,1,existing,Knife Guide Bracket Right (CT26),Drywall Finishing Tools > Columbia Taping Tools > Repair Kits & Parts,1
CT23,1,0,1,existing,Reinforcing Rod (CT23),Drywall Finishing Tools > Columbia Taping Tools > Repair Kits & Parts,1
CT17,1,0,1,existing,Separation Plate (CT17),Drywall Finishing Tools > Columbia Taping Tools > Repair Kits & Parts,1
CT13,1,0,0,existing,Dog Base Bracket (CT13),Drywall Finishing Tools > Columbia Taping Tools > Repair Kits & Parts,1
CT12,1,0,1,existing,Tape Advance Release Bracket (CT12),Drywall Finishing Tools > Columbia Taping Tools > Repair Kits & Parts,1
CT11,1,0,1,existing,Mud Guard Plate (CT11),Drywall Finishing Tools > Columbia Taping Tools > Repair Kits & Parts,1
CT8,1,0,1,existing,Side Plate Support Right (CT8),Drywall Finishing Tools > Columbia Taping Tools > Repair Kits & Parts,1
CT7,1,0,1,existing,Side Plate Support Left (CT7),Drywall Finishing Tools > Columbia Taping Tools > Repair Kits & Parts,1
CT4,1,0,0,existing,Left Wafer Bushing (CT4),Drywall Finishing Tools > Columbia Taping Tools > Repair Kits & Parts,1
CT3,1,0,0,existing,Right Insert Bushing (CT3),Drywall Finishing Tools > Columbia Taping Tools > Repair Kits & Parts,1
CT2,1,0,1,existing,Insert Bushing (CT2),Drywall Finishing Tools > Columbia Taping Tools > Repair Kits & Parts,1
HH10,1,0,0,existing,Octogon Tube for Hydro Handle for COL88 (HH10),Drywall Finishing Tools > Columbia Taping Tools > Repair Kits & Parts,1
CFB24,1,0,0,existing,Return Spring (CFB24),Drywall Finishing Tools > Columbia Taping Tools > Repair Kits & Parts,1
CFB23,1,0,0,existing,Machined Screw (CFB23),Drywall Finishing Tools > Columbia Taping Tools > Repair Kits & Parts,1
CFB20,1,0,0,existing,Handle Grip (CFB20),Drywall Finishing Tools > Columbia Taping Tools > Repair Kits & Parts,1
CFB11A,1,0,0,existing,Door Stop (CFB11A),Drywall Finishing Tools > Columbia Taping Tools > Repair Kits & Parts,1
CFB10,1,0,0,existing,"5/16-18 x 3/4"" Thumb Screw (CFB10)",Drywall Finishing Tools > Columbia Taping Tools > Repair Kits & Parts,1
CFB8,1,0,1,existing,Handle Mount Casting (CFB8),Drywall Finishing Tools > Columbia Taping Tools > Repair Kits & Parts,1
CFB6,1,0,1,existing,Mud Supply Valve Unit (CFB6),Drywall Finishing Tools > Columbia Taping Tools > Repair Kits & Parts,1
CFB3-8,1,0,0,existing,"Side Plate 8"" (CFB3-8)",Drywall Finishing Tools > Columbia Taping Tools > Repair Kits & Parts,1
CFB3-7,1,0,0,existing,"Side Plate 7"" (CFB3-7)",Drywall Finishing Tools > Columbia Taping Tools > Repair Kits & Parts,1
FA323,1,0,0,existing,"1/4-20 x 1"" Hex Bolt (FA323)",Drywall Finishing Tools > Columbia Taping Tools > Repair Kits & Parts,1
HH22,1,0,0,existing,Reservoir Piston for COL88 (HH22),Drywall Finishing Tools > Columbia Taping Tools > Repair Kits & Parts,1
CEXT3,1,0,0,existing,Wheel for ICATW (CEXT3) (CEXT3),Drywall Finishing Tools > Columbia Taping Tools > Repair Kits & Parts,1
ICATW1,1,0,0,existing,Body for ICATW (ICATW1),Drywall Finishing Tools > Columbia Taping Tools > Repair Kits & Parts,1
ICATW2,1,0,0,existing,Axle for ICATW (ICATW2),Drywall Finishing Tools > Columbia Taping Tools > Repair Kits & Parts,1
CR wHandle,1,0,0,existing,Corner Roller with Handle (CR wHandle),Drywall Finishing Tools > Columbia Taping Tools > Repair Kits & Parts,1
COL15EXTL,1,0,0,existing,Corner Roller w/ Extendable Handle 4'-8' (COL15EXTL),Drywall Finishing Tools > Columbia Taping Tools > Repair Kits & Parts,1
COL15EXS,1,0,0,existing,Corner Roller w/ Extendable Handle 3'-5' (COL15EXS),Drywall Finishing Tools > Columbia Taping Tools > Repair Kits & Parts,1
COL15EX1,1,0,0,existing,Roller with Extendable X1 Handle (COL15EX1),Drywall Finishing Tools > Columbia Taping Tools > Repair Kits & Parts,1
CHXL,1,1,1,existing,Reach Extendable Corner Roller Handle 4'-8' (CHXL),Drywall Finishing Tools > Columbia Taping Tools > Repair Kits & Parts,1
CF3,1,0,0,existing,Skid - Flusher (CF3),Drywall Finishing Tools > Columbia Taping Tools > Repair Kits & Parts,1
CF3A,1,0,0,existing,Screw for Corner Flusher Wheel (CF3A),Drywall Finishing Tools > Columbia Taping Tools > Repair Kits & Parts,1
CF5-3,1,0,0,existing,"Tension Spring 3"" - Flusher (CF5-3)",Drywall Finishing Tools > Columbia Taping Tools > Repair Kits & Parts,1
CF5-3WT,1,0,0,existing,"Tension Spring 3"" Widetrack - Flusher (CF5-3WT)",Drywall Finishing Tools > Columbia Taping Tools > Repair Kits & Parts,1
COL2.5SF,1,0,0,existing,"2.5"" Standard Flusher (COL2.5SF)",Drywall Finishing Tools > Columbia Taping Tools > Repair Kits & Parts,1
COL3SF,1,0,0,existing,"3"" Standard Flusher (COL3SF)",Drywall Finishing Tools > Columbia Taping Tools > Repair Kits & Parts,1
COL3.5SF,1,0,0,existing,"3.5"" Standard Flusher (COL3.5SF)",Drywall Finishing Tools > Columbia Taping Tools > Repair Kits & Parts,1
COL2.5DF,1,0,0,existing,"2.5"" Direct Flusher (COL2.5DF)",Drywall Finishing Tools > Columbia Taping Tools > Repair Kits & Parts,1
COL3DF,1,0,0,existing,"3"" Direct Flusher (COL3DF)",Drywall Finishing Tools > Columbia Taping Tools > Repair Kits & Parts,1
COL3.5DF,1,0,0,existing,"3.5"" Direct Flusher (COL3.5DF)",Drywall Finishing Tools > Columbia Taping Tools > Repair Kits & Parts,1
COL3WTSF,1,0,0,existing,"3"" Widetrack Standard Flusher (COL3WTSF)",Drywall Finishing Tools > Columbia Taping Tools > Repair Kits & Parts,1
COL3WTDF,1,0,0,existing,"3"" Widetrack Direct Flusher (COL3WTDF)",Drywall Finishing Tools > Columbia Taping Tools > Repair Kits & Parts,1
COL2.5CSF,1,0,0,existing,"2.5"" Combo Flusher (COL2.5CSF)",Drywall Finishing Tools > Columbia Taping Tools > Repair Kits & Parts,1
COL3CSF,1,0,0,existing,"3"" Combo Flusher (COL3CSF)",Drywall Finishing Tools > Columbia Taping Tools > Repair Kits & Parts,1
4BBH,1,0,1,existing,"48"" 180-Grip Bent Flat Box Handle (4BBH)",Drywall Finishing Tools > Columbia Taping Tools > Repair Kits & Parts,1
CR1,1,0,0,existing,Corner Roller Head Casting (CR1),Drywall Finishing Tools > Columbia Taping Tools > Repair Kits & Parts,1
CR3,1,0,0,existing,Corner Roller Bearing Sleeve (CR3),Drywall Finishing Tools > Columbia Taping Tools > Repair Kits & Parts,1
CR4,1,0,0,existing,Corner Roller Washer (CR4),Drywall Finishing Tools > Columbia Taping Tools > Repair Kits & Parts,1
BH7,1,0,0,existing,Box Handle Cam Follower - (BH7),Drywall Finishing Tools > Columbia Taping Tools > Repair Kits & Parts,1
AH16,1,0,0,existing,Retaining Spring Backer (AH16),Drywall Finishing Tools > Columbia Taping Tools > Repair Kits & Parts,1
AH20,1,0,0,existing,Angle Head Pivot Pin (AH20),Drywall Finishing Tools > Columbia Taping Tools > Repair Kits & Parts,1
AH21,1,0,0,existing,Angle Head Hinge Spacer (AH21),Drywall Finishing Tools > Columbia Taping Tools > Repair Kits & Parts,1
AH22,1,0,0,existing,Angle Head Frame Clamp (AH22),Drywall Finishing Tools > Columbia Taping Tools > Repair Kits & Parts,1
AH23,1,0,0,existing,Angle Head Frame Retaining Pin (AH23),Drywall Finishing Tools > Columbia Taping Tools > Repair Kits & Parts,1
ICA1,1,0,0,existing,Inside Corner Applicator Body (ICA1),Drywall Finishing Tools > Columbia Taping Tools > Repair Kits & Parts,1
ICA2,1,0,0,existing,Inside Corner Applicator Axle (ICA2),Drywall Finishing Tools > Columbia Taping Tools > Repair Kits & Parts,1
ICA3,1,0,0,existing,Inside Corner Applicator Wheel (ICA3),Drywall Finishing Tools > Columbia Taping Tools > Repair Kits & Parts,1
ICA4L,1,0,0,existing,Inside Corner Applicator Left Frame Sub-Assembly (ICA4L),Drywall Finishing Tools > Columbia Taping Tools > Repair Kits & Parts,1
ICA4R,1,0,0,existing,Inside Corner Applicator Right Frame Sub-Assembly (ICA4R),Drywall Finishing Tools > Columbia Taping Tools > Repair Kits & Parts,1
CF1C,1,0,0,existing,Corner Flusher Direct Plate C (CF1C),Drywall Finishing Tools > Columbia Taping Tools > Repair Kits & Parts,1
CF2,1,0,0,existing,Corner Flusher Wheel Retainer (CF2),Drywall Finishing Tools > Columbia Taping Tools > Repair Kits & Parts,1
CF4S,1,0,0,existing,Corner Flusher Ball Spring Short (CF4S),Drywall Finishing Tools > Columbia Taping Tools > Repair Kits & Parts,1
CF7,1,0,0,existing,Corner Flusher Housing Block (CF7),Drywall Finishing Tools > Columbia Taping Tools > Repair Kits & Parts,1
CF8,1,0,0,existing,Corner Flusher Wheel Cap (CF8),Drywall Finishing Tools > Columbia Taping Tools > Repair Kits & Parts,1
CF38,1,0,0,existing,Corner Flusher Skid Long (CF38),Drywall Finishing Tools > Columbia Taping Tools > Repair Kits & Parts,1
CFTA,1,0,0,existing,Corner Flusher Taper Adapter (CFTA),Drywall Finishing Tools > Columbia Taping Tools > Repair Kits & Parts,1
CFB5A,1,0,0,existing,Corner Box Cone Ball End (Large) (CFB5A),Drywall Finishing Tools > Columbia Taping Tools > Repair Kits & Parts,1
CFB5C,1,0,0,existing,Corner Box Cone Ball End (Standard) (CFB5C),Drywall Finishing Tools > Columbia Taping Tools > Repair Kits & Parts,1
CLT12,1,0,0,existing,Cam Lock Tube Locking Sleeve (CLT12),Drywall Finishing Tools > Columbia Taping Tools > Repair Kits & Parts,1
CLT13,1,0,0,existing,Cam Lock Tube Cam Body (CLT13),Drywall Finishing Tools > Columbia Taping Tools > Repair Kits & Parts,1
CLT14,1,0,0,existing,Cam Lock Tube Locking Pin (CLT14),Drywall Finishing Tools > Columbia Taping Tools > Repair Kits & Parts,1
CLT15,1,0,0,existing,Cam Lock Tube Return Spring (CLT15),Drywall Finishing Tools > Columbia Taping Tools > Repair Kits & Parts,1
CLT16,1,0,0,existing,Cam Lock Tube End Cap (CLT16),Drywall Finishing Tools > Columbia Taping Tools > Repair Kits & Parts,1
CMT1-24,1,0,0,existing,"Barrel Main Body 24"" (CMT1-24)",Drywall Finishing Tools > Columbia Taping Tools > Repair Kits & Parts,1
CMT1A-22,1,0,0,existing,"Draw Tube 22"" (CMT1A-22)",Drywall Finishing Tools > Columbia Taping Tools > Repair Kits & Parts,1
BH24A,1,0,0,existing,Box Handle Door Clip Assembly (BH24A),Drywall Finishing Tools > Columbia Taping Tools > Repair Kits & Parts,1
BH8-3,1,0,0,existing,"3 ft Box Handle 8"" (BH8-3)",Drywall Finishing Tools > Columbia Taping Tools > Repair Kits & Parts,1
BH9-3,1,0,0,existing,"3 ft Box Handle 9"" (BH9-3)",Drywall Finishing Tools > Columbia Taping Tools > Repair Kits & Parts,1
HH8,1,0,0,existing,"Hydra Handle 8"" Extension Tube (HH8)",Drywall Finishing Tools > Columbia Taping Tools > Repair Kits & Parts,1
HH10A,1,0,0,existing,"Hydra Handle 10"" Extension Housing with Cam (HH10A)",Drywall Finishing Tools > Columbia Taping Tools > Repair Kits & Parts,1
HH10-EXTLONG,1,0,0,existing,Hydra Handle Extra Long Extension (HH10-EXTLONG),Drywall Finishing Tools > Columbia Taping Tools > Repair Kits & Parts,1
MP27,1,0,0,existing,Mud Pump O-Ring Retainer (MP27),Drywall Finishing Tools > Columbia Taping Tools > Repair Kits & Parts,1
MP27B,1,0,0,existing,Mud Pump O-Ring Retainer B (MP27B),Drywall Finishing Tools > Columbia Taping Tools > Repair Kits & Parts,1
MP33A,1,0,0,existing,Mud Pump Spring Assembly (MP33A),Drywall Finishing Tools > Columbia Taping Tools > Repair Kits & Parts,1
HNS3,1,0,0,existing,Nail Spotter Front Plate (HNS3),Drywall Finishing Tools > Columbia Taping Tools > Repair Kits & Parts,1
HNS14PR,1,0,0,existing,"Nail Spotter 14"" Pad and Rod Assembly (HNS14PR)",Drywall Finishing Tools > Columbia Taping Tools > Repair Kits & Parts,1
HNS18,1,0,0,existing,Nail Spotter Spring Assembly (HNS18),Drywall Finishing Tools > Columbia Taping Tools > Repair Kits & Parts,1
S1,1,0,0,existing,Sander Head Main Body (S1),Drywall Finishing Tools > Columbia Taping Tools > Repair Kits & Parts,1
S2,1,0,0,existing,Sander Head Pivot Pin (S2),Drywall Finishing Tools > Columbia Taping Tools > Repair Kits & Parts,1
S3,1,0,0,existing,Sander Head Return Spring (S3),Drywall Finishing Tools > Columbia Taping Tools > Repair Kits & Parts,1
S4,1,0,0,existing,Sander Head Pivot Washer (S4),Drywall Finishing Tools > Columbia Taping Tools > Repair Kits & Parts,1
S5,1,0,0,existing,Sander Head Retainer Clip (S5),Drywall Finishing Tools > Columbia Taping Tools > Repair Kits & Parts,1
S6,1,0,0,existing,Sander Head Swivel Bearing (S6),Drywall Finishing Tools > Columbia Taping Tools > Repair Kits & Parts,1
SB1-12,1,0,0,existing,"Tomahawk 12"" Smoothing Blade (SB1-12)",Drywall Finishing Tools > Columbia Taping Tools > Repair Kits & Parts,1
SB3-LEFT,1,0,0,existing,Tomahawk Left Arm Assembly (SB3-LEFT),Drywall Finishing Tools > Columbia Taping Tools > Repair Kits & Parts,1
SB4-RIGHT,1,0,0,existing,Tomahawk Right Arm Assembly (SB4-RIGHT),Drywall Finishing Tools > Columbia Taping Tools > Repair Kits & Parts,1
SB5,1,0,0,existing,Tomahawk Blade Holder Spring (SB5),Drywall Finishing Tools > Columbia Taping Tools > Repair Kits & Parts,1
SB6,1,0,0,existing,Tomahawk Blade Holder Clip (SB6),Drywall Finishing Tools > Columbia Taping Tools > Repair Kits & Parts,1
SB7,1,0,0,existing,Tomahawk Handle Fitting (SB7),Drywall Finishing Tools > Columbia Taping Tools > Repair Kits & Parts,1
AB40,1,0,0,existing,Automatic Box Air Valve Seat (AB40),Drywall Finishing Tools > Columbia Taping Tools > Repair Kits & Parts,1
AB41,1,0,0,existing,Automatic Box Air Valve Stem (AB41),Drywall Finishing Tools > Columbia Taping Tools > Repair Kits & Parts,1
AB42,1,0,0,existing,Automatic Box Air Valve Body (AB42),Drywall Finishing Tools > Columbia Taping Tools > Repair Kits & Parts,1
AB43,1,0,0,existing,Automatic Box Throttle Housing (AB43),Drywall Finishing Tools > Columbia Taping Tools > Repair Kits & Parts,1
AB44,1,0,0,existing,Automatic Box Clutch Spring (AB44),Drywall Finishing Tools > Columbia Taping Tools > Repair Kits & Parts,1
AB44A,1,0,0,existing,Automatic Box Clutch Spring Short (AB44A),Drywall Finishing Tools > Columbia Taping Tools > Repair Kits & Parts,1
AB44B,1,0,0,existing,Automatic Box Clutch Spring Long (AB44B),Drywall Finishing Tools > Columbia Taping Tools > Repair Kits & Parts,1
AB45,1,0,0,existing,Automatic Box Throttle Set Screw (AB45),Drywall Finishing Tools > Columbia Taping Tools > Repair Kits & Parts,1
AB46,1,0,0,existing,Automatic Box Throttle Pin (AB46),Drywall Finishing Tools > Columbia Taping Tools > Repair Kits & Parts,1
AB47,1,0,0,existing,Automatic Box Thumb Valve (AB47),Drywall Finishing Tools > Columbia Taping Tools > Repair Kits & Parts,1
AB48,1,0,0,existing,Automatic Box Air Valve O-Ring (AB48),Drywall Finishing Tools > Columbia Taping Tools > Repair Kits & Parts,1
AB49,1,0,0,existing,Automatic Box Handle Mount (AB49),Drywall Finishing Tools > Columbia Taping Tools > Repair Kits & Parts,1
CEXT1,1,0,0,existing,External Corner Applicator Wheel Large (CEXT1),Drywall Finishing Tools > Columbia Taping Tools > Repair Kits & Parts,1
CEXT2,1,0,0,existing,External Corner Applicator Wheel Small (CEXT2),Drywall Finishing Tools > Columbia Taping Tools > Repair Kits & Parts,1
HFFB17,1,0,0,existing,Heavy Flat Box Wheel Set (HFFB17),Drywall Finishing Tools > Columbia Taping Tools > Repair Kits & Parts,1
HFFB1A,1,0,0,existing,Heavy Flat Box Body 1A (HFFB1A),Drywall Finishing Tools > Columbia Taping Tools > Repair Kits & Parts,1
HFFB1-10,1,0,0,existing,"10"" Heavy Flat Box Body (HFFB1-10)",Drywall Finishing Tools > Columbia Taping Tools > Repair Kits & Parts,1
HFFB4-10,1,0,0,existing,"10"" Heavy Flat Box Door (HFFB4-10)",Drywall Finishing Tools > Columbia Taping Tools > Repair Kits & Parts,1
HFFB1A-10,1,0,0,existing,"10"" Heavy Flat Box Body 1A (HFFB1A-10)",Drywall Finishing Tools > Columbia Taping Tools > Repair Kits & Parts,1
FA237,1,0,0,existing,6-32 x 3/16 Binder Slot Screw (FA237),Drywall Finishing Tools > Columbia Taping Tools > Repair Kits & Parts,1
FA271,1,0,0,existing,6-32 x 5/16 Pan Head Screw (FA271),Drywall Finishing Tools > Columbia Taping Tools > Repair Kits & Parts,1
FA272,1,0,0,existing,6-32 x 3/8 Set Screw (FA272),Drywall Finishing Tools > Columbia Taping Tools > Repair Kits & Parts,1
FA324,1,0,0,existing,10-24 x 1/4 Set Screw (FA324),Drywall Finishing Tools > Columbia Taping Tools > Repair Kits & Parts,1
FA327,1,0,0,existing,8-32 x 1/4 Pan Head Screw (FA327),Drywall Finishing Tools > Columbia Taping Tools > Repair Kits & Parts,1
FA347,1,0,0,existing,1/4-20 Nyloc Nut (FA347),Drywall Finishing Tools > Columbia Taping Tools > Repair Kits & Parts,1
FA348,1,0,0,existing,1/4 Flat Washer (FA348),Drywall Finishing Tools > Columbia Taping Tools > Repair Kits & Parts,1
FA362,1,0,0,existing,10-24 x 3/4 Flat Head Screw (FA362),Drywall Finishing Tools > Columbia Taping Tools > Repair Kits & Parts,1
FA363,1,0,0,existing,10-24 x 1 Flat Head Screw (FA363),Drywall Finishing Tools > Columbia Taping Tools > Repair Kits & Parts,1
FA364,1,0,0,existing,8-32 x 5/8 Hex Bolt (FA364),Drywall Finishing Tools > Columbia Taping Tools > Repair Kits & Parts,1
FA365,1,0,0,existing,8-32 Nyloc Nut (FA365),Drywall Finishing Tools > Columbia Taping Tools > Repair Kits & Parts,1
FA366,1,0,0,existing,8-32 x 3/8 Pan Head Screw (FA366),Drywall Finishing Tools > Columbia Taping Tools > Repair Kits & Parts,1
FA374,1,0,0,existing,10-32 x 1/4 Flat Head Screw (FA374),Drywall Finishing Tools > Columbia Taping Tools > Repair Kits & Parts,1
FA377,1,0,0,existing,6-32 x 1/4 Flat Head Screw (FA377),Drywall Finishing Tools > Columbia Taping Tools > Repair Kits & Parts,1
FA S26,1,0,0,existing,6-32 x 1/4 Set Screw (FA S26),Drywall Finishing Tools > Columbia Taping Tools > Repair Kits & Parts,1
CT02,1,0,0,existing,Columbia Predator Taper Insert Bushing (CT02),Drywall Finishing Tools > Columbia Taping Tools > Automatic Tapers,1
CT03,1,0,0,existing,Columbia Predator Taper Left Insert Bushing (CT03),Drywall Finishing Tools > Columbia Taping Tools > Automatic Tapers,1
CT18,1,0,0,existing,Columbia Predator Taper Guide Bracket (CT18),Drywall Finishing Tools > Columbia Taping Tools > Automatic Tapers,1
CT24,1,0,0,existing,Columbia Predator Taper Brass Bushing (CT24),Drywall Finishing Tools > Columbia Taping Tools > Automatic Tapers,1
CT52,1,0,0,existing,Columbia Predator Taper Spacer Bar (CT52),Drywall Finishing Tools > Columbia Taping Tools > Automatic Tapers,1
CT69,1,0,0,existing,Columbia Predator Taper Drive Cam (CT69),Drywall Finishing Tools > Columbia Taping Tools > Automatic Tapers,1
CT74,1,0,0,existing,Columbia Predator Taper Cable Guide Pulley (CT74),Drywall Finishing Tools > Columbia Taping Tools > Automatic Tapers,1
CT00,1,0,0,existing,Columbia Predator Taper Head Cover Plate (CT00),Drywall Finishing Tools > Columbia Taping Tools > Automatic Tapers,1
CT114,1,0,0,existing,Columbia Predator Taper Locking Block (CT114),Drywall Finishing Tools > Columbia Taping Tools > Automatic Tapers,1
CT140,1,0,0,existing,Columbia Predator Taper Tape Advance Plate (CT140),Drywall Finishing Tools > Columbia Taping Tools > Automatic Tapers,1
CT154,1,0,0,existing,Columbia Predator Taper Cam Roller (CT154),Drywall Finishing Tools > Columbia Taping Tools > Automatic Tapers,1
CT240-DL,1,0,0,existing,Columbia Predator Taper Deep Lever Assembly (CT240-DL),Drywall Finishing Tools > Columbia Taping Tools > Automatic Tapers,1
CT364,1,0,0,existing,Columbia Predator Taper Knife Guide Bracket (CT364),Drywall Finishing Tools > Columbia Taping Tools > Automatic Tapers,1
CT054,1,0,0,existing,Columbia Predator Taper Toe Kicker Rail (CT054),Drywall Finishing Tools > Columbia Taping Tools > Automatic Tapers,1
CT624,1,0,0,existing,Columbia Predator Taper Needle Shaft Assembly (CT624),Drywall Finishing Tools > Columbia Taping Tools > Automatic Tapers,1
CT711A,1,0,0,existing,Columbia Predator Taper Crimping Arm Bearing (CT711A),Drywall Finishing Tools > Columbia Taping Tools > Automatic Tapers,1
CT726,1,0,0,existing,Columbia Predator Taper Drive Chain Predator (CT726),Drywall Finishing Tools > Columbia Taping Tools > Automatic Tapers,1
CT741A,1,0,0,existing,Columbia Predator Taper Cutter Block Clamp (CT741A),Drywall Finishing Tools > Columbia Taping Tools > Automatic Tapers,1
CT747,1,0,0,existing,Columbia Predator Taper Crimping Wheel Bushing (CT747),Drywall Finishing Tools > Columbia Taping Tools > Automatic Tapers,1
CT759,1,0,0,existing,Columbia Predator Taper Hollow Shaft Predator (CT759),Drywall Finishing Tools > Columbia Taping Tools > Automatic Tapers,1
CT765,1,0,0,existing,Columbia Predator Taper Manual Drive Grip (CT765),Drywall Finishing Tools > Columbia Taping Tools > Automatic Tapers,1
CT768,1,0,0,existing,Columbia Predator Taper Clutch Lever (CT768),Drywall Finishing Tools > Columbia Taping Tools > Automatic Tapers,1
CT771,1,0,0,existing,Columbia Predator Taper Drive Sprocket Small (CT771),Drywall Finishing Tools > Columbia Taping Tools > Automatic Tapers,1
CT776,1,0,0,existing,Columbia Predator Taper Drive Sprocket Large (CT776),Drywall Finishing Tools > Columbia Taping Tools > Automatic Tapers,1
CT790,1,0,0,existing,Columbia Predator Taper Rod Sleeve Housing (CT790),Drywall Finishing Tools > Columbia Taping Tools > Automatic Tapers,1
CT794,1,0,0,existing,Columbia Predator Taper Mud Shut Off Upper Plate (CT794),Drywall Finishing Tools > Columbia Taping Tools > Automatic Tapers,1
CT840,1,0,0,existing,Columbia Predator Taper Control Valve Body (CT840),Drywall Finishing Tools > Columbia Taping Tools > Automatic Tapers,1
CTA1A,1,0,0,existing,Columbia Predator Taper Cutter Block Assembly (CTA1A),Drywall Finishing Tools > Columbia Taping Tools > Automatic Tapers,1
CTA128,1,0,0,existing,Columbia Predator Taper Shaft Guide Roller Bushing Assembly (CTA128),Drywall Finishing Tools > Columbia Taping Tools > Automatic Tapers,1
CTSAA,1,0,0,existing,Columbia Predator Taper Side Assembly Left (CTSAA),Drywall Finishing Tools > Columbia Taping Tools > Automatic Tapers,1
CTYS,1,0,0,existing,Columbia Predator Taper Y-Cam Spring (CTYS),Drywall Finishing Tools > Columbia Taping Tools > Automatic Tapers,1
C78S,1,0,0,existing,Columbia Predator Carbon Fiber Drive Chain Short (C78S),Drywall Finishing Tools > Columbia Taping Tools > Automatic Tapers,1
C779-CS,1,0,0,existing,Columbia Predator Carbon Fiber Cover Plate Cork Seal (C779-CS),Drywall Finishing Tools > Columbia Taping Tools > Automatic Tapers,1
C154,1,0,0,existing,Columbia Predator Carbon Fiber Cam Roller (C154),Drywall Finishing Tools > Columbia Taping Tools > Automatic Tapers,1
C159,1,0,0,existing,Columbia Predator Carbon Fiber Magnet (C159),Drywall Finishing Tools > Columbia Taping Tools > Automatic Tapers,1
C148,1,0,0,existing,Columbia Predator Carbon Fiber Crimping Arm Left (C148),Drywall Finishing Tools > Columbia Taping Tools > Automatic Tapers,1
CA239,1,0,0,existing,Columbia Predator Taper Adjusting Screw (CA239),Drywall Finishing Tools > Columbia Taping Tools > Automatic Tapers,1
FAZ07,1,0,0,existing,Columbia Predator Taper 4-40 x 3/16 Binder Slot (FAZ07),Drywall Finishing Tools > Columbia Taping Tools > Repair Kits & Parts,1
FAZ10,1,0,0,existing,Columbia Predator Taper 4-40 x 1/4 Fillister Slot (FAZ10),Drywall Finishing Tools > Columbia Taping Tools > Repair Kits & Parts,1
FAZ14,1,0,0,existing,Columbia Predator Taper 4-40 x 3/8 Hex Bolt (FAZ14),Drywall Finishing Tools > Columbia Taping Tools > Repair Kits & Parts,1
FAZ1S,1,0,0,existing,Columbia Predator Taper 4-40 x 1/8 Set Screw (FAZ1S),Drywall Finishing Tools > Columbia Taping Tools > Repair Kits & Parts,1
FAZ20,1,0,0,existing,Columbia Predator Taper 6-32 x 3/4 Hex Bolt (FAZ20),Drywall Finishing Tools > Columbia Taping Tools > Repair Kits & Parts,1
FAZ21S,1,0,0,existing,Columbia Predator Taper 6-32 x 1/8 Set Screw (FAZ21S),Drywall Finishing Tools > Columbia Taping Tools > Repair Kits & Parts,1
FAZ2R,1,0,0,existing,Columbia Predator Taper 6-32 Nyloc Nut (FAZ2R),Drywall Finishing Tools > Columbia Taping Tools > Repair Kits & Parts,1
FAZ48,1,0,0,existing,Columbia Predator Taper 5/16-18 x 3/4 Hex Bolt (FAZ48),Drywall Finishing Tools > Columbia Taping Tools > Repair Kits & Parts,1
FAZ54,1,0,0,existing,Columbia Predator Taper 3/8-16 x 3/4 Socket Head (FAZ54),Drywall Finishing Tools > Columbia Taping Tools > Repair Kits & Parts,1
FAZ5S,1,0,0,existing,Columbia Predator Taper 8-32 x 1/4 Set Screw (FAZ5S),Drywall Finishing Tools > Columbia Taping Tools > Repair Kits & Parts,1
FAZ6S,1,0,0,existing,Columbia Predator Taper 8-32 x 3/16 Set Screw (FAZ6S),Drywall Finishing Tools > Columbia Taping Tools > Repair Kits & Parts,1
FAZ0A,1,0,0,existing,Columbia Predator Taper 4-40 Lock Washer (FAZ0A),Drywall Finishing Tools > Columbia Taping Tools > Repair Kits & Parts,1
FAZOR,1,0,0,existing,Columbia Predator Taper 4-40 O-Ring (FAZOR),Drywall Finishing Tools > Columbia Taping Tools > Repair Kits & Parts,1
PA214,1,0,0,existing,"Columbia Predator Taper Head Assembly 14"" (PA214)",Drywall Finishing Tools > Columbia Taping Tools > Automatic Tapers,1
PA266,1,0,0,existing,Columbia Predator Taper Head Sub Assembly (PA266),Drywall Finishing Tools > Columbia Taping Tools > Automatic Tapers,1
PA277,1,0,0,existing,Columbia Predator Taper Creaser Arm Assembly (PA277),Drywall Finishing Tools > Columbia Taping Tools > Automatic Tapers,1
PA2LS,1,0,0,existing,Columbia Predator Taper Left Side Assembly (PA2LS),Drywall Finishing Tools > Columbia Taping Tools > Automatic Tapers,1
PA2S4,1,0,0,existing,Columbia Predator Taper Side Plate Assembly (PA2S4),Drywall Finishing Tools > Columbia Taping Tools > Automatic Tapers,1
PACTS,1,0,0,existing,Columbia Predator Taper Cam Track Spring (PACTS),Drywall Finishing Tools > Columbia Taping Tools > Automatic Tapers,1
PAS07,1,0,0,existing,Columbia Predator Taper Pivot Assembly Small (PAS07),Drywall Finishing Tools > Columbia Taping Tools > Automatic Tapers,1
PAS80,1,0,0,existing,Columbia Predator Taper Pull Rod Assembly (PAS80),Drywall Finishing Tools > Columbia Taping Tools > Automatic Tapers,1
PASS9,1,0,0,existing,Columbia Predator Taper Spring Set (PASS9),Drywall Finishing Tools > Columbia Taping Tools > Automatic Tapers,1
PAZ49,1,0,0,existing,Columbia Predator Taper Zinc Pivot Pin (PAZ49),Drywall Finishing Tools > Columbia Taping Tools > Automatic Tapers,1
PAZ20,1,0,0,existing,Columbia Predator Taper Zinc Cam Roller (PAZ20),Drywall Finishing Tools > Columbia Taping Tools > Automatic Tapers,1
EA200,1,0,0,existing,Columbia Predator Taper External Adapter 200 (EA200),Drywall Finishing Tools > Columbia Taping Tools > Automatic Tapers,1
EA:CLS,1,0,0,existing,Columbia Predator Taper Cam Lock Sleeve (EA:CLS),Drywall Finishing Tools > Columbia Taping Tools > Automatic Tapers,1
ER2LT,1,0,0,existing,Columbia Predator Taper Tension Rod Left (ER2LT),Drywall Finishing Tools > Columbia Taping Tools > Automatic Tapers,1
FAJ144,1,0,0,existing,Columbia Predator Joint Fastener 14-4 (FAJ144),Drywall Finishing Tools > Columbia Taping Tools > Repair Kits & Parts,1
FAJ706,1,0,0,existing,Columbia Predator Joint Fastener 70-6 (FAJ706),Drywall Finishing Tools > Columbia Taping Tools > Repair Kits & Parts,1
FAS46,1,0,0,existing,Columbia Predator Taper 4-40 x 5/16 Set Screw (FAS46),Drywall Finishing Tools > Columbia Taping Tools > Repair Kits & Parts,1
LT54,1,0,0,existing,Columbia Predator Taper Titanium Pull Rod 54 (LT54),Drywall Finishing Tools > Columbia Taping Tools > Automatic Tapers,1
LT06,1,0,0,existing,Columbia Predator Taper Lightweight Frame Bracket (LT06),Drywall Finishing Tools > Columbia Taping Tools > Automatic Tapers,1
FX242,1,0,0,existing,Columbia Predator Taper Flex Connector (FX242),Drywall Finishing Tools > Columbia Taping Tools > Automatic Tapers,1
FR258,1,0,0,existing,Columbia Predator Taper Frame Reinforcement (FR258),Drywall Finishing Tools > Columbia Taping Tools > Automatic Tapers,1
FRZ13,1,0,0,existing,Columbia Predator Taper Zinc Frame Rivet (FRZ13),Drywall Finishing Tools > Columbia Taping Tools > Repair Kits & Parts,1
VAZ10,1,0,0,existing,Columbia Predator Taper Valve Assembly Zinc (VAZ10),Drywall Finishing Tools > Columbia Taping Tools > Automatic Tapers,1
FA20A,1,0,0,existing,Columbia 4-40 x 3/16 Flat Head Screw (FA20A),Drywall Finishing Tools > Columbia Taping Tools > Repair Kits & Parts,1
FA22K,1,0,0,existing,Columbia 4-40 Nyloc Nut (FA22K),Drywall Finishing Tools > Columbia Taping Tools > Repair Kits & Parts,1
FA227,1,0,0,existing,Columbia #6 Star Washer (FA227),Drywall Finishing Tools > Columbia Taping Tools > Repair Kits & Parts,1
FA27A,1,0,0,existing,Columbia 6-32 x 1/4 Pan Head Screw (FA27A),Drywall Finishing Tools > Columbia Taping Tools > Repair Kits & Parts,1
FA202,1,0,0,existing,"Columbia 1/16 x 1/2"" Split Pin (FA202)",Drywall Finishing Tools > Columbia Taping Tools > Repair Kits & Parts,1
FA242,1,0,0,existing,Columbia 6-32 x 3/8 Pan Head Screw (FA242),Drywall Finishing Tools > Columbia Taping Tools > Repair Kits & Parts,1
FA263,1,0,0,existing,Columbia 8-32 x 5/8 Flat Head Screw (FA263),Drywall Finishing Tools > Columbia Taping Tools > Repair Kits & Parts,1
FA309,1,0,0,existing,Columbia 5/16-18 x 1/2 Socket Head Screw (FA309),Drywall Finishing Tools > Columbia Taping Tools > Repair Kits & Parts,1
FA342,1,0,0,existing,Columbia 1/4-20 x 3/4 Hex Bolt (FA342),Drywall Finishing Tools > Columbia Taping Tools > Repair Kits & Parts,1
FA526,1,0,0,existing,Columbia 3/8-16 x 1 Hex Bolt (FA526),Drywall Finishing Tools > Columbia Taping Tools > Repair Kits & Parts,1
FA21A,1,0,0,existing,Columbia 4-40 x 1/4 Flat Head Screw (FA21A),Drywall Finishing Tools > Columbia Taping Tools > Repair Kits & Parts,1
FA21K,1,0,0,existing,Columbia 4-40 Lock Washer (FA21K),Drywall Finishing Tools > Columbia Taping Tools > Repair Kits & Parts,1
FFB4C,1,0,0,existing,"Columbia Flat Box Corner Blade Assembly 4"" (FFB4C)",Drywall Finishing Tools > Columbia Taping Tools > Finishing Boxes,1
FFB8,1,0,0,existing,"Columbia Flat Box Main Body 8"" (FFB8)",Drywall Finishing Tools > Columbia Taping Tools > Finishing Boxes,1
FFB12,1,0,0,existing,"Columbia Adjuster Dial Assembly 12"" (FFB12)",Drywall Finishing Tools > Columbia Taping Tools > Finishing Boxes,1
FFB35,1,0,0,existing,Columbia Flat Box Spring Assembly (FFB35),Drywall Finishing Tools > Columbia Taping Tools > Finishing Boxes,1
FFB37,1,0,0,existing,Columbia Flat Box Retaining Pin (FFB37),Drywall Finishing Tools > Columbia Taping Tools > Finishing Boxes,1
FFB38,1,0,0,existing,Columbia Flat Box Corner Plate (FFB38),Drywall Finishing Tools > Columbia Taping Tools > Finishing Boxes,1
FFB40-10,1,0,0,existing,"Columbia Flat Box Door Gasket 10"" (FFB40-10)",Drywall Finishing Tools > Columbia Taping Tools > Finishing Boxes,1
FFB41,1,0,0,existing,Columbia Flat Box Axle Assembly (FFB41),Drywall Finishing Tools > Columbia Taping Tools > Finishing Boxes,1
FFB44,1,0,0,existing,Columbia Flat Box Door Pivot Pin (FFB44),Drywall Finishing Tools > Columbia Taping Tools > Finishing Boxes,1
FFB SA,1,0,0,existing,Columbia Flat Box Side Arm Assembly (FFB SA),Drywall Finishing Tools > Columbia Taping Tools > Finishing Boxes,1
HP4,1,0,0,existing,Columbia Hot Mud Pump Piston Assembly (HP4),Drywall Finishing Tools > Columbia Taping Tools > Pumps & Accessories,1
HP48A,1,0,0,existing,Columbia Hot Mud Pump HP48 Body A (HP48A),Drywall Finishing Tools > Columbia Taping Tools > Pumps & Accessories,1
HP48B,1,0,0,existing,Columbia Hot Mud Pump HP48 Body B (HP48B),Drywall Finishing Tools > Columbia Taping Tools > Pumps & Accessories,1
HP48L,1,0,0,existing,Columbia Hot Mud Pump HP48 Long Body (HP48L),Drywall Finishing Tools > Columbia Taping Tools > Pumps & Accessories,1
HB48B,1,0,0,existing,Columbia Hot Mud Pump Handle B (HB48B),Drywall Finishing Tools > Columbia Taping Tools > Pumps & Accessories,1
MP7A,1,0,0,existing,Columbia Mud Pump Foot Valve A (MP7A),Drywall Finishing Tools > Columbia Taping Tools > Pumps & Accessories,1
MP7B,1,0,0,existing,Columbia Mud Pump O-Ring Retainer B (MP7B),Drywall Finishing Tools > Columbia Taping Tools > Pumps & Accessories,1
MP7C,1,0,0,existing,Columbia Mud Pump O-Ring Retainer C (replaces MP7D) (MP7C),Drywall Finishing Tools > Columbia Taping Tools > Pumps & Accessories,1
MP7E,1,0,0,existing,Columbia Mud Pump Foot Valve E (MP7E),Drywall Finishing Tools > Columbia Taping Tools > Pumps & Accessories,1
MP8A,1,0,0,existing,Columbia Mud Pump Valve Spring A (MP8A),Drywall Finishing Tools > Columbia Taping Tools > Pumps & Accessories,1
MP8B,1,0,0,existing,Columbia Mud Pump Valve Spring B (MP8B),Drywall Finishing Tools > Columbia Taping Tools > Pumps & Accessories,1
AB1,1,0,0,existing,Columbia Automatic Box Handle Body (AB1),Drywall Finishing Tools > Columbia Taping Tools > Handles & Extensions,1
AB3A LEFT,1,0,0,existing,Columbia Automatic Box End Plate Left (AB3A LEFT),Drywall Finishing Tools > Columbia Taping Tools > Handles & Extensions,1
AB3A RIGHT,1,0,0,existing,Columbia Automatic Box End Plate Right (AB3A RIGHT),Drywall Finishing Tools > Columbia Taping Tools > Handles & Extensions,1
AB50,1,0,0,existing,Columbia Automatic Box Pressure Spring (AB50),Drywall Finishing Tools > Columbia Taping Tools > Handles & Extensions,1
AB51,1,0,0,existing,Columbia Automatic Box Release Clip (AB51),Drywall Finishing Tools > Columbia Taping Tools > Handles & Extensions,1
AB52,1,0,0,existing,Columbia Automatic Box Thumb Valve Seat (AB52),Drywall Finishing Tools > Columbia Taping Tools > Handles & Extensions,1
AB54,1,0,0,existing,Columbia Automatic Box Air Valve Assembly (AB54),Drywall Finishing Tools > Columbia Taping Tools > Handles & Extensions,1
FG3A,1,0,0,existing,Columbia Flat Box Angle Guide 3A (FG3A),Drywall Finishing Tools > Columbia Taping Tools > Finishing Boxes,1
FG4-45,1,0,0,existing,"Columbia Flat Box 45 Degree Corner Guide 4"" (FG4-45)",Drywall Finishing Tools > Columbia Taping Tools > Finishing Boxes,1
CF15-3.5,1,0,0,existing,"Columbia Corner Flusher Tension Spring 15 x 3.5"" (CF15-3.5)",Drywall Finishing Tools > Columbia Taping Tools > Corner & Angle Tools,1
FA28,1,0,0,existing,Columbia #8 Lock Washer (FA28),Drywall Finishing Tools > Columbia Taping Tools > Repair Kits & Parts,1
FA260,1,0,0,existing,Columbia 8-32 x 3/4 Socket Head Screw (FA260),Drywall Finishing Tools > Columbia Taping Tools > Repair Kits & Parts,1
FA287,1,0,0,existing,Columbia 1/4 x 5/8 Split Pin (FA287),Drywall Finishing Tools > Columbia Taping Tools > Repair Kits & Parts,1
FA299,1,0,0,existing,Columbia 1/4-20 x 1-1/2 Hex Bolt (FA299),Drywall Finishing Tools > Columbia Taping Tools > Repair Kits & Parts,1
FA301,1,0,0,existing,Columbia 1/4-20 x 2-1/2 Hex Bolt (FA301),Drywall Finishing Tools > Columbia Taping Tools > Repair Kits & Parts,1
FA303,1,0,0,existing,Columbia 1/4-28 x 3/8 Set Screw (FA303),Drywall Finishing Tools > Columbia Taping Tools > Repair Kits & Parts,1
FA307,1,0,0,existing,Columbia 5/16-18 x 1-1/2 Hex Bolt (FA307),Drywall Finishing Tools > Columbia Taping Tools > Repair Kits & Parts,1
FA311,1,0,0,existing,Columbia 5/16-18 Hex Nut (FA311),Drywall Finishing Tools > Columbia Taping Tools > Repair Kits & Parts,1
FA313,1,0,0,existing,Columbia 5/16-18 Nyloc Jam Nut (FA313),Drywall Finishing Tools > Columbia Taping Tools > Repair Kits & Parts,1
FA317,1,0,0,existing,Columbia 5/16-18 x 5/8 Socket Head Screw (FA317),Drywall Finishing Tools > Columbia Taping Tools > Repair Kits & Parts,1
FA318,1,0,0,existing,Columbia 3/8-16 x 1-1/4 Hex Bolt (FA318),Drywall Finishing Tools > Columbia Taping Tools > Repair Kits & Parts,1
FA319,1,0,0,existing,Columbia 3/8-16 Hex Nut (FA319),Drywall Finishing Tools > Columbia Taping Tools > Repair Kits & Parts,1
FA321,1,0,0,existing,Columbia 3/8-16 x 3/4 Socket Head Screw (FA321),Drywall Finishing Tools > Columbia Taping Tools > Repair Kits & Parts,1
FA325,1,0,0,existing,Columbia 3/8-16 x 1-1/2 Socket Head Screw (FA325),Drywall Finishing Tools > Columbia Taping Tools > Repair Kits & Parts,1
FA328,1,0,0,existing,Columbia 3/8 Flat Washer (FA328),Drywall Finishing Tools > Columbia Taping Tools > Repair Kits & Parts,1
FA337,1,0,0,existing,Columbia 1/4-20 x 5/8 Flat Socket Head (FA337),Drywall Finishing Tools > Columbia Taping Tools > Repair Kits & Parts,1
FA340,1,0,0,existing,Columbia 1/4-20 x 1-1/4 Socket Head (FA340),Drywall Finishing Tools > Columbia Taping Tools > Repair Kits & Parts,1
FA341,1,0,0,existing,Columbia 1/4-20 x 1-3/4 Hex Bolt (FA341),Drywall Finishing Tools > Columbia Taping Tools > Repair Kits & Parts,1
FA345,1,0,0,existing,Columbia 1/4 x 1/4 Roll Pin (FA345),Drywall Finishing Tools > Columbia Taping Tools > Repair Kits & Parts,1
FA346,1,0,0,existing,Columbia 1/4 Star Washer (FA346),Drywall Finishing Tools > Columbia Taping Tools > Repair Kits & Parts,1
FA350,1,0,0,existing,Columbia 5/16-18 x 7/8 Socket Head Screw (FA350),Drywall Finishing Tools > Columbia Taping Tools > Repair Kits & Parts,1
FA355,1,0,0,existing,Columbia 3/8-16 x 5/8 Flat Head Screw (FA355),Drywall Finishing Tools > Columbia Taping Tools > Repair Kits & Parts,1
FA358,1,0,0,existing,Columbia 3/8-16 Nyloc Nut (FA358),Drywall Finishing Tools > Columbia Taping Tools > Repair Kits & Parts,1
FA359,1,0,0,existing,Columbia 3/8 x 1/2 Roll Pin (FA359),Drywall Finishing Tools > Columbia Taping Tools > Repair Kits & Parts,1
FA360,1,0,0,existing,Columbia 3/8 Lock Washer (FA360),Drywall Finishing Tools > Columbia Taping Tools > Repair Kits & Parts,1
FA371,1,0,0,existing,Columbia 10-24 x 7/8 Hex Bolt (FA371),Drywall Finishing Tools > Columbia Taping Tools > Repair Kits & Parts,1
FA375,1,0,0,existing,Columbia 10-32 x 3/8 Flat Head Screw (FA375),Drywall Finishing Tools > Columbia Taping Tools > Repair Kits & Parts,1
FA376,1,0,0,existing,Columbia 6-32 x 5/8 Socket Head Screw (FA376),Drywall Finishing Tools > Columbia Taping Tools > Repair Kits & Parts,1
FA383,1,0,0,existing,Columbia 1/4-20 x 3/8 Flat Head Screw (FA383),Drywall Finishing Tools > Columbia Taping Tools > Repair Kits & Parts,1
FA390,1,0,0,existing,Columbia 6-32 x 7/8 Pan Head Screw (FA390),Drywall Finishing Tools > Columbia Taping Tools > Repair Kits & Parts,1
FA391,1,0,0,existing,Columbia 6-32 x 1 Pan Head Screw (FA391),Drywall Finishing Tools > Columbia Taping Tools > Repair Kits & Parts,1
FA392,1,0,0,existing,Columbia 6-32 x 1-1/4 Pan Head Screw (FA392),Drywall Finishing Tools > Columbia Taping Tools > Repair Kits & Parts,1
FA393,1,0,0,existing,Columbia 6-32 x 1-1/2 Pan Head Screw (FA393),Drywall Finishing Tools > Columbia Taping Tools > Repair Kits & Parts,1
FFB 16A,1,0,0,existing,Columbia Flat Box Handle Bracket 16A (FFB 16A),Drywall Finishing Tools > Columbia Taping Tools > Finishing Boxes,1
FFB 2S-10,1,0,0,existing,"Columbia Flat Box Side Plate 10"" Short (FFB 2S-10)",Drywall Finishing Tools > Columbia Taping Tools > Finishing Boxes,1
FFB 42,1,0,0,existing,Columbia Flat Box Door Pivot (FFB 42),Drywall Finishing Tools > Columbia Taping Tools > Finishing Boxes,1
FFB10-10,1,0,0,existing,"Columbia Flat Box Side Cover 10"" (FFB10-10)",Drywall Finishing Tools > Columbia Taping Tools > Finishing Boxes,1
FFB11-10,1,0,0,existing,"Columbia Flat Box Adjustment Screw 10"" (FFB11-10)",Drywall Finishing Tools > Columbia Taping Tools > Finishing Boxes,1
FFB1A,1,0,0,existing,Columbia Nail Spotter Flat Plate 1A (FFB1A),Drywall Finishing Tools > Columbia Taping Tools > Spotters,1
FFB1B,1,0,0,existing,Columbia Flat Box Body 1B (FFB1B),Drywall Finishing Tools > Columbia Taping Tools > Finishing Boxes,1
FFB24-10,1,0,0,existing,"Columbia Flat Box Wheel Axle 24"" 10"" (FFB24-10)",Drywall Finishing Tools > Columbia Taping Tools > Finishing Boxes,1
10FFBA,0,0,1,added,Columbia 10&#34; Automatic Flat Box,Drywall Finishing Tools > Columbia Taping Tools > Finishing Boxes,1
12FFBA,0,0,1,added,Columbia 12&#34; Automatic Flat Box,Drywall Finishing Tools > Columbia Taping Tools > Finishing Boxes,1
12ITFB,0,0,1,added,Columbia 12&#34; Inside Track Fat Boy Flat Box,Drywall Finishing Tools > Columbia Taping Tools > Finishing Boxes,1
25AH,0,0,1,added,Columbia 2.5″ Anglehead,Drywall Finishing Tools > Columbia Taping Tools > Corner & Angle Tools,1
25CSF,0,0,1,added,Columbia 2.5&#34; Combo Flusher,Drywall Finishing Tools > Columbia Taping Tools > Corner & Angle Tools,1
25DF,0,0,1,added,Columbia 2.5&#34; Direct Corner Flusher,Drywall Finishing Tools > Columbia Taping Tools > Corner & Angle Tools,1
25SF,0,0,1,added,Columbia 2.5&#34; Standard Corner Flusher,Drywall Finishing Tools > Columbia Taping Tools > Corner & Angle Tools,1
35AH,0,0,1,added,Columbia 3.5″ Anglehead,Drywall Finishing Tools > Columbia Taping Tools > Corner & Angle Tools,1
35CSF,0,0,1,added,Columbia 3.5&#34; Combo Flusher,Drywall Finishing Tools > Columbia Taping Tools > Corner & Angle Tools,1
35DF,0,0,1,added,Columbia 3.5&#34; Direct Corner Flusher,Drywall Finishing Tools > Columbia Taping Tools > Corner & Angle Tools,1
35SF,0,0,1,added,Columbia 3.5&#34; Standard Corner Flusher,Drywall Finishing Tools > Columbia Taping Tools > Corner & Angle Tools,1
55FFB,0,0,1,added,Columbia 5.5&#34; Flat Finishing Box,Drywall Finishing Tools > Columbia Taping Tools > Finishing Boxes,1
8FFBA,0,0,1,added,Columbia 8&#34; Automatic Assist Drywall Flat Box,Drywall Finishing Tools > Columbia Taping Tools > Finishing Boxes,0
AH325,0,0,1,added,Columbia 2.5&#34; Angle Head Carbide Blade,Drywall Finishing Tools > Columbia Taping Tools > Corner & Angle Tools,1
AH335,0,0,1,added,Columbia 3.5&#34; Angle Head Carbide Blade,Drywall Finishing Tools > Columbia Taping Tools > Corner & Angle Tools,1
AH725,0,0,1,added,Columbia 2.5&#34; Angle Head Frame Tension Spring,Drywall Finishing Tools > Columbia Taping Tools > Corner & Angle Tools,1
AH735,0,0,1,added,Columbia 3.5&#34; Angle Head Frame Tension Spring,Drywall Finishing Tools > Columbia Taping Tools > Corner & Angle Tools,1
AHRBK2,0,0,1,added,Columbia 2&#34; Anglehead Blade Maintenance Kit,Drywall Finishing Tools > Columbia Taping Tools > Corner & Angle Tools,1
AHRBK3,0,0,1,added,Columbia 3&#34; Anglehead Blade Maintenance Kit,Drywall Finishing Tools > Columbia Taping Tools > Corner & Angle Tools,1
ANGLEHEADMAINTENANCEKITS,0,1,0,added,Anglehead Maintenance Kits,Drywall Finishing Tools > Columbia Taping Tools > Repair Kits & Parts,1
AUTOMATICFLATBOXES,0,1,0,added,Automatic Flat Boxes,Drywall Finishing Tools > Columbia Taping Tools > Finishing Boxes,1
AUTOMATICTAPERMAINTENANCEKITS,0,1,0,added,Automatic Taper Maintenance Kits,Drywall Finishing Tools > Columbia Taping Tools > Repair Kits & Parts,1
BH1,0,0,1,added,Columbia Mounting Plate (180 Grip),Drywall Finishing Tools > Columbia Taping Tools > Finishing Boxes,1
C1HS,0,1,0,added,Columbia One – C1HS,Drywall Finishing Tools > Columbia Taping Tools > Handles & Extensions,1
CLOSETMONSTERFLATBOXHANDLE,0,1,0,added,Closet Monster Flat Box Handle,Drywall Finishing Tools > Columbia Taping Tools > Handles & Extensions,1
CLT,0,1,0,added,Cam Lock Tube,Drywall Finishing Tools > Columbia Taping Tools > Pumps & Accessories,1
CMT,0,1,0,added,Compound Tubes,Drywall Finishing Tools > Columbia Taping Tools > Pumps & Accessories,1
CMT55,0,1,1,added,Columbia 55&#34; Compound Mud Tube,Drywall Finishing Tools > Columbia Taping Tools > Finishing Boxes,1
COBCRE,0,1,0,added,European/Micro Outside Corner Roller,Drywall Finishing Tools > Columbia Taping Tools > Corner & Angle Tools,1
COLUMBIAMUDPANS3,0,1,0,added,Trowels,Drywall Finishing Tools > Columbia Taping Tools > Repair Kits & Parts,1
COMBOFLUSHER,0,1,0,added,Combo Flusher,Drywall Finishing Tools > Columbia Taping Tools > Corner & Angle Tools,1
CORNERROLLERMAINTENANCEKITS,0,1,0,added,Corner Roller Maintenance Kits,Drywall Finishing Tools > Columbia Taping Tools > Repair Kits & Parts,1
CSH,0,1,0,added,Sander Head – CSH,Drywall Finishing Tools > Columbia Taping Tools > Repair Kits & Parts,1
CTA99,0,0,1,added,Columbia Removable Cover Plate Pin,Drywall Finishing Tools > Columbia Taping Tools > Finishing Boxes,1
CTK10,0,0,1,added,Columbia 10&#34; Stainless Steel Comfort Grip Taping Knife,Drywall Finishing Tools > Columbia Taping Tools > Repair Kits & Parts,1
CTK14,0,0,1,added,Columbia 14&#34; Stainless Steel Comfort Grip Taping Knife,Drywall Finishing Tools > Columbia Taping Tools > Repair Kits & Parts,1
CTR42A,0,0,1,added,Columbia Taper Blades Maintenance Kit,Drywall Finishing Tools > Columbia Taping Tools > Repair Kits & Parts,1
CTR72,0,0,1,added,Columbia Taper Cables Kit-3 per pack,Drywall Finishing Tools > Columbia Taping Tools > Finishing Boxes,1
DIRECTCORNERFLUSHER,0,1,0,added,Direct Corner Flusher,Drywall Finishing Tools > Columbia Taping Tools > Corner & Angle Tools,1
FATBOYBOXES,0,1,0,added,Fat Boy Boxes,Drywall Finishing Tools > Columbia Taping Tools > Finishing Boxes,1
FATBOYSMOOTHINGBLADES,0,1,0,added,Fat Boy Smoothing Blades,Drywall Finishing Tools > Columbia Taping Tools > Repair Kits & Parts,1
FINISHINGBOXMAINTENANCEKITS,0,1,0,added,Finishing Box Maintenance Kits,Drywall Finishing Tools > Columbia Taping Tools > Repair Kits & Parts,1
FINISHINGHAWKS,0,1,0,added,Finishing Hawks,Drywall Finishing Tools > Columbia Taping Tools > Repair Kits & Parts,1
FLATBOXES,0,1,0,added,Flat Boxes,Drywall Finishing Tools > Columbia Taping Tools > Finishing Boxes,1
FLATBOXHANDLE,0,1,0,added,Flat Box Handle,Drywall Finishing Tools > Columbia Taping Tools > Handles & Extensions,1
GN,0,1,1,added,Columbia Gooseneck,Drywall Finishing Tools > Columbia Taping Tools > Finishing Boxes,1
HANDLEMAINTENANCEKITS,0,1,0,added,Handle Maintenance Kits,Drywall Finishing Tools > Columbia Taping Tools > Repair Kits & Parts,1
ICA,0,1,0,added,Inside Corner Applicator,Drywall Finishing Tools > Columbia Taping Tools > Pumps & Accessories,1
ITC-K,0,1,0,added,Inside Track Conversion Kits,Drywall Finishing Tools > Columbia Taping Tools > Finishing Boxes,1
MUDPANS,0,1,0,added,Mud Pans,Drywall Finishing Tools > Columbia Taping Tools > Repair Kits & Parts,1
MUDPUMPMAINTENANCEKIT,0,1,0,added,Mud Pump Maintenance Kit,Drywall Finishing Tools > Columbia Taping Tools > Repair Kits & Parts,1
NAILSPOTTERMAINTENANCEKITS,0,1,0,added,Nailspotter Maintenance Kits,Drywall Finishing Tools > Columbia Taping Tools > Repair Kits & Parts,1
ONEPIECEPUTTYKNIVESCOPY,0,1,0,added,Taping Knives,Drywall Finishing Tools > Columbia Taping Tools > Repair Kits & Parts,1
OUTSIDE90GROOVEDMUDHEADS,0,1,0,added,Outside 90 Grooved Mud Heads,Drywall Finishing Tools > Columbia Taping Tools > Pumps & Accessories,1
PC1H,0,0,1,added,Columbia Predator One Handle,Drywall Finishing Tools > Columbia Taping Tools > Handles & Extensions,1
PC1HEXT,0,0,1,added,Columbia 3-5&#39; Predator One  Extendable Handle,Drywall Finishing Tools > Columbia Taping Tools > Handles & Extensions,1
PCLT42,0,0,1,added,Columbia 42&#34; Predator Cam Lock Tube,Drywall Finishing Tools > Columbia Taping Tools > Finishing Boxes,1
PCMT42,0,0,1,added,Columbia 42&#34; Predator Compound Tube,Drywall Finishing Tools > Columbia Taping Tools > Pumps & Accessories,1
PHA,0,0,1,added,Columbia Aluminum Coarse Thread Adapter,Drywall Finishing Tools > Columbia Taping Tools > Finishing Boxes,1
PHMP,0,0,1,added,Columbia Predator Hot Mud Pump,Drywall Finishing Tools > Columbia Taping Tools > Pumps & Accessories,1
PMHL,0,0,1,added,Columbia 56&#34;-76&#34; Predator Matrix Box Handle,Drywall Finishing Tools > Columbia Taping Tools > Handles & Extensions,1
PMHS,0,0,1,added,Columbia 29&#34;-39&#34; Predator Matrix Box Handle,Drywall Finishing Tools > Columbia Taping Tools > Handles & Extensions,1
PUTTYKNIVES,0,1,0,added,Putty Knives,Drywall Finishing Tools > Columbia Taping Tools > Repair Kits & Parts,1
RC,0,1,1,added,Columbia Road Case,Drywall Finishing Tools > Columbia Taping Tools > Finishing Boxes,1
SBC,0,0,1,added,Columbia Sabre Smoothing Blade Claw Adapter,Drywall Finishing Tools > Columbia Taping Tools > Repair Kits & Parts,1
SSB-SIZE,0,1,0,added,Sabre Smoothing Blades,Drywall Finishing Tools > Columbia Taping Tools > Repair Kits & Parts,1
STANDARDCORNERFLUSHER,0,1,0,added,Standard Corner Flusher,Drywall Finishing Tools > Columbia Taping Tools > Corner & Angle Tools,1
TBBF,0,1,1,added,Columbia Tall Boy Box Filler,Drywall Finishing Tools > Columbia Taping Tools > Finishing Boxes,1
TBPTAPER,0,0,1,added,Columbia Tall Boy Predator Automatic Taper,Drywall Finishing Tools > Columbia Taping Tools > Automatic Tapers,1
TCS,0,1,1,added,Columbia Semi Automatic Tool Case,Drywall Finishing Tools > Columbia Taping Tools > Repair Kits & Parts,1
THREEWAYKNIVESCOPY,0,1,0,added,Bucket Scoops,Drywall Finishing Tools > Columbia Taping Tools > Repair Kits & Parts,1
TL38,0,1,1,added,Columbia Twist Lock Extendable Handle 3&#39; - 8&#39;,Drywall Finishing Tools > Columbia Taping Tools > Handles & Extensions,1
TSB-SIZE,0,1,0,added,Tomahawk Smoothing Blades,Drywall Finishing Tools > Columbia Taping Tools > Repair Kits & Parts,1
